u,v,key,name,highway,lanes,length_m,flow_pcu_hr,capacity_pcu_hr,vc_ratio,t0_s,time_s,n_stopped
12432945774,13734361088,0,Western Express Highway,trunk,2,268.4,6310.6,3230.0,1.954,16.1,51.3,0
1651800604,12432945774,0,Western Express Highway,trunk,2,96.5,6310.6,3230.0,1.954,5.8,18.4,0
2250992777,1651800604,0,Western Express Highway,trunk,2,346.2,6310.6,3230.0,1.954,20.8,66.2,0
10211936520,1318654999,0,,trunk_link,1,214.7,2700.3,1615.0,1.672,12.9,28.0,0
986518075,13877132374,0,Western Express Highway,trunk,2,138.8,5331.4,3230.0,1.651,8.3,17.6,0
13619939784,2897024523,0,Avenue 3,secondary,2,18.5,4181.7,2550.0,1.64,1.5,3.1,0
13877132374,1375215424,0,Western Express Highway,trunk,2,1242.8,4991.2,3230.0,1.545,74.6,138.3,0
1375215424,2250992777,0,Western Express Highway,trunk,2,304.1,4991.2,3230.0,1.545,18.2,33.9,0
10264514244,3795055145,0,Swami Vivekanand Road,primary,2,79.7,4672.3,3060.0,1.527,5.2,9.5,0
7398222695,10264514244,0,Swami Vivekanand Road,primary,2,103.6,4672.3,3060.0,1.527,6.8,12.3,0
3795055145,7398169361,0,Swami Vivekanand Road,primary,2,56.4,4672.3,3060.0,1.527,3.7,6.7,0
13855971681,7398169348,0,Swami Vivekanand Road,primary,2,31.6,4435.8,3060.0,1.45,2.1,3.4,0
7398169374,7398169375,0,Swami Vivekanand Road,primary,2,18.4,4435.8,3060.0,1.45,1.2,2.0,0
7398169361,7398169365,0,Swami Vivekanand Road,primary,2,162.5,4435.8,3060.0,1.45,10.6,17.7,0
7398169353,7398169374,0,Swami Vivekanand Road,primary,2,90.0,4435.8,3060.0,1.45,5.9,9.8,0
5938773180,5938773175,0,Swami Vivekanand Road,primary,2,51.7,4435.8,3060.0,1.45,3.4,5.6,0
13366777569,13695160569,0,Swami Vivekanand Road,primary,2,48.7,4435.8,3060.0,1.45,3.2,5.3,0
13352597190,13366777569,0,Swami Vivekanand Road,primary,2,34.7,4435.8,3060.0,1.45,2.3,3.8,0
7398169348,11027755171,0,Swami Vivekanand Road,primary,2,7.9,4435.8,3060.0,1.45,0.5,0.9,0
7398169377,627835045,0,Swami Vivekanand Road,primary,2,233.0,4435.8,3060.0,1.45,15.3,25.4,0
7398169376,7398169377,0,Swami Vivekanand Road,primary,2,27.9,4435.8,3060.0,1.45,1.8,3.0,0
13695160569,13858674670,0,Swami Vivekanand Road,primary,2,96.3,4435.8,3060.0,1.45,6.3,10.5,0
7398169375,7398169376,0,Swami Vivekanand Road,primary,2,18.5,4435.8,3060.0,1.45,1.2,2.0,0
7398222686,7398222687,0,Swami Vivekanand Road,primary,2,14.9,4435.8,3060.0,1.45,1.0,1.6,0
9198559600,7398169353,0,Swami Vivekanand Road,primary,2,55.2,4435.8,3060.0,1.45,3.6,6.0,0
7398222687,13855971681,0,Swami Vivekanand Road,primary,2,98.5,4435.8,3060.0,1.45,6.4,10.7,0
7398169370,9198559600,0,Swami Vivekanand Road,primary,2,259.9,4435.8,3060.0,1.45,17.0,28.3,0
11027755171,5938773180,0,Swami Vivekanand Road,primary,2,59.7,4435.8,3060.0,1.45,3.9,6.5,0
7398169365,13352597190,0,Swami Vivekanand Road,primary,2,46.5,4435.8,3060.0,1.45,3.0,5.1,0
13858674670,7398169370,0,Swami Vivekanand Road,primary,2,95.8,4435.8,3060.0,1.45,6.3,10.4,0
627835045,7398222686,0,Swami Vivekanand Road,primary,2,253.7,4435.8,3060.0,1.45,16.6,27.6,0
245664830,245664760,0,Sion Bandra Link Road,primary,2,86.9,4181.7,3060.0,1.367,5.7,8.7,0
1647344940,10134735416,0,Sion Bandra Link Road,primary,2,34.1,4181.7,3060.0,1.367,2.2,3.4,0
10134735416,245664830,0,Sion Bandra Link Road,primary,2,17.9,4181.7,3060.0,1.367,1.2,1.8,0
13617732052,13617732049,0,,primary_link,2,23.5,4181.7,3060.0,1.367,1.5,2.3,0
2249326297,986518122,0,service Rd,secondary,1,55.9,1730.7,1275.0,1.357,4.5,6.7,0
986518122,985103863,0,Service Rd,secondary,1,405.4,1730.7,1275.0,1.357,32.4,48.9,0
1906829046,1906829003,0,Western Express Highway,trunk,3,758.1,6310.6,4845.0,1.302,45.5,65.1,0
13734361088,13734361086,0,Western Express Highway,trunk,3,126.1,6310.6,4845.0,1.302,7.6,10.8,0
1906829003,1906828922,0,Andheri Flyover,trunk,3,1595.5,6310.6,4845.0,1.302,95.7,137.1,0
13734361086,1906829046,0,Western Express Highway,trunk,3,89.3,6310.6,4845.0,1.302,5.4,7.7,0
2250795814,2250795799,0,,motorway_link,1,73.5,2169.6,1700.0,1.276,3.3,4.6,0
1154003520,1154003530,0,,motorway_link,1,265.2,2169.6,1700.0,1.276,11.9,16.7,0
10595428375,2250795814,0,,motorway_link,1,37.1,2169.6,1700.0,1.276,1.7,2.3,0
2250795799,1647344940,0,,motorway_link,1,50.2,2169.6,1700.0,1.276,2.3,3.2,0
1154003530,10595428375,0,,motorway_link,1,7.8,2169.6,1700.0,1.276,0.4,0.5,0
2647317724,2250992727,0,Western Express Highway,motorway,3,154.6,6348.0,5100.0,1.245,7.0,9.5,0
2250992735,2647317724,0,Western Express Highway,motorway,3,300.8,6310.6,5100.0,1.237,13.5,18.3,0
1906828922,2250992735,0,Western Express Highway,motorway,3,324.8,6310.6,5100.0,1.237,14.6,19.8,0
2249326297,2250992804,0,Aarey Flyover,trunk,2,1177.3,3957.0,3230.0,1.225,70.6,94.5,0
2250992800,986518075,0,Western Express Highway,trunk,2,660.3,3957.0,3230.0,1.225,39.6,53.0,0
2250992804,2250992800,0,Western Express Highway,trunk,2,432.3,3957.0,3230.0,1.225,25.9,34.7,0
13732603780,10211936519,0,,trunk_link,1,200.5,1925.3,1615.0,1.192,12.0,15.7,0
1647344945,10281883195,0,Sion Bandra Link Road,motorway_link,1,10.7,2012.1,1700.0,1.184,0.5,0.6,0
10281883195,6133891680,0,Sion Bandra Link Road,motorway_link,1,7.4,2012.1,1700.0,1.184,0.3,0.4,0
2250795748,1647344945,0,Sion Bandra Link Road,motorway_link,1,206.2,2012.1,1700.0,1.184,9.3,12.0,0
12435185075,2250795748,0,Sion Bandra Link Road,motorway_link,1,20.6,2012.1,1700.0,1.184,0.9,1.2,0
1318654999,2249326297,0,Western Express Highway,trunk,3,144.3,5687.7,4845.0,1.174,8.7,11.1,0
13872349168,10242020519,0,Swami Vivekanand Road,primary,2,16.4,3549.5,3060.0,1.16,1.1,1.4,0
1936499748,1936499746,0,Swami Vivekanand Road,primary,2,163.1,3549.5,3060.0,1.16,10.7,13.6,0
6431258653,12293476237,0,Swami Vivekanand Road,primary,2,94.0,3549.5,3060.0,1.16,6.2,7.8,0
1936499776,7374583161,0,Swami Vivekanand Road,primary,2,143.2,3549.5,3060.0,1.16,9.4,11.9,0
5938773175,1936499784,0,Swami Vivekanand Road,primary,2,14.0,3549.5,3060.0,1.16,0.9,1.2,0
2622692775,6431258653,0,Swami Vivekanand Road,primary,2,138.1,3549.5,3060.0,1.16,9.0,11.5,0
1936499771,1936499752,0,Swami Vivekanand Road,primary,2,186.1,3549.5,3060.0,1.16,12.2,15.5,0
10242020519,1936499717,0,Swami Vivekanand Road,primary,2,131.5,3549.5,3060.0,1.16,8.6,10.9,0
1936499746,1936499738,0,Swami Vivekanand Road,primary,2,132.5,3549.5,3060.0,1.16,8.7,11.0,0
7394181671,1936499732,0,Swami Vivekanand Road,primary,2,111.7,3549.5,3060.0,1.16,7.3,9.3,0
1368753125,13872349168,0,Swami Vivekanand Road,primary,2,152.2,3549.5,3060.0,1.16,10.0,12.7,0
12293476237,1936499722,0,Swami Vivekanand Road,primary,2,9.1,3549.5,3060.0,1.16,0.6,0.8,0
1936499778,1936499776,0,Swami Vivekanand Road,primary,2,105.1,3549.5,3060.0,1.16,6.9,8.7,0
1936499722,1936499721,0,Swami Vivekanand Road,primary,2,43.3,3549.5,3060.0,1.16,2.8,3.6,0
4700518392,1368753125,0,Swami Vivekanand Road,primary,2,105.5,3549.5,3060.0,1.16,6.9,8.8,0
11715958043,1936499726,0,Swami Vivekanand Road,primary,2,78.0,3549.5,3060.0,1.16,5.1,6.5,0
1936499732,11715958043,0,Swami Vivekanand Road,primary,2,7.1,3549.5,3060.0,1.16,0.5,0.6,0
10960996713,4700518392,0,Swami Vivekanand Road,primary,2,109.4,3549.5,3060.0,1.16,7.2,9.1,0
1936499752,1936499748,0,Swami Vivekanand Road,primary,2,217.9,3549.5,3060.0,1.16,14.3,18.1,0
1936499721,10960996713,0,Swami Vivekanand Road,primary,2,5.7,3549.5,3060.0,1.16,0.4,0.5,0
7374583161,1936499771,0,Swami Vivekanand Road,primary,2,45.5,3549.5,3060.0,1.16,3.0,3.8,0
1936499726,2622692775,0,Swami Vivekanand Road,primary,2,27.3,3549.5,3060.0,1.16,1.8,2.3,0
1936499738,7394181671,0,Swami Vivekanand Road,primary,2,8.4,3549.5,3060.0,1.16,0.6,0.7,0
1936499780,1936499778,0,Swami Vivekanand Road,primary,2,90.6,3549.5,3060.0,1.16,5.9,7.5,0
1936499717,13870620098,0,Swami Vivekanand Road,primary,2,217.4,3549.5,3060.0,1.16,14.2,18.1,0
1936499784,1936499780,0,Swami Vivekanand Road,primary,2,22.9,3549.5,3060.0,1.16,1.5,1.9,0
7398222708,7398222695,0,Swami Vivekanand Road,primary,2,49.9,3383.1,3060.0,1.106,3.3,4.0,0
7398222703,7398222708,0,Swami Vivekanand Road,primary,2,11.7,3383.1,3060.0,1.106,0.8,0.9,0
7378983382,2614720126,0,Swami Vivekanand Road,primary,2,270.7,3328.6,3060.0,1.088,17.7,21.4,0
7378436342,627838051,0,Swami Vivekanand Road,primary,2,6.2,3328.6,3060.0,1.088,0.4,0.5,0
1186904910,1186904908,0,Swami Vivekanand Road,primary,2,120.1,3328.6,3060.0,1.088,7.9,9.5,0
2614720126,1186904910,0,Swami Vivekanand Road,primary,2,162.0,3328.6,3060.0,1.088,10.6,12.8,0
1186904908,7378436342,0,Swami Vivekanand Road,primary,2,148.1,3328.6,3060.0,1.088,9.7,11.7,0
13887009312,6430474708,0,,trunk_link,1,181.4,1749.1,1615.0,1.083,10.9,13.1,0
5348834828,593054877,0,Service road,primary,2,214.8,3296.4,3060.0,1.077,14.1,16.9,0
985092027,985103914,0,,secondary,1,52.3,1366.7,1275.0,1.072,4.2,5.0,0
985103914,12558334192,0,,secondary,1,249.3,1366.7,1275.0,1.072,19.9,23.9,0
13523657583,1936355491,0,Swami Vivekanand Road,primary,2,29.0,3194.1,3060.0,1.044,1.9,2.2,0
1936355548,3001016671,0,Swami Vivekanand Road,primary,2,89.0,3194.1,3060.0,1.044,5.8,6.9,0
3001016671,1936355538,0,Swami Vivekanand Road,primary,2,271.2,3194.1,3060.0,1.044,17.8,20.9,0
1936355524,6598130894,0,Swami Vivekanand Road,primary,2,300.1,3194.1,3060.0,1.044,19.6,23.1,0
1936355538,1936355537,0,Swami Vivekanand Road,primary,2,85.5,3194.1,3060.0,1.044,5.6,6.6,0
7384983355,13523657583,0,Swami Vivekanand Road,primary,2,76.2,3194.1,3060.0,1.044,5.0,5.9,0
1936355491,1936355487,0,Swami Vivekanand Road,primary,2,36.3,3194.1,3060.0,1.044,2.4,2.8,0
1936355537,6430487997,0,Swami Vivekanand Road,primary,2,287.6,3194.1,3060.0,1.044,18.8,22.2,0
6430487997,1936355524,0,Swami Vivekanand Road,primary,2,79.8,3194.1,3060.0,1.044,5.2,6.2,0
6598130894,7384983355,0,Swami Vivekanand Road,primary,2,69.3,3194.1,3060.0,1.044,4.5,5.3,0
7398222691,10687992548,0,Swami Vivekanand Road,primary,2,13.1,3162.3,3060.0,1.033,0.9,1.0,0
7392412412,7392412407,0,Swami Vivekanand Road,primary,2,242.5,3162.3,3060.0,1.033,15.9,18.6,0
7397336334,7392412418,0,Swami Vivekanand Road,primary,2,35.9,3162.3,3060.0,1.033,2.4,2.8,0
7392412399,11033780584,0,Swami Vivekanand Road,primary,2,56.1,3162.3,3060.0,1.033,3.7,4.3,0
7392412410,7392412412,0,Swami Vivekanand Road,primary,2,47.3,3162.3,3060.0,1.033,3.1,3.6,0
13649362627,10277339582,0,Swami Vivekanand Road,primary,2,7.2,3162.3,3060.0,1.033,0.5,0.6,0
7392412406,7392412398,0,Swami Vivekanand Road,primary,2,51.0,3162.3,3060.0,1.033,3.3,3.9,0
7392412407,7392412417,0,Swami Vivekanand Road,primary,2,38.2,3162.3,3060.0,1.033,2.5,2.9,0
7392412398,7392412399,0,Swami Vivekanand Road,primary,2,85.5,3162.3,3060.0,1.033,5.6,6.6,0
10277339582,7392412410,0,Swami Vivekanand Road,primary,2,211.0,3162.3,3060.0,1.033,13.8,16.2,0
7392412404,7392412426,0,Swami Vivekanand Road,primary,2,105.6,3162.3,3060.0,1.033,6.9,8.1,0
10687992548,7398222703,0,Swami Vivekanand Road,primary,2,12.2,3162.3,3060.0,1.033,0.8,0.9,0
11033780584,7392412404,0,Swami Vivekanand Road,primary,2,30.6,3162.3,3060.0,1.033,2.0,2.3,0
7392412417,7397336334,0,Swami Vivekanand Road,primary,2,5.6,3162.3,3060.0,1.033,0.4,0.4,0
7392412418,7392412419,0,Swami Vivekanand Road,primary,2,18.3,3162.3,3060.0,1.033,1.2,1.4,0
627838051,13649362627,0,Swami Vivekanand Road,primary,2,119.0,3162.3,3060.0,1.033,7.8,9.1,0
7392412422,7392412406,0,Swami Vivekanand Road,primary,2,130.5,3162.3,3060.0,1.033,8.5,10.0,0
7392412419,7392412422,0,Swami Vivekanand Road,primary,2,144.3,3162.3,3060.0,1.033,9.4,11.1,0
7392412426,7398222691,0,Swami Vivekanand Road,primary,2,92.2,3162.3,3060.0,1.033,6.0,7.1,0
10564469938,1178672931,0,,trunk_link,1,16.0,1657.0,1615.0,1.026,1.0,1.1,0
9115710879,245681971,0,Lokmanya Tilak Road,secondary,2,11.1,2410.2,2550.0,0.945,0.9,1.0,0
2250992819,1318654999,0,Dindoshi flyover,trunk,2,590.0,2987.4,3230.0,0.925,35.4,39.3,0
2249302241,1177128691,0,Times of India Flyover,trunk,2,497.1,2987.4,3230.0,0.925,27.5,30.6,0
2897024519,13629018030,0,Bandra Kurla Complex Road,primary,3,320.0,4181.7,4590.0,0.911,20.9,23.1,0
13369398580,13617732052,0,Bandra Kurla Complex Road,primary,3,612.6,4181.7,4590.0,0.911,40.1,44.2,0
296857831,2897024519,0,Bandra Kurla Complex Road,primary,3,49.6,4181.7,4590.0,0.911,3.2,3.6,0
13617550922,11271580571,0,Bandra Kurla Complex Road,primary,3,294.4,4181.7,4590.0,0.911,19.3,21.3,0
11271580571,10091403659,0,Bandra Kurla Complex Road,primary,3,6.7,4181.7,4590.0,0.911,0.4,0.5,0
13629018030,13369398580,0,Bandra Kurla Complex Road,primary,3,8.3,4181.7,4590.0,0.911,0.5,0.6,0
245665650,13617550922,0,Bandra Kurla Complex Road,primary,3,11.7,4181.7,4590.0,0.911,0.8,0.8,0
296853793,13619939784,0,Bandra Kurla Complex Road,primary,3,6.9,4181.7,4590.0,0.911,0.4,0.5,0
10091403659,296853793,0,Bandra Kurla Complex Road,primary,3,74.1,4181.7,4590.0,0.911,4.9,5.4,0
2897024523,296857831,0,Bandra Kurla Complex Road,primary,3,7.9,4181.7,4590.0,0.911,0.5,0.6,0
1936499662,1936499652,0,Swami Vivekanand Road,primary,2,115.6,2768.1,3060.0,0.905,7.6,8.3,0
1936499649,5346620502,0,Swami Vivekanand Road,primary,2,269.2,2768.1,3060.0,0.905,17.6,19.4,0
1936499652,1936499649,0,Swami Vivekanand Road,primary,2,106.8,2768.1,3060.0,0.905,7.0,7.7,0
13279321841,986518075,0,,trunk_link,1,21.9,1374.4,1615.0,0.851,1.3,1.4,0
12311514817,3803645881,0,Swami Vivekanand Road,primary,2,135.0,2570.4,3060.0,0.84,8.8,9.5,0
1936499559,6430483961,0,Swami Vivekanand Road,primary,2,370.8,2570.4,3060.0,0.84,24.3,26.1,0
9771116371,10274112134,0,Swami Vivekanand Road,primary,2,222.1,2570.4,3060.0,0.84,14.5,15.6,0
1936499595,1936499587,0,Swami Vivekanand Road,primary,2,177.8,2570.4,3060.0,0.84,11.6,12.5,0
12293400482,1936355603,0,Swami Vivekanand Road,primary,2,12.6,2570.4,3060.0,0.84,0.8,0.9,0
1936355577,9771116371,0,Swami Vivekanand Road,primary,2,12.3,2570.4,3060.0,0.84,0.8,0.9,0
1936499587,6431440696,0,Swami Vivekanand Road,primary,2,233.2,2570.4,3060.0,0.84,15.3,16.4,0
6431440696,1936499570,0,Swami Vivekanand Road,primary,2,89.3,2570.4,3060.0,0.84,5.8,6.3,0
1936499570,6429075943,0,Swami Vivekanand Road,primary,2,97.3,2570.4,3060.0,0.84,6.4,6.8,0
10273617655,1936355587,0,Swami Vivekanand Road,primary,2,23.9,2570.4,3060.0,0.84,1.6,1.7,0
1936355587,1936627968,0,Swami Vivekanand Road,primary,2,14.5,2570.4,3060.0,0.84,0.9,1.0,0
1936355567,12311514817,0,Swami Vivekanand Road,primary,2,237.8,2570.4,3060.0,0.84,15.6,16.7,0
10274112134,1936355567,0,Swami Vivekanand Road,primary,2,4.0,2570.4,3060.0,0.84,0.3,0.3,0
1936499598,1936499595,0,Swami Vivekanand Road,primary,2,186.9,2570.4,3060.0,0.84,12.2,13.2,0
11924905690,1936499564,0,Swami Vivekanand Road,primary,2,7.7,2570.4,3060.0,0.84,0.5,0.5,0
1936627968,1936355582,0,Swami Vivekanand Road,primary,2,334.7,2570.4,3060.0,0.84,21.9,23.5,0
13437517363,6616421101,0,Swami Vivekanand Road,primary,2,262.2,2570.4,3060.0,0.84,17.2,18.4,0
1936499564,1936499559,0,Swami Vivekanand Road,primary,2,363.4,2570.4,3060.0,0.84,23.8,25.6,0
6430483961,12293400482,0,Swami Vivekanand Road,primary,2,124.1,2570.4,3060.0,0.84,8.1,8.7,0
2610804866,11254350625,0,Swami Vivekanand Road,primary,2,42.2,2570.4,3060.0,0.84,2.8,3.0,0
6430793062,1936355579,0,Swami Vivekanand Road,primary,2,159.8,2570.4,3060.0,0.84,10.5,11.2,0
10698653947,11924905690,0,Swami Vivekanand Road,primary,2,68.1,2570.4,3060.0,0.84,4.5,4.8,0
6429075943,10698653947,0,Swami Vivekanand Road,primary,2,295.9,2570.4,3060.0,0.84,19.4,20.8,0
1936355582,6430793062,0,Swami Vivekanand Road,primary,2,256.1,2570.4,3060.0,0.84,16.8,18.0,0
3803645881,1936355548,0,Swami Vivekanand Road,primary,2,144.3,2570.4,3060.0,0.84,9.4,10.2,0
11254350625,1936355577,0,Swami Vivekanand Road,primary,2,80.3,2570.4,3060.0,0.84,5.3,5.7,0
6616421101,1936499598,0,Swami Vivekanand Road,primary,2,14.3,2570.4,3060.0,0.84,0.9,1.0,0
1936355603,10273617655,0,Swami Vivekanand Road,primary,2,412.3,2570.4,3060.0,0.84,27.0,29.0,0
1936355579,2610804866,0,Swami Vivekanand Road,primary,2,119.5,2570.4,3060.0,0.84,7.8,8.4,0
13857437035,4374680526,0,Swami Vivekanand Road,primary,2,22.2,2518.8,3060.0,0.823,1.5,1.6,0
5346620507,13437517363,0,Swami Vivekanand Road,primary,2,24.9,2518.8,3060.0,0.823,1.6,1.7,0
4374680526,5346620507,0,Swami Vivekanand Road,primary,2,19.9,2518.8,3060.0,0.823,1.3,1.4,0
5346620502,13857437035,0,Swami Vivekanand Road,primary,2,6.1,2518.8,3060.0,0.823,0.4,0.4,0
1936499674,13859794218,0,Swami Vivekanand Road,primary,2,39.6,2491.5,3060.0,0.814,2.6,2.8,0
10960976281,13859362767,0,Swami Vivekanand Road,primary,2,106.1,2491.5,3060.0,0.814,6.9,7.4,0
7366092507,1936499662,0,Swami Vivekanand Road,primary,2,71.8,2491.5,3060.0,0.814,4.7,5.0,0
13859362769,6554805533,0,Swami Vivekanand Road,primary,2,39.2,2491.5,3060.0,0.814,2.6,2.7,0
1936499709,7385909174,0,Swami Vivekanand Road,primary,2,13.6,2491.5,3060.0,0.814,0.9,0.9,0
13870620098,11050395498,0,Swami Vivekanand Road,primary,2,17.1,2491.5,3060.0,0.814,1.1,1.2,0
13859794218,1936499671,0,Swami Vivekanand Road,primary,2,64.4,2491.5,3060.0,0.814,4.2,4.5,0
6554805533,1936499709,0,Swami Vivekanand Road,primary,2,13.8,2491.5,3060.0,0.814,0.9,1.0,0
13856203925,6430937037,0,Swami Vivekanand Road,primary,2,37.5,2491.5,3060.0,0.814,2.5,2.6,0
11050395498,1936499715,0,Swami Vivekanand Road,primary,2,7.7,2491.5,3060.0,0.814,0.5,0.5,0
6616635522,7366092507,0,Swami Vivekanand Road,primary,2,6.4,2491.5,3060.0,0.814,0.4,0.4,0
1936499671,6616635522,0,Swami Vivekanand Road,primary,2,40.4,2491.5,3060.0,0.814,2.6,2.8,0
7385909174,13856261795,0,Swami Vivekanand Road,primary,2,91.6,2491.5,3060.0,0.814,6.0,6.4,0
13856261795,1936499674,0,Swami Vivekanand Road,primary,2,289.7,2491.5,3060.0,0.814,19.0,20.2,0
1936499715,13856203925,0,Swami Vivekanand Road,primary,2,14.2,2491.5,3060.0,0.814,0.9,1.0,0
13859362767,13859362769,0,Swami Vivekanand Road,primary,2,135.0,2491.5,3060.0,0.814,8.8,9.4,0
6430937037,10960976281,0,Swami Vivekanand Road,primary,2,9.4,2491.5,3060.0,0.814,0.6,0.7,0
1351268819,1354729724,0,Swami Vivekanand Road,primary,2,170.3,2410.2,3060.0,0.788,11.1,11.8,0
245681971,10224997234,0,Swami Vivekanand Road,primary,2,6.9,2410.2,3060.0,0.788,0.5,0.5,0
1354745088,619169811,0,Swami Vivekanand Road,primary,2,136.0,2410.2,3060.0,0.788,8.9,9.4,0
1354742042,7377660276,0,Swami Vivekanand Road,primary,2,28.4,2410.2,3060.0,0.788,1.9,2.0,0
619169811,10956744353,0,Swami Vivekanand Road,primary,2,6.6,2410.2,3060.0,0.788,0.4,0.5,0
4364647795,1354745088,0,Swami Vivekanand Road,primary,2,0.3,2410.2,3060.0,0.788,0.0,0.0,0
1354729724,4364647795,0,Swami Vivekanand Road,primary,2,76.5,2410.2,3060.0,0.788,5.0,5.3,0
10224997234,1351268819,0,Swami Vivekanand Road,primary,2,259.3,2410.2,3060.0,0.788,17.0,18.0,0
10956744353,1354742042,0,Swami Vivekanand Road,primary,2,197.9,2410.2,3060.0,0.788,13.0,13.7,0
13584566779,7331439002,0,Link Road,primary,2,11.0,2374.8,3060.0,0.776,0.7,0.8,0
6428838990,12852654806,0,,trunk,3,278.9,3344.2,4845.0,0.69,16.7,17.3,0
2250825449,6428838990,0,,trunk,3,77.5,3344.2,4845.0,0.69,4.7,4.8,0
12393568325,12393568324,0,,primary,2,16.4,2048.8,3060.0,0.67,1.1,1.1,0
2250992727,2250825507,0,Airport Flyover,motorway,4,831.4,4503.1,6800.0,0.662,37.4,38.5,0
2250825507,12393568325,0,Western Express Highway,motorway,4,19.1,4503.1,6800.0,0.662,0.9,0.9,0
6295206335,4310550234,0,Swami Vivekanand Road,primary,2,297.8,2012.1,3060.0,0.658,19.5,20.0,0
1936355463,13523554739,0,Swami Vivekanand Road,primary,2,39.3,2012.1,3060.0,0.658,2.6,2.6,0
9956165671,1936355441,0,Swami Vivekanand Road,primary,2,9.2,2012.1,3060.0,0.658,0.6,0.6,0
3803645191,1936355375,0,Swami Vivekanand Road,primary,2,59.1,2012.1,3060.0,0.658,3.9,4.0,0
9979171956,9979171965,0,Swami Vivekanand Road,primary,2,9.3,2012.1,3060.0,0.658,0.6,0.6,0
9979171965,13523554735,0,Swami Vivekanand Road,primary,2,115.0,2012.1,3060.0,0.658,7.5,7.7,0
9739950371,13528689955,0,Swami Vivekanand Road,primary,2,53.2,2012.1,3060.0,0.658,3.5,3.6,0
5342165308,1936355361,0,Swami Vivekanand Road,primary,2,7.4,2012.1,3060.0,0.658,0.5,0.5,0
13523554736,1936355399,0,Swami Vivekanand Road,primary,2,80.6,2012.1,3060.0,0.658,5.3,5.4,0
13523554735,13523554734,0,Swami Vivekanand Road,primary,2,80.4,2012.1,3060.0,0.658,5.3,5.4,0
11375504006,1936355451,0,Swami Vivekanand Road,primary,2,67.3,2012.1,3060.0,0.658,4.4,4.5,0
13523554741,1936355394,0,Swami Vivekanand Road,primary,2,106.2,2012.1,3060.0,0.658,6.9,7.1,0
1936355469,13333190836,0,Swami Vivekanand Road,primary,2,9.3,2012.1,3060.0,0.658,0.6,0.6,0
9739950373,9739950371,0,Swami Vivekanand Road,primary,2,11.5,2012.1,3060.0,0.658,0.8,0.8,0
13523554734,1936355377,0,Swami Vivekanand Road,primary,2,24.3,2012.1,3060.0,0.658,1.6,1.6,0
2440075900,9739950373,0,Swami Vivekanand Road,primary,2,153.3,2012.1,3060.0,0.658,10.0,10.3,0
13523554739,11375504006,0,Swami Vivekanand Road,primary,2,80.4,2012.1,3060.0,0.658,5.3,5.4,0
4310550234,2440075900,0,Swami Vivekanand Road,primary,2,135.4,2012.1,3060.0,0.658,8.9,9.1,0
13503275919,13523554736,0,Swami Vivekanand Road,primary,2,70.6,2012.1,3060.0,0.658,4.6,4.7,0
1936355432,1936355426,0,Swami Vivekanand Road,primary,2,92.0,2012.1,3060.0,0.658,6.0,6.2,0
1936355393,1936355384,0,Swami Vivekanand Road,primary,2,235.0,2012.1,3060.0,0.658,15.4,15.8,0
13523554733,5265559170,0,Swami Vivekanand Road,primary,2,86.6,2012.1,3060.0,0.658,5.7,5.8,0
1936355407,13503275933,0,Swami Vivekanand Road,primary,2,58.8,2012.1,3060.0,0.658,3.8,4.0,0
1936355375,1936355368,0,Swami Vivekanand Road,primary,2,262.3,2012.1,3060.0,0.658,17.2,17.6,0
7244551188,13523554741,0,Swami Vivekanand Road,primary,2,22.9,2012.1,3060.0,0.658,1.5,1.5,0
13333190836,1936355463,0,Swami Vivekanand Road,primary,2,103.2,2012.1,3060.0,0.658,6.8,6.9,0
9990452751,1936355481,0,Swami Vivekanand Road,primary,2,28.8,2012.1,3060.0,0.658,1.9,1.9,0
1936355446,9956165671,0,Swami Vivekanand Road,primary,2,155.3,2012.1,3060.0,0.658,10.2,10.4,0
1936355441,10001764598,0,Swami Vivekanand Road,primary,2,11.0,2012.1,3060.0,0.658,0.7,0.7,0
1936355394,1936355393,0,Swami Vivekanand Road,primary,2,157.5,2012.1,3060.0,0.658,10.3,10.6,0
4362576453,619227661,0,Swami Vivekanand Road,primary,2,148.1,2012.1,3060.0,0.658,9.7,10.0,0
13528689955,11037037916,0,Swami Vivekanand Road,primary,2,169.8,2012.1,3060.0,0.658,11.1,11.4,0
1936355368,13523554733,0,Swami Vivekanand Road,primary,2,109.5,2012.1,3060.0,0.658,7.2,7.4,0
1936355361,6295206335,0,Swami Vivekanand Road,primary,2,32.7,2012.1,3060.0,0.658,2.1,2.2,0
1936355399,10097054034,0,Swami Vivekanand Road,primary,2,134.6,2012.1,3060.0,0.658,8.8,9.1,0
1936355426,1936355422,0,Swami Vivekanand Road,primary,2,172.0,2012.1,3060.0,0.658,11.3,11.6,0
1936355422,1936355410,0,Swami Vivekanand Road,primary,2,59.1,2012.1,3060.0,0.658,3.9,4.0,0
1936355487,9985506415,0,Swami Vivekanand Road,primary,2,8.9,2012.1,3060.0,0.658,0.6,0.6,0
1936355484,9990452751,0,Swami Vivekanand Road,primary,2,57.4,2012.1,3060.0,0.658,3.8,3.9,0
5265559170,5342165308,0,Swami Vivekanand Road,primary,2,33.6,2012.1,3060.0,0.658,2.2,2.3,0
9985506415,1936355484,0,Swami Vivekanand Road,primary,2,41.2,2012.1,3060.0,0.658,2.7,2.8,0
13503275933,13503275919,0,Swami Vivekanand Road,primary,2,7.0,2012.1,3060.0,0.658,0.5,0.5,0
1936355481,3803645711,0,Swami Vivekanand Road,primary,2,150.7,2012.1,3060.0,0.658,9.9,10.1,0
1936355410,1936355407,0,Swami Vivekanand Road,primary,2,60.7,2012.1,3060.0,0.658,4.0,4.1,0
1936355451,1936355446,0,Swami Vivekanand Road,primary,2,163.8,2012.1,3060.0,0.658,10.7,11.0,0
11037037916,4362576453,0,Swami Vivekanand Road,primary,2,2.3,2012.1,3060.0,0.658,0.2,0.2,0
10097054034,7244551188,0,Swami Vivekanand Road,primary,2,3.5,2012.1,3060.0,0.658,0.2,0.2,0
1936355384,9979171956,0,Swami Vivekanand Road,primary,2,8.9,2012.1,3060.0,0.658,0.6,0.6,0
1936355377,3803645191,0,Swami Vivekanand Road,primary,2,134.8,2012.1,3060.0,0.658,8.8,9.1,0
3803645711,1936355469,0,Swami Vivekanand Road,primary,2,42.7,2012.1,3060.0,0.658,2.8,2.9,0
6133891680,1647344940,0,Sion Bandra Link Road,primary,2,44.9,2012.1,3060.0,0.658,2.9,3.0,0
10001764598,1936355432,0,Swami Vivekanand Road,primary,2,211.2,2012.1,3060.0,0.658,13.8,14.2,0
1178681137,13351160364,0,FM Cariappa Flyover,secondary,2,313.8,1657.0,2550.0,0.65,25.1,25.8,0
10277311803,10277311804,0,,secondary,2,109.4,1657.0,2550.0,0.65,8.8,9.0,0
13893172440,13893172430,0,,secondary,2,24.3,1657.0,2550.0,0.65,1.9,2.0,0
6204121997,1178681137,0,FM Cariappa Flyover,secondary,2,86.3,1657.0,2550.0,0.65,6.9,7.1,0
7377660276,10279869762,0,,secondary_link,2,33.9,1657.0,2550.0,0.65,2.7,2.8,0
11953322545,10926043604,0,,secondary,2,145.9,1657.0,2550.0,0.65,11.7,12.0,0
10926043604,10564469937,0,,secondary,2,28.4,1657.0,2550.0,0.65,2.3,2.3,0
10279869762,6204121997,0,,secondary_link,2,17.6,1657.0,2550.0,0.65,1.4,1.4,0
10277311805,13594878149,0,,secondary,2,7.0,1657.0,2550.0,0.65,0.6,0.6,0
10564469937,10564469938,0,,secondary,2,38.0,1657.0,2550.0,0.65,3.0,3.1,0
13893172430,12778141745,0,,secondary,2,98.0,1657.0,2550.0,0.65,7.8,8.1,0
619169985,13594878156,0,Dattapada Road,secondary,2,87.0,1657.0,2550.0,0.65,7.0,7.1,0
12217724184,10277311803,0,,secondary,2,89.6,1657.0,2550.0,0.65,7.2,7.4,0
12778141745,12217724184,0,,secondary,2,85.6,1657.0,2550.0,0.65,6.9,7.0,0
10277311804,10277311805,0,,secondary,2,88.1,1657.0,2550.0,0.65,7.0,7.2,0
13594878149,11953322545,0,,secondary,2,73.4,1657.0,2550.0,0.65,5.9,6.0,0
13594878156,13893172440,0,,secondary,2,10.5,1657.0,2550.0,0.65,0.8,0.9,0
13351160364,619169985,0,FM Cariappa Flyover,secondary,2,30.6,1657.0,2550.0,0.65,2.4,2.5,0
6243685415,1154003520,0,Western Express Highway,motorway,2,53.6,2169.6,3400.0,0.638,2.4,2.5,0
4342420724,245668399,0,,trunk,3,13.4,3031.2,4845.0,0.626,0.8,0.8,0
12852654806,4342420724,0,,trunk,3,97.1,3031.2,4845.0,0.626,5.8,6.0,0
245668399,2899067852,0,,trunk,3,625.2,3031.2,4845.0,0.626,37.5,38.4,0
7331439002,3791183342,0,,secondary,2,20.6,1576.6,2550.0,0.618,1.6,1.7,0
13765867249,13765867257,0,Western Express Highway,trunk,3,60.1,2987.4,4845.0,0.617,3.3,3.4,0
13765867255,2249302241,0,Western Express Highway,trunk,3,481.9,2987.4,4845.0,0.617,26.7,27.3,0
13765867257,13765867255,0,Western Express Highway,trunk,3,81.2,2987.4,4845.0,0.617,4.5,4.6,0
2251057083,1178623177,0,Western Express Highway,trunk,3,70.3,2987.4,4845.0,0.617,4.2,4.3,0
6571717034,13720591890,0,Western Express Highway,trunk,3,141.9,2987.4,4845.0,0.617,8.5,8.7,0
349131639,2249268453,0,Western Express Highway,trunk,3,290.2,2987.4,4845.0,0.617,17.4,17.8,0
13720591890,2249326353,0,Western Express Highway,trunk,3,148.8,2987.4,4845.0,0.617,8.9,9.1,0
13528553986,2249268387,0,Western Express Highway,trunk,3,61.7,2987.4,4845.0,0.617,3.7,3.8,0
245681305,1648168316,0,Western Express Highway,trunk,3,132.2,2987.4,4845.0,0.617,7.9,8.1,0
1648168316,349131639,0,Western Express Highway,trunk,3,448.5,2987.4,4845.0,0.617,26.9,27.5,0
245681461,245681305,0,Western Express Highway,trunk,3,187.6,2987.4,4845.0,0.617,11.3,11.5,0
2249268453,2251057083,0,Mahindra Flyover,trunk,3,824.0,2987.4,4845.0,0.617,49.4,50.5,0
11158721128,6571717034,0,Western Express Highway,trunk,3,169.7,2987.4,4845.0,0.617,10.2,10.4,0
2249326353,13732758315,0,Pathanwadi Flyover,trunk,3,430.3,2987.4,4845.0,0.617,25.8,26.4,0
13732758315,2250992819,0,Western Express Highway,trunk,3,84.9,2987.4,4845.0,0.617,5.1,5.2,0
2249268387,13765867249,0,Western Express Highway,trunk,3,65.2,2987.4,4845.0,0.617,3.6,3.7,0
1178623177,13528553986,0,Western Express Highway,trunk,3,400.1,2987.4,4845.0,0.617,24.0,24.5,0
1177128691,11158721128,0,Western Express Highway,trunk,3,436.5,2987.4,4845.0,0.617,26.2,26.8,0
2250992727,12393568322,0,,primary,2,98.2,1844.9,3060.0,0.603,6.4,6.6,0
5348834827,5348834828,0,,primary_link,2,36.0,1844.9,3060.0,0.603,2.4,2.4,0
12393568322,5348834827,0,,primary,2,178.7,1844.9,3060.0,0.603,11.7,11.9,0
6429408888,986518085,0,,secondary,2,334.2,1476.9,2550.0,0.579,26.7,27.2,0
986518085,5355278580,0,,secondary,2,153.2,1476.9,2550.0,0.579,12.3,12.5,0
986518071,13279321841,0,,secondary,2,131.4,1422.0,2550.0,0.558,10.5,10.7,0
5938773154,10211936520,0,,trunk_link,1,93.8,886.3,1615.0,0.549,5.6,5.7,0
986518125,5938773154,0,,trunk_link,1,18.1,886.3,1615.0,0.549,1.1,1.1,0
1398117087,245665650,0,Bandra Kurla Complex Road,primary,5,625.2,4181.7,7650.0,0.547,40.9,41.5,0
1647747278,2250795768,0,Bandra Kurla Complex Road,primary,5,91.4,4181.7,7650.0,0.547,6.0,6.1,0
245664760,1647747278,0,Bandra Kurla Complex Road,primary_link,5,42.5,4181.7,7650.0,0.547,2.8,2.8,0
8928692504,1398117087,0,Bandra Kurla Complex Road,primary,5,59.9,4181.7,7650.0,0.547,3.9,4.0,0
2250795768,8928692504,0,Bandra Kurla Complex Road,primary,5,303.4,4181.7,7650.0,0.547,19.9,20.1,0
5346644809,1156127277,0,,trunk_link,1,23.0,875.8,1615.0,0.542,1.4,1.4,0
985103863,985092027,0,Marol-Maroshi Road,secondary,2,38.8,1366.7,2550.0,0.536,3.1,3.1,0
13887009326,6428962829,0,,trunk_link,1,10.4,857.0,1615.0,0.531,0.6,0.6,0
5345482091,13887009326,0,,trunk_link,1,154.8,857.0,1615.0,0.531,9.3,9.4,0
6428962829,13887009312,0,,trunk_link,1,143.0,857.0,1615.0,0.531,8.6,8.7,0
1156127277,5345482091,0,,trunk_link,1,8.9,857.0,1615.0,0.531,0.5,0.5,0
1651800935,2233649155,0,Station Road,secondary,2,134.3,1319.4,2550.0,0.517,10.7,10.9,0
1651800946,1651800935,0,,secondary,2,21.3,1319.4,2550.0,0.517,1.7,1.7,0
3203218272,1651801000,0,,secondary,2,243.8,1319.4,2550.0,0.517,19.5,19.7,0
1651800955,1651800945,0,Station Road,secondary,2,102.6,1319.4,2550.0,0.517,8.2,8.3,0
1651800945,1651800900,0,Squatters Colony Road,secondary,2,85.1,1319.4,2550.0,0.517,6.8,6.9,0
621244019,1651801084,0,Station Road,secondary,2,13.9,1319.4,2550.0,0.517,1.1,1.1,0
13484135809,1651800946,0,,secondary,2,115.5,1319.4,2550.0,0.517,9.2,9.3,0
1651800900,1651800884,0,Squatters Colony Road,secondary,2,63.4,1319.4,2550.0,0.517,5.1,5.1,0
1651801000,13484135809,0,,secondary,2,97.8,1319.4,2550.0,0.517,7.8,7.9,0
2233649155,1651800966,0,Station Road,secondary,2,16.3,1319.4,2550.0,0.517,1.3,1.3,0
1651800884,2969409500,0,Squatters Colony Road,secondary,2,124.6,1319.4,2550.0,0.517,10.0,10.1,0
1651800966,1651800955,0,Station Road,secondary,2,49.6,1319.4,2550.0,0.517,4.0,4.0,0
2969409500,2250992777,0,,secondary,2,17.9,1319.4,2550.0,0.517,1.4,1.4,0
1651801084,3203218272,0,,secondary,2,26.8,1319.4,2550.0,0.517,2.1,2.2,0
6430340549,621244019,0,Station Road,secondary,2,12.6,1319.4,2550.0,0.517,1.0,1.0,0
3791183342,13584566778,0,Link Road,primary,2,11.0,1576.6,3060.0,0.515,0.7,0.7,0
12393568325,13619693606,0,Western Express Highway,motorway,4,777.6,3344.2,6800.0,0.492,35.0,35.3,0
13619693606,2250825449,0,Western Express Highway,motorway,4,711.1,3344.2,6800.0,0.492,32.0,32.3,0
593054877,9756804016,0,,primary,2,530.4,1477.3,3060.0,0.483,34.7,35.0,0
593054872,5348834828,0,Service road,primary,2,60.1,1451.5,3060.0,0.474,3.9,4.0,0
13630057405,10635682402,0,Service road,primary,2,43.7,1451.5,3060.0,0.474,2.9,2.9,0
2250825525,13630057405,0,Service road,primary,2,239.6,1451.5,3060.0,0.474,15.7,15.8,0
10635682402,593054870,0,Service road,primary,2,10.1,1451.5,3060.0,0.474,0.7,0.7,0
593054870,3742399544,0,Service road,primary,2,49.5,1451.5,3060.0,0.474,3.2,3.3,0
3742399544,593054872,0,Service road,primary,2,55.0,1451.5,3060.0,0.474,3.6,3.6,0
1913053676,1906828925,0,,motorway_link,1,12.3,790.9,1700.0,0.465,0.6,0.6,0
1906828925,1154203404,0,Andheri Flyover,trunk,4,1594.7,2955.4,6460.0,0.457,95.7,96.3,0
2899067851,588597487,0,,trunk,3,352.0,2169.6,4845.0,0.448,21.1,21.2,0
2251057097,1480129878,0,Swami Vivekanand Road,primary,2,75.1,1330.4,3060.0,0.435,4.9,4.9,0
9897455543,245683104,0,C S Link Road,primary,2,17.1,1330.4,3060.0,0.435,1.1,1.1,0
629022717,2251057097,0,Swami Vivekanand Road,primary,2,64.7,1330.4,3060.0,0.435,4.2,4.3,0
2244789969,629022717,0,C S Link Road,primary,2,19.6,1330.4,3060.0,0.435,1.3,1.3,0
7331456303,2244789969,0,C S Link Road,primary,2,30.0,1330.4,3060.0,0.435,2.0,2.0,0
13584566778,3791183365,0,Link Road,primary,2,149.2,1330.4,3060.0,0.435,9.8,9.8,0
1647556154,629022674,0,Link Road,primary,2,13.8,1330.4,3060.0,0.435,0.9,0.9,0
629022674,9897455543,0,Link Road,primary,2,1141.3,1330.4,3060.0,0.435,74.7,75.1,0
245683097,7331456303,0,C S Link Road,primary,2,394.7,1330.4,3060.0,0.435,25.8,26.0,0
245683104,245683097,0,C S Link Road,primary,2,73.6,1330.4,3060.0,0.435,4.8,4.8,0
3791183365,1647556154,0,Link Road,primary,2,158.1,1330.4,3060.0,0.435,10.3,10.4,0
1480129878,3792949321,0,Swami Vivekanand Road,primary,2,38.4,1330.4,3060.0,0.435,2.5,2.5,0
6430474708,6429408888,0,,secondary,2,41.1,1089.1,2550.0,0.427,3.3,3.3,0
6243685417,6243685415,0,,motorway_link,3,289.7,2169.6,5100.0,0.425,13.0,13.1,0
6243685418,6243685417,0,,motorway_link,3,293.9,2169.6,5100.0,0.425,13.2,13.3,0
5130752102,1906828925,0,Western Express Highway,motorway,3,743.0,2164.5,5100.0,0.424,33.4,33.6,0
13518722739,13856203934,0,Mrunaltai Gore Flyover,secondary,2,20.7,1057.9,2550.0,0.415,1.7,1.7,0
4611102156,986518071,0,Mrunaltai Gore Flyover,secondary,2,829.6,1057.9,2550.0,0.415,66.4,66.7,0
13870621502,13518722739,0,Ram Mandir Road,secondary,2,102.6,1057.9,2550.0,0.415,8.2,8.2,0
13856203934,13856203927,0,Mrunaltai Gore Flyover,secondary,2,8.2,1057.9,2550.0,0.415,0.7,0.7,0
13856203927,6495099185,0,Mrunaltai Gore Flyover,secondary,2,560.7,1057.9,2550.0,0.415,44.9,45.1,0
6495099185,4611102156,0,Mrunaltai Gore Flyover,secondary,2,19.8,1057.9,2550.0,0.415,1.6,1.6,0
1180382149,1180378618,0,Western Express Highway,trunk,2,902.7,1330.4,3230.0,0.412,54.2,54.4,0
10725443431,6430474706,0,,trunk_link,1,351.5,660.0,1615.0,0.409,21.1,21.2,0
6430474708,10725443431,0,,trunk_link,1,178.7,660.0,1615.0,0.409,10.7,10.8,0
13732603779,13732603780,0,Western Express Highway,trunk,3,5.1,1955.2,4845.0,0.404,0.3,0.3,0
2250825435,2250825448,0,,trunk,1,31.9,652.3,1615.0,0.404,1.9,1.9,0
3803645591,2250825438,0,Service Road,trunk,1,126.2,652.3,1615.0,0.404,7.6,7.6,0
12558334192,13732603779,0,Western Express Highway,trunk,3,306.3,1955.2,4845.0,0.404,18.4,18.4,0
10923387492,2250825435,0,,trunk,1,122.9,652.3,1615.0,0.404,7.4,7.4,0
2250825438,10923387492,0,,trunk,1,15.1,652.3,1615.0,0.404,0.9,0.9,0
4328027895,619227657,0,,motorway_link,3,57.3,2012.1,5100.0,0.395,2.6,2.6,0
619227661,4328027895,0,,motorway_link,3,38.3,2012.1,5100.0,0.395,1.7,1.7,0
619227657,593054810,0,,motorway_link,3,167.1,2012.1,5100.0,0.395,7.5,7.5,0
11038715214,10274112204,0,,primary,2,190.0,1182.0,3060.0,0.386,12.4,12.5,0
9985506406,1913053572,0,P V Avsare Marg,primary,2,792.8,1182.0,3060.0,0.386,51.9,52.1,0
1936355487,13525948591,0,P V Avsare Marg,primary,2,82.9,1182.0,3060.0,0.386,5.4,5.4,0
1913053572,11038715207,0,,primary,2,54.7,1182.0,3060.0,0.386,3.6,3.6,0
11038715207,11038715214,0,,primary,2,48.8,1182.0,3060.0,0.386,3.2,3.2,0
10274112204,6638816988,0,,primary_link,2,8.9,1182.0,3060.0,0.386,0.6,0.6,0
13525948591,9985506406,0,P V Avsare Marg,primary,2,56.7,1182.0,3060.0,0.386,3.7,3.7,0
6638816988,2250825525,0,Service road,primary,2,183.3,1182.0,3060.0,0.386,12.0,12.0,0
10211936519,10211936520,0,,trunk_link,3,41.8,1814.0,4845.0,0.374,2.5,2.5,0
593054877,5130752102,0,,motorway_link,3,86.7,1819.1,5100.0,0.357,3.9,3.9,0
619185662,985103905,0,Goregaon Mulund Link Road,secondary,2,212.7,886.3,2550.0,0.348,17.0,17.1,0
6430906958,2233650681,0,Goregaon Mulund Link Road,secondary,2,104.3,886.3,2550.0,0.348,8.3,8.4,0
5938773175,12124288546,0,Goregaon Mulund Link Road,secondary,2,221.1,886.3,2550.0,0.348,17.7,17.7,0
5938773163,13728743899,0,Goregaon Mulund Link Road,secondary,2,5.4,886.3,2550.0,0.348,0.4,0.4,0
2233650681,6430899938,0,Goregaon Mulund Link Road,secondary,2,26.4,886.3,2550.0,0.348,2.1,2.1,0
2233650742,5938773163,0,Goregaon Mulund Link Road,secondary,2,160.2,886.3,2550.0,0.348,12.8,12.8,0
985103905,986518125,0,Goregaon Mulund Link Rd.,secondary,2,45.8,886.3,2550.0,0.348,3.7,3.7,0
6430899938,619185662,0,Goregaon Mulund Link Road,secondary,2,227.8,886.3,2550.0,0.348,18.2,18.3,0
13728743899,5938773162,0,Goregaon Mulund Link Road,secondary,2,113.4,886.3,2550.0,0.348,9.1,9.1,0
12124288546,2233650742,0,Goregaon Mulund Link Road,secondary,2,390.8,886.3,2550.0,0.348,31.3,31.3,0
5938773161,6430906958,0,Goregaon Mulund Link Road,secondary,2,45.8,886.3,2550.0,0.348,3.7,3.7,0
5938773162,5938773161,0,Goregaon Mulund Link Road,secondary,2,42.6,886.3,2550.0,0.348,3.4,3.4,0
13870621503,13870621502,0,,primary_link,2,16.9,1057.9,3060.0,0.346,1.1,1.1,0
13870620098,13870621503,0,,primary_link,2,16.9,1057.9,3060.0,0.346,1.1,1.1,0
2899067852,2899067851,0,,trunk,3,21.7,1663.0,4845.0,0.343,1.3,1.3,0
1178672931,12087090701,0,,trunk_link,3,32.6,1657.0,4845.0,0.342,2.0,2.0,0
12087090701,245681461,0,,trunk_link,3,284.6,1657.0,4845.0,0.342,17.1,17.1,0
7331358926,7331358914,0,,primary,2,3.2,1044.3,3060.0,0.341,0.2,0.2,0
7331358921,7331358915,0,,primary,2,3.2,1044.3,3060.0,0.341,0.2,0.2,0
11056148329,10542618471,0,Link Road,primary,2,166.2,1044.3,3060.0,0.341,10.9,10.9,0
13904217926,7331439064,0,Link Road,primary,2,409.3,1044.3,3060.0,0.341,26.8,26.8,0
7331439037,7331439047,0,Link Road,primary,2,603.7,1044.3,3060.0,0.341,39.5,39.6,0
13681043568,7361947945,0,Link Road,primary,2,195.2,1044.3,3060.0,0.341,12.8,12.8,0
7361947945,7331438999,0,Link Road,primary,2,11.3,1044.3,3060.0,0.341,0.7,0.7,0
7331358915,7331358926,0,,primary,2,6.4,1044.3,3060.0,0.341,0.4,0.4,0
7331439002,11056148329,0,Link Road,primary,2,92.2,1044.3,3060.0,0.341,6.0,6.0,0
7331439052,6618201525,0,Link Road,primary,2,9.2,1044.3,3060.0,0.341,0.6,0.6,0
6618201525,7331439057,0,Link Road,primary,2,267.0,1044.3,3060.0,0.341,17.5,17.5,0
7331438999,7331358921,0,Link Road,primary,2,330.3,1044.3,3060.0,0.341,21.6,21.7,0
7331439047,7331439052,0,Link Road,primary,2,426.7,1044.3,3060.0,0.341,27.9,28.0,0
7331439064,13681043573,0,Link Road,primary,2,145.0,1044.3,3060.0,0.341,9.5,9.5,0
13681043573,13681043568,0,Link Road,primary,2,10.5,1044.3,3060.0,0.341,0.7,0.7,0
7331439057,13904217926,0,Link Road,primary,2,6.3,1044.3,3060.0,0.341,0.4,0.4,0
10542618471,7331439021,0,Link Road,primary,2,66.2,1044.3,3060.0,0.341,4.3,4.3,0
7331439021,7331439037,0,Link Road,primary,2,557.7,1044.3,3060.0,0.341,36.5,36.6,0
11787007975,7377674132,0,Link Road,primary,2,8.3,998.0,3060.0,0.326,0.5,0.5,0
10242247028,10570451680,0,Link Road,primary,2,76.6,998.0,3060.0,0.326,5.0,5.0,0
9115783842,10282000618,0,Link Road,primary,2,186.0,998.0,3060.0,0.326,12.2,12.2,0
1353467797,9115783835,0,Link Road,primary,2,150.2,998.0,3060.0,0.326,9.8,9.8,0
3794269339,12435004791,0,Link Road,primary,2,202.3,998.0,3060.0,0.326,13.2,13.3,0
1346755810,10242247028,0,Link Road,primary,2,212.2,998.0,3060.0,0.326,13.9,13.9,0
10570451680,13572591174,0,Link Road,primary,2,17.9,998.0,3060.0,0.326,1.2,1.2,0
12435013204,245679943,0,Link Road,primary,2,56.4,998.0,3060.0,0.326,3.7,3.7,0
9115783835,1353471870,0,Link Road,primary,2,314.5,998.0,3060.0,0.326,20.6,20.6,0
629021717,1646685599,0,Link Road,primary,2,453.8,998.0,3060.0,0.326,29.7,29.8,0
628597982,1353467797,0,Link Road,primary,2,161.4,998.0,3060.0,0.326,10.6,10.6,0
629022098,11787007975,0,Link Road,primary,2,149.3,998.0,3060.0,0.326,9.8,9.8,0
13572591174,3794269339,0,Link Road,primary,2,14.2,998.0,3060.0,0.326,0.9,0.9,0
12435004791,12435013204,0,Link Road,primary,2,68.5,998.0,3060.0,0.326,4.5,4.5,0
10282000618,629022098,0,Link Road,primary,2,224.5,998.0,3060.0,0.326,14.7,14.7,0
7378448192,629021717,0,Link Road,primary,2,13.8,998.0,3060.0,0.326,0.9,0.9,0
4343231499,7378448192,0,Link Road,primary,2,23.8,998.0,3060.0,0.326,1.6,1.6,0
1353471870,2222708960,0,Link Road,primary,2,259.3,998.0,3060.0,0.326,17.0,17.0,0
2222708960,4343231499,0,Link Road,primary,2,31.6,998.0,3060.0,0.326,2.1,2.1,0
7377674132,628597982,0,Link Road,primary,2,10.6,998.0,3060.0,0.326,0.7,0.7,0
1646685599,1346755810,0,Link Road,primary,2,185.3,998.0,3060.0,0.326,12.1,12.2,0
5346806114,6243685418,0,Western Express Highway,motorway,4,140.8,2169.6,6800.0,0.319,6.3,6.3,0
588597487,5346806114,0,Western Express Highway,motorway,4,711.0,2169.6,6800.0,0.319,32.0,32.0,0
1156163024,13734223110,0,,trunk_link,1,201.4,510.8,1615.0,0.316,12.1,12.1,0
13734223108,13730003355,0,,trunk_link,1,21.8,510.8,1615.0,0.316,1.3,1.3,0
13734223110,13734223108,0,,trunk_link,1,17.3,510.8,1615.0,0.316,1.0,1.0,0
10956744327,10282000623,0,Link Road,primary,2,362.1,934.9,3060.0,0.306,23.7,23.7,0
7331358914,10839469177,0,,primary,2,3.5,934.9,3060.0,0.306,0.2,0.2,0
10839469177,7331358918,0,,primary,2,3.3,934.9,3060.0,0.306,0.2,0.2,0
10282000629,12438445568,0,Goregaon Link Road,primary,2,6.2,934.9,3060.0,0.306,0.4,0.4,0
10282000627,10956744327,0,Link Road,primary,2,8.2,934.9,3060.0,0.306,0.5,0.5,0
10282000623,10282000622,0,Link Road,primary,2,118.5,934.9,3060.0,0.306,7.8,7.8,0
12438450392,10282000629,0,Goregaon Link Road,primary,2,31.6,934.9,3060.0,0.306,2.1,2.1,0
12438445568,10282000627,0,Goregaon Link Road,primary,2,335.1,934.9,3060.0,0.306,21.9,22.0,0
7331358918,12438450392,0,Goregaon Link Road,primary,2,296.0,934.9,3060.0,0.306,19.4,19.4,0
13730003355,5346644809,0,,trunk_link,1,58.6,488.0,1615.0,0.302,3.5,3.5,0
13867818988,13867818991,0,Link Road,primary,2,272.2,900.3,3060.0,0.294,17.8,17.8,0
245679479,9859727558,0,Link Road,primary,2,250.8,900.3,3060.0,0.294,16.4,16.4,0
245677378,245677203,0,Link Road,primary,2,152.1,900.3,3060.0,0.294,10.0,10.0,0
2233650021,2629436082,0,Link Road,primary,2,138.7,900.3,3060.0,0.294,9.1,9.1,0
13867818987,13867818988,0,Link Road,primary,2,77.3,900.3,3060.0,0.294,5.1,5.1,0
13654130674,12408665370,0,Link Road,primary,2,186.5,900.3,3060.0,0.294,12.2,12.2,0
3878492882,13867818987,0,Link Road,primary,2,70.7,900.3,3060.0,0.294,4.6,4.6,0
3878492895,245677378,0,Link Road,primary,2,114.5,900.3,3060.0,0.294,7.5,7.5,0
10277547716,6117653725,0,Link Road,primary,2,37.1,900.3,3060.0,0.294,2.4,2.4,0
3878492884,3878492882,0,Goregaon Link Road,primary,2,17.4,900.3,3060.0,0.294,1.1,1.1,0
12408665370,245678918,0,Link Road,primary,2,220.9,900.3,3060.0,0.294,14.5,14.5,0
10226924426,4364516939,0,Chinchowali Bandar Link Road,primary,2,112.3,900.3,3060.0,0.294,7.4,7.4,0
13867818991,11052574146,0,Goregaon Link Road,primary,2,98.7,900.3,3060.0,0.294,6.5,6.5,0
2222707687,245679479,0,Link Road,primary,2,488.2,900.3,3060.0,0.294,32.0,32.0,0
245678357,7241667066,0,Chinchowali Bandar Link Road,primary,2,36.0,900.3,3060.0,0.294,2.4,2.4,0
12071059588,2233650159,0,Link Road,primary,2,71.7,900.3,3060.0,0.294,4.7,4.7,0
13867831516,13867831511,0,Link Road,primary,2,28.3,900.3,3060.0,0.294,1.9,1.9,0
2233650159,884430002,0,Link Road,primary,2,112.4,900.3,3060.0,0.294,7.4,7.4,0
1919838055,1919837978,0,Chinchowali Bandar Link Road,primary,2,144.2,900.3,3060.0,0.294,9.4,9.4,0
9684318528,245678732,0,Link Road,primary,2,91.3,900.3,3060.0,0.294,6.0,6.0,0
9889482062,9684318528,0,Link Road,primary,2,40.6,900.3,3060.0,0.294,2.7,2.7,0
245677203,1172489427,0,Link Road,primary,2,80.4,900.3,3060.0,0.294,5.3,5.3,0
245678918,9889482062,0,Link Road,primary,2,205.0,900.3,3060.0,0.294,13.4,13.4,0
9859727558,1195179702,0,Link Road,primary,2,279.7,900.3,3060.0,0.294,18.3,18.3,0
884430002,7385934392,0,Link Road,primary,2,6.4,900.3,3060.0,0.294,0.4,0.4,0
13867831511,3878492884,0,Link Road,primary,2,3.8,900.3,3060.0,0.294,0.2,0.2,0
1919837859,245677658,0,Chinchowali Bandar Link Road,primary,2,73.3,900.3,3060.0,0.294,4.8,4.8,0
11052574146,9884931949,0,Goregaon Link Road,primary,2,19.0,900.3,3060.0,0.294,1.2,1.2,0
1174345228,10226924426,0,Chinchowali Bandar Link Road,primary,2,157.6,900.3,3060.0,0.294,10.3,10.3,0
7388110222,245679851,0,Link Road,primary,2,184.3,900.3,3060.0,0.294,12.1,12.1,0
1919837967,1174345228,0,Chinchowali Bandar Link Road,primary,2,44.5,900.3,3060.0,0.294,2.9,2.9,0
9884931949,12071059588,0,Link Road,primary,2,63.2,900.3,3060.0,0.294,4.1,4.1,0
10960936600,13867831516,0,Link Road,primary,2,307.7,900.3,3060.0,0.294,20.1,20.2,0
4364516939,1919837859,0,Chinchowali Bandar Link Road,primary,2,44.7,900.3,3060.0,0.294,2.9,2.9,0
7241667066,769037775,0,Chinchowali Bandar Link Road,primary,2,11.9,900.3,3060.0,0.294,0.8,0.8,0
1172489427,10960936600,0,Goregaon Link Road,primary,2,5.1,900.3,3060.0,0.294,0.3,0.3,0
7394181670,3878492895,0,Link Road,primary,2,120.9,900.3,3060.0,0.294,7.9,7.9,0
2629436082,884429992,0,Goregaon Link Road,primary,2,11.4,900.3,3060.0,0.294,0.7,0.7,0
7385934392,2233650021,0,Link Road,primary,2,152.4,900.3,3060.0,0.294,10.0,10.0,0
245679851,2222707687,0,Link Road,primary,2,88.5,900.3,3060.0,0.294,5.8,5.8,0
13856228815,1919838055,0,Chinchowali Bandar Link Road,primary,2,53.3,900.3,3060.0,0.294,3.5,3.5,0
245678558,245678357,0,Link Road,primary,2,329.8,900.3,3060.0,0.294,21.6,21.6,0
245679943,7388110222,0,Link Road,primary,2,16.3,900.3,3060.0,0.294,1.1,1.1,0
245677658,7394181670,0,Link Road,primary,2,8.4,900.3,3060.0,0.294,0.6,0.6,0
245678732,10277547716,0,Link Road,primary,2,298.7,900.3,3060.0,0.294,19.6,19.6,0
1195179702,13654130674,0,Link Road,primary,2,100.3,900.3,3060.0,0.294,6.6,6.6,0
6117653725,245678558,0,Link Road,primary,2,10.8,900.3,3060.0,0.294,0.7,0.7,0
769037775,13856228815,0,Chinchowali Bandar Link Road,primary,2,115.9,900.3,3060.0,0.294,7.6,7.6,0
1919837978,1919837967,0,Chinchowali Bandar Link Road,primary,2,43.2,900.3,3060.0,0.294,2.8,2.8,0
12393568324,12393568325,0,,primary,2,16.4,889.9,3060.0,0.291,1.1,1.1,0
6428972905,1879818057,0,Jogeshwari Vikhroli Link Road,primary,3,108.7,1319.4,4590.0,0.287,7.1,7.1,0
10255553847,6491629300,0,Jogeshwari Vikhroli Link Road,primary,3,74.0,1319.4,4590.0,0.287,4.8,4.8,0
5355278580,6428972905,0,Jogeshwari Vikhroli Link Road,primary,3,213.0,1319.4,4590.0,0.287,13.9,14.0,0
6491629300,6430340549,0,Jogeshwari Vikhroli Link Road,primary,3,50.5,1319.4,4590.0,0.287,3.3,3.3,0
1879818057,10255553847,0,Jogeshwari Vikhroli Link Road,primary,3,464.5,1319.4,4590.0,0.287,30.4,30.4,0
10282000622,9115783842,0,Link Road,primary,2,14.1,875.4,3060.0,0.286,0.9,0.9,0
6618748008,986518062,0,,secondary,1,405.5,364.0,1275.0,0.286,32.4,32.5,0
986518062,986518068,0,,secondary,1,565.4,364.0,1275.0,0.286,45.2,45.3,0
985103863,6618748008,0,,secondary,1,195.6,364.0,1275.0,0.286,15.6,15.7,0
12084955769,7378983382,0,Swami Vivekanand Road,primary,2,101.0,865.0,3060.0,0.283,6.6,6.6,0
13652385905,245681016,0,Swami Vivekanand Road,primary,2,28.3,865.0,3060.0,0.283,1.9,1.9,0
245681016,12084955769,0,Swami Vivekanand Road,primary,2,40.7,865.0,3060.0,0.283,2.7,2.7,0
6046553756,5911310869,0,Santa Cruz – Chembur Link Road,trunk,3,632.3,1368.2,4845.0,0.282,37.9,38.0,0
5911310869,5911310870,0,Santa Cruz – Chembur Link Road,trunk,3,17.9,1368.2,4845.0,0.282,1.1,1.1,0
12406104883,12406104884,0,,trunk_link,3,28.2,1368.2,4845.0,0.282,1.7,1.7,0
2899067852,6046553756,0,Santa Cruz – Chembur Link Road,trunk,3,11.5,1368.2,4845.0,0.282,0.7,0.7,0
12406104882,12406104883,0,Santa Cruz – Chembur Link Road,trunk,3,275.8,1368.2,4845.0,0.282,16.5,16.6,0
12406104884,245667803,0,Santa Cruz – Chembur Link Road,trunk,3,483.2,1368.2,4845.0,0.282,29.0,29.0,0
5911310870,5911310871,0,Santa Cruz – Chembur Link Road,trunk,3,172.4,1368.2,4845.0,0.282,10.3,10.4,0
5911310871,12406104882,0,Santa Cruz – Chembur Link Road,trunk,3,38.0,1368.2,4845.0,0.282,2.3,2.3,0
3792949321,13460028978,0,,trunk_link,3,5.6,1330.4,4845.0,0.275,0.3,0.3,0
7378932264,1646690973,0,,trunk_link,3,69.1,1330.4,4845.0,0.275,4.1,4.2,0
13460028978,7378932264,0,,trunk_link,3,68.5,1330.4,4845.0,0.275,4.1,4.1,0
1646690973,2249201995,0,,trunk_link,3,333.9,1330.4,4845.0,0.275,20.0,20.1,0
13470000968,1511336027,0,,trunk_link,3,208.5,1330.4,4845.0,0.275,12.5,12.5,0
10008889182,2251057088,0,Western Express Highway,trunk,3,30.0,1330.4,4845.0,0.275,1.8,1.8,0
1511525618,1180382149,0,Western Express Highway,trunk,3,713.7,1330.4,4845.0,0.275,42.8,42.9,0
1180378618,10008889182,0,Western Express Highway,trunk,3,281.0,1330.4,4845.0,0.275,16.9,16.9,0
590493555,1511529014,0,Western Express Highway,trunk,3,251.8,1330.4,4845.0,0.275,15.1,15.1,0
2251057088,245681461,0,Western Express Highway,trunk,3,728.9,1330.4,4845.0,0.275,43.7,43.8,0
1511336027,590493555,0,,trunk_link,3,179.0,1330.4,4845.0,0.275,10.7,10.7,0
2249201995,13470000968,0,,trunk_link,3,25.3,1330.4,4845.0,0.275,1.5,1.5,0
1511529014,1511525618,0,Western Express Highway,trunk,3,535.6,1330.4,4845.0,0.275,32.1,32.2,0
10279869768,3243952044,0,Swami Vivekanand Road,primary,2,25.6,812.7,3060.0,0.266,1.7,1.7,0
469957298,1913053676,0,,primary,2,272.5,790.9,3060.0,0.258,17.8,17.8,0
9756804016,469957298,0,,primary,2,16.4,790.9,3060.0,0.258,1.1,1.1,0
7377660276,10279869768,0,Swami Vivekanand Road,primary,2,40.6,753.2,3060.0,0.246,2.7,2.7,0
884429986,11052577561,0,,secondary,2,47.2,623.8,2550.0,0.245,3.8,3.8,0
245676028,10845925893,0,,secondary,2,16.7,623.8,2550.0,0.245,1.3,1.3,0
10845925893,884429986,0,,secondary,2,131.1,623.8,2550.0,0.245,10.5,10.5,0
11052577561,4696997604,0,,secondary,2,133.5,623.8,2550.0,0.245,10.7,10.7,0
13984947791,866806750,0,Vaikunthlal Mehta Road,secondary,2,18.3,623.8,2550.0,0.245,1.5,1.5,0
884429992,245676028,0,,secondary,2,9.2,623.8,2550.0,0.245,0.7,0.7,0
1936246975,13984947791,0,Vaikunthlal Mehta Road,secondary,2,56.1,623.8,2550.0,0.245,4.5,4.5,0
866806795,866806832,0,Gulmohar Road,secondary_link,2,71.8,623.8,2550.0,0.245,5.7,5.7,0
866806832,1936246976,0,Vaikunthlal Mehta Road,secondary,2,72.8,623.8,2550.0,0.245,5.8,5.8,0
884429985,884429984,0,,secondary,2,179.0,623.8,2550.0,0.245,14.3,14.3,0
866806750,3663657595,0,Vaikunthlal Mehta Road,secondary,2,29.2,623.8,2550.0,0.245,2.3,2.3,0
4696997604,884429985,0,,secondary,2,61.6,623.8,2550.0,0.245,4.9,4.9,0
3663657595,1936355548,0,Vaikunthlal Mehta Road,secondary,2,13.7,623.8,2550.0,0.245,1.1,1.1,0
1936246976,1936246975,0,Vaikunthlal Mehta Road,secondary,2,69.7,623.8,2550.0,0.245,5.6,5.6,0
7749797422,12435185075,0,Western Express Highway,motorway,5,232.8,2012.1,8500.0,0.237,10.5,10.5,0
593054810,7749797422,0,Western Express Highway,motorway,5,257.5,2012.1,8500.0,0.237,11.6,11.6,0
6430474706,5483788798,0,Western Express Highway,trunk,2,72.0,759.3,3230.0,0.235,4.3,4.3,0
5483788798,13877484184,0,Western Express Highway,trunk,2,1209.1,734.9,3230.0,0.228,72.5,72.6,0
10956910758,10956910755,0,Swami Vivekanand Road,primary,2,6.2,690.1,3060.0,0.226,0.4,0.4,0
1188654975,7375166323,0,Swami Vivekanand Road,primary,2,152.5,690.1,3060.0,0.226,10.0,10.0,0
10956910755,7379000790,0,Swami Vivekanand Road,primary,2,65.7,690.1,3060.0,0.226,4.3,4.3,0
7378448213,7378448209,0,Swami Vivekanand Road,primary,2,54.3,690.1,3060.0,0.226,3.6,3.6,0
1096008038,7377660280,0,Swami Vivekanand Road,primary,2,115.4,690.1,3060.0,0.226,7.6,7.6,0
3243952044,1354751964,0,Swami Vivekanand Road,primary,2,13.6,690.1,3060.0,0.226,0.9,0.9,0
7379000790,1096008038,0,Swami Vivekanand Road,primary,2,184.1,690.1,3060.0,0.226,12.1,12.1,0
619169805,1354771085,0,Swami Vivekanand Road,primary,2,24.7,690.1,3060.0,0.226,1.6,1.6,0
1354751964,1188654975,0,Swami Vivekanand Road,primary,2,138.0,690.1,3060.0,0.226,9.0,9.0,0
7377660280,619169805,0,Swami Vivekanand Road,primary,2,11.9,690.1,3060.0,0.226,0.8,0.8,0
1354771085,10939080100,0,Swami Vivekanand Road,primary,2,51.4,690.1,3060.0,0.226,3.4,3.4,0
7378448209,13652385905,0,Swami Vivekanand Road,primary,2,53.4,690.1,3060.0,0.226,3.5,3.5,0
10939080100,13652385904,0,Swami Vivekanand Road,primary,2,91.1,690.1,3060.0,0.226,6.0,6.0,0
7375166323,10956910758,0,Swami Vivekanand Road,primary,2,104.9,690.1,3060.0,0.226,6.9,6.9,0
13652385904,7378448213,0,Swami Vivekanand Road,primary,2,10.8,690.1,3060.0,0.226,0.7,0.7,0
986518068,8674683469,0,,trunk_link,1,19.7,364.0,1615.0,0.225,1.2,1.2,0
8674683469,11017592785,0,,trunk_link,1,61.0,364.0,1615.0,0.225,3.7,3.7,0
11017592785,986518071,0,,trunk_link,1,418.0,364.0,1615.0,0.225,25.1,25.1,0
13437191829,6573635843,0,Link Road,primary,2,119.9,623.8,3060.0,0.204,7.8,7.9,0
1934779744,1934768159,0,Link Road,primary,2,92.9,623.8,3060.0,0.204,6.1,6.1,0
12909249744,1934768179,0,Link Road,primary,2,180.8,623.8,3060.0,0.204,11.8,11.8,0
2125060245,9132751230,0,Link Road,primary,2,46.2,623.8,3060.0,0.204,3.0,3.0,0
10879221778,864964244,0,Gulmohar Road,primary,2,124.7,623.8,3060.0,0.204,8.2,8.2,0
9132751230,2125060248,0,Link Road,primary,2,57.8,623.8,3060.0,0.204,3.8,3.8,0
884429984,13855693180,0,Link Road,primary,2,96.5,623.8,3060.0,0.204,6.3,6.3,0
7157873784,7157873782,0,Link Road,primary,2,12.7,623.8,3060.0,0.204,0.8,0.8,0
13922163690,884399491,0,Link Road,primary,2,10.2,623.8,3060.0,0.204,0.7,0.7,0
884379407,884430163,0,Link Road,primary,2,15.3,623.8,3060.0,0.204,1.0,1.0,0
884379411,12086495836,0,Link Road,primary,2,8.1,623.8,3060.0,0.204,0.5,0.5,0
12969381258,866807203,0,Gulmohar Road,primary,2,34.9,623.8,3060.0,0.204,2.3,2.3,0
7157873782,13437191829,0,Link Road,primary,2,39.9,623.8,3060.0,0.204,2.6,2.6,0
12343305253,864964242,0,Gulmohar Road,primary,2,12.9,623.8,3060.0,0.204,0.8,0.8,0
866807203,10576000694,0,Gulmohar Road,primary,2,142.5,623.8,3060.0,0.204,9.3,9.3,0
2125060248,884379407,0,Link Road,primary,2,98.2,623.8,3060.0,0.204,6.4,6.4,0
864964228,12966096619,0,Gulmohar Road,primary,2,231.7,623.8,3060.0,0.204,15.2,15.2,0
13449926314,9137843242,0,Bhakti Vedanta Swami Marg,primary,2,56.0,623.8,3060.0,0.204,3.7,3.7,0
10636989239,4357170877,0,Kamalakar Pant Walawalkar Marg,primary,2,63.1,623.8,3060.0,0.204,4.1,4.1,0
13855693180,10921455949,0,Link Road,primary,2,9.5,623.8,3060.0,0.204,0.6,0.6,0
864964224,13449926314,0,Bhakti Vedanta Swami Marg,primary,2,166.0,623.8,3060.0,0.204,10.9,10.9,0
864964227,864964228,0,Gulmohar Road,primary,2,46.5,623.8,3060.0,0.204,3.0,3.0,0
884379396,884399262,0,Link Road,primary,2,58.4,623.8,3060.0,0.204,3.8,3.8,0
9771116369,866807202,0,Gulmohar Road,primary,2,135.6,623.8,3060.0,0.204,8.9,8.9,0
864964232,7371029953,0,Gulmohar Road,primary,2,9.1,623.8,3060.0,0.204,0.6,0.6,0
884436256,884436247,0,Link Road,primary,2,127.4,623.8,3060.0,0.204,8.3,8.3,0
864964235,12310289350,0,Gulmohar Road,primary,2,12.3,623.8,3060.0,0.204,0.8,0.8,0
1934768185,12909249744,0,Link Road,primary,2,65.0,623.8,3060.0,0.204,4.3,4.3,0
12966096619,864964232,0,Gulmohar Road,primary,2,26.4,623.8,3060.0,0.204,1.7,1.7,0
866807200,9771116369,0,Gulmohar Road,primary,2,11.5,623.8,3060.0,0.204,0.8,0.8,0
864964237,12343305253,0,Gulmohar Road,primary,2,72.2,623.8,3060.0,0.204,4.7,4.7,0
864964242,10879221778,0,Gulmohar Road,primary,2,55.3,623.8,3060.0,0.204,3.6,3.6,0
864964244,866807200,0,Gulmohar Road,primary,2,143.5,623.8,3060.0,0.204,9.4,9.4,0
12310289350,864964237,0,Gulmohar Road,primary,2,50.7,623.8,3060.0,0.204,3.3,3.3,0
1934768179,2242610466,0,Link Road,primary,2,22.4,623.8,3060.0,0.204,1.5,1.5,0
884430163,884436256,0,Link Road,primary,2,296.6,623.8,3060.0,0.204,19.4,19.4,0
1934768171,1934779744,0,Link Road,primary,2,238.3,623.8,3060.0,0.204,15.6,15.6,0
884399355,884379411,0,Link Road,primary,2,28.3,623.8,3060.0,0.204,1.9,1.9,0
2242610466,4357151383,0,Link Road,primary,2,29.1,623.8,3060.0,0.204,1.9,1.9,0
884436247,884399355,0,Link Road,primary,2,130.9,623.8,3060.0,0.204,8.6,8.6,0
6573635843,1934768189,0,Link Road,primary,2,198.9,623.8,3060.0,0.204,13.0,13.0,0
7371029953,864964233,0,Gulmohar Road,primary,2,54.9,623.8,3060.0,0.204,3.6,3.6,0
12298714534,2125060245,0,Link Road,primary,2,48.4,623.8,3060.0,0.204,3.2,3.2,0
9137843242,864964227,0,Bhakti Vedanta Swami Marg,primary,2,61.6,623.8,3060.0,0.204,4.0,4.0,0
4357170878,864964224,0,Bhakti Vedanta Swami Marg,primary,2,138.5,623.8,3060.0,0.204,9.1,9.1,0
4357170877,4357170878,0,,primary_link,2,62.4,623.8,3060.0,0.204,4.1,4.1,0
10921455949,12298714534,0,Link Road,primary,2,72.9,623.8,3060.0,0.204,4.8,4.8,0
4357151383,1934768171,0,Link Road,primary,2,111.3,623.8,3060.0,0.204,7.3,7.3,0
1934768159,10636989239,0,Kamalakar Pant Walawalkar Marg,primary,2,11.5,623.8,3060.0,0.204,0.8,0.8,0
10576000694,866806795,0,Gulmohar Road,primary,2,27.5,623.8,3060.0,0.204,1.8,1.8,0
884399262,13922163690,0,Link Road,primary,2,257.1,623.8,3060.0,0.204,16.8,16.8,0
864964233,864964235,0,Gulmohar Road,primary,2,127.2,623.8,3060.0,0.204,8.3,8.3,0
11924652960,1934768188,0,Link Road,primary,2,64.1,623.8,3060.0,0.204,4.2,4.2,0
884399491,7157873784,0,Link Road,primary,2,459.3,623.8,3060.0,0.204,30.1,30.1,0
12086495836,884379396,0,Link Road,primary,2,163.1,623.8,3060.0,0.204,10.7,10.7,0
1934768189,11924652960,0,Link Road,primary,2,6.5,623.8,3060.0,0.204,0.4,0.4,0
866807202,12969381258,0,Gulmohar Road,primary,2,255.0,623.8,3060.0,0.204,16.7,16.7,0
1934768188,1934768185,0,Link Road,primary,2,49.0,623.8,3060.0,0.204,3.2,3.2,0
245667819,6583665827,0,Santa Cruz – Chembur Link Road,trunk,3,174.5,845.9,4845.0,0.175,10.5,10.5,0
245667803,245667819,0,Santa Cruz – Chembur Link Road,trunk,3,471.2,845.9,4845.0,0.175,28.3,28.3,0
6583665827,2899067851,0,Santa Cruz – Chembur Link Road,trunk,3,11.6,845.9,4845.0,0.175,0.7,0.7,0
5355278580,1879818059,0,,secondary,2,19.1,425.6,2550.0,0.167,1.5,1.5,0
13877484184,12558334192,0,Aarey Flyover,trunk,3,870.4,734.9,4845.0,0.152,52.2,52.2,0
13877132376,6616390633,0,,secondary,2,185.3,387.8,2550.0,0.152,14.8,14.8,0
6616390633,6429408888,0,,secondary,2,178.5,387.8,2550.0,0.152,14.3,14.3,0
11886275213,7378448223,0,Swami Vivekanand Road,primary,2,32.9,424.4,3060.0,0.139,2.2,2.2,0
10277339575,11886275213,0,Swami Vivekanand Road,primary,2,96.3,424.4,3060.0,0.139,6.3,6.3,0
7378448222,7378448219,0,Swami Vivekanand Road,primary,2,234.3,424.4,3060.0,0.139,15.3,15.3,0
7378448223,7378448222,0,Swami Vivekanand Road,primary,2,122.3,424.4,3060.0,0.139,8.0,8.0,0
7378448219,13652385905,0,Swami Vivekanand Road,primary,2,369.0,424.4,3060.0,0.139,24.1,24.2,0
7378436344,10277339575,0,Swami Vivekanand Road,primary,2,17.0,424.4,3060.0,0.139,1.1,1.1,0
7378436343,7378436344,0,Swami Vivekanand Road,primary,2,7.2,424.4,3060.0,0.139,0.5,0.5,0
12852654805,3803645591,0,Service Road,trunk,3,57.8,652.3,4845.0,0.135,3.5,3.5,0
2250825448,13077461203,0,Western Express Highway,motorway,3,157.1,652.3,5100.0,0.128,7.1,7.1,0
13077461203,13900429946,0,Western Express Highway,motorway,3,22.8,652.3,5100.0,0.128,1.0,1.0,0
13900429946,245669481,0,Western Express Highway,motorway,3,1367.6,652.3,5100.0,0.128,61.5,61.5,0
619202302,1156163024,0,Western Express Highway,trunk,3,500.5,610.1,4845.0,0.126,30.0,30.0,0
1185859880,7374550820,0,Swami Vivekanand Road,primary,2,134.7,381.2,3060.0,0.125,8.8,8.8,0
7374550820,7398222690,0,Swami Vivekanand Road,primary,2,18.2,381.2,3060.0,0.125,1.2,1.2,0
1185859882,3795055154,0,Swami Vivekanand Road,primary,2,82.1,381.2,3060.0,0.125,5.4,5.4,0
7398222690,627835035,0,Swami Vivekanand Road,primary,2,11.3,381.2,3060.0,0.125,0.7,0.7,0
3795055154,1185859880,0,Swami Vivekanand Road,primary,2,43.7,381.2,3060.0,0.125,2.9,2.9,0
2399395039,10281984324,0,Sardar Vallabhbhai Patel Road,secondary,2,123.2,246.2,2550.0,0.097,9.9,9.9,0
11064821073,10880492229,0,Laxman Mhatre Road,secondary,2,17.7,246.2,2550.0,0.097,1.4,1.4,0
2399395031,11031564325,0,Sardar Vallabhbhai Patel Road,secondary,2,26.9,246.2,2550.0,0.097,2.1,2.1,0
11031564325,2399395039,0,Sardar Vallabhbhai Patel Road,secondary,2,68.8,246.2,2550.0,0.097,5.5,5.5,0
629023979,10310857481,0,,secondary,2,7.4,246.2,2550.0,0.097,0.6,0.6,0
2399395066,2399395062,0,Sardar Vallabhbhai Patel Road,secondary,2,15.6,246.2,2550.0,0.097,1.2,1.2,0
2399395027,2399395031,0,Sardar Vallabhbhai Patel Road,secondary,2,102.3,246.2,2550.0,0.097,8.2,8.2,0
3793874875,13584203888,0,Laxman Mhatre Road,secondary,2,20.6,246.2,2550.0,0.097,1.6,1.6,0
11043526513,245682619,0,Sardar Vallabhbhai Patel Road,secondary,2,6.8,246.2,2550.0,0.097,0.5,0.5,0
2399395062,2399395027,0,Sardar Vallabhbhai Patel Road,secondary,2,69.1,246.2,2550.0,0.097,5.5,5.5,0
4233167591,10880492213,0,Laxman Mhatre Road,secondary,2,131.0,246.2,2550.0,0.097,10.5,10.5,0
10880492213,10880492241,0,Laxman Mhatre Road,secondary,2,73.8,246.2,2550.0,0.097,5.9,5.9,0
4233126859,629023979,0,R M Road,secondary,2,38.6,246.2,2550.0,0.097,3.1,3.1,0
6469836222,4233167591,0,Laxman Mhatre Road,secondary,2,11.6,246.2,2550.0,0.097,0.9,0.9,0
13584203866,13584203862,0,,secondary,2,32.7,246.2,2550.0,0.097,2.6,2.6,0
4233126873,7331439002,0,,secondary,2,243.7,246.2,2550.0,0.097,19.5,19.5,0
10880492225,10880492220,0,Laxman Mhatre Road,secondary,2,189.4,246.2,2550.0,0.097,15.2,15.2,0
13584203862,4233126873,0,,secondary,2,64.4,246.2,2550.0,0.097,5.1,5.1,0
13584566778,13584566779,0,,secondary,2,20.8,246.2,2550.0,0.097,1.7,1.7,0
10310857481,13584203866,0,,secondary,2,24.4,246.2,2550.0,0.097,2.0,2.0,0
10880492220,3793874875,0,Laxman Mhatre Road,secondary,2,110.7,246.2,2550.0,0.097,8.9,8.9,0
13584203878,4233126859,0,R M Road,secondary,2,41.6,246.2,2550.0,0.097,3.3,3.3,0
10880492226,10880492225,0,Laxman Mhatre Road,secondary,2,96.3,246.2,2550.0,0.097,7.7,7.7,0
13584203888,13584203878,0,,secondary_link,2,2.9,246.2,2550.0,0.097,0.2,0.2,0
10880492229,13580142926,0,Laxman Mhatre Road,secondary,2,120.1,246.2,2550.0,0.097,9.6,9.6,0
10281984324,7366128614,0,Sardar Vallabhbhai Patel Road,secondary,2,5.6,246.2,2550.0,0.097,0.4,0.4,0
10880492227,10880492226,0,Laxman Mhatre Road,secondary,2,51.4,246.2,2550.0,0.097,4.1,4.1,0
13580142926,10880492227,0,Laxman Mhatre Road,secondary,2,116.0,246.2,2550.0,0.097,9.3,9.3,0
10880492231,11064821073,0,Laxman Mhatre Road,secondary,2,13.9,246.2,2550.0,0.097,1.1,1.1,0
10880492234,10880492231,0,Laxman Mhatre Road,secondary,2,114.9,246.2,2550.0,0.097,9.2,9.2,0
7366128614,11043526513,0,Sardar Vallabhbhai Patel Road,secondary,2,238.4,246.2,2550.0,0.097,19.1,19.1,0
10880492241,10880492234,0,Laxman Mhatre Road,secondary,2,167.0,246.2,2550.0,0.097,13.4,13.4,0
245682619,6469836222,0,Laxman Mhatre Road,secondary,2,85.7,246.2,2550.0,0.097,6.9,6.9,0
1154203404,619202302,0,Western Express Highway,trunk,4,1484.5,610.1,6460.0,0.094,66.8,66.8,0
7398169361,1185859882,0,,secondary,2,17.3,236.5,2550.0,0.093,1.4,1.4,0
1879818059,5346644809,0,Sant Gadge Maharaj Marg,primary,3,41.9,425.6,4590.0,0.093,2.7,2.7,0
6601803825,11047945382,0,Vallabhabhai Patel Road,secondary,2,205.9,231.7,2550.0,0.091,16.5,16.5,0
11047945382,590605927,0,Vallabhabhai Patel Road,secondary,2,76.8,231.7,2550.0,0.091,6.1,6.1,0
10277314310,2399395004,0,Sardar Vallabhbhai Patel Road,secondary,2,278.3,231.7,2550.0,0.091,22.3,22.3,0
7037578470,590605922,0,S Sagar Chowk,secondary,2,37.0,231.7,2550.0,0.091,3.0,3.0,0
590605927,7037578470,0,S Sagar Chowk,secondary,2,5.1,231.7,2550.0,0.091,0.4,0.4,0
245682051,6601803825,0,Vallabhabhai Patel Road,secondary,2,37.4,231.7,2550.0,0.091,3.0,3.0,0
10945682229,10277314310,0,Sardar Vallabhbhai Patel Road,secondary,2,12.3,231.7,2550.0,0.091,1.0,1.0,0
590605922,10945682229,0,Sardar Vallabhbhai Patel Road,secondary,2,132.7,231.7,2550.0,0.091,10.6,10.6,0
2399395004,2399395064,0,Sardar Vallabhbhai Patel Road,secondary,2,23.3,231.7,2550.0,0.091,1.9,1.9,0
2629436075,13439305431,0,Behrambaug Road,primary,2,53.8,276.6,3060.0,0.09,3.5,3.5,0
2629436073,1936499662,0,Behrambaug Road,primary,2,11.8,276.6,3060.0,0.09,0.8,0.8,0
2629436070,13439320228,0,Behrambaug Road,primary,2,43.1,276.6,3060.0,0.09,2.8,2.8,0
2629436064,6575698788,0,Behrambaug Road,primary,2,147.5,276.6,3060.0,0.09,9.7,9.7,0
884429992,2629436064,0,Behrambaug Road,primary,2,373.8,276.6,3060.0,0.09,24.5,24.5,0
13856311301,12330423894,0,Behrambaug Road,primary,2,19.7,276.6,3060.0,0.09,1.3,1.3,0
6572250189,11919460443,0,Behrambaug Road,primary,2,73.0,276.6,3060.0,0.09,4.8,4.8,0
13439305431,13856311301,0,Behrambaug Road,primary,2,29.5,276.6,3060.0,0.09,1.9,1.9,0
13439320228,6572250189,0,Behrambaug Road,primary,2,42.3,276.6,3060.0,0.09,2.8,2.8,0
12330423894,13856261798,0,Behrambaug Road,primary,2,24.6,276.6,3060.0,0.09,1.6,1.6,0
11919460443,2629436075,0,Behrambaug Road,primary,2,62.2,276.6,3060.0,0.09,4.1,4.1,0
13856261798,13856261796,0,Behrambaug Road,primary,2,19.7,276.6,3060.0,0.09,1.3,1.3,0
6575698788,2629436070,0,Behrambaug Road,primary,2,83.1,276.6,3060.0,0.09,5.4,5.4,0
13856261796,2629436073,0,Behrambaug Road,primary,2,58.7,276.6,3060.0,0.09,3.8,3.8,0
10956744352,7377674097,0,Swami Vivekanand Road,primary,2,7.3,264.9,3060.0,0.087,0.5,0.5,0
7377674103,10279869769,0,Swami Vivekanand Road,primary,2,26.4,264.9,3060.0,0.087,1.7,1.7,0
7377674096,14001777803,0,Swami Vivekanand Road,primary,2,19.4,264.9,3060.0,0.087,1.3,1.3,0
7377660275,10956744352,0,Swami Vivekanand Road,primary,2,227.4,264.9,3060.0,0.087,14.9,14.9,0
7377674097,7377674096,0,Swami Vivekanand Road,primary,2,116.9,264.9,3060.0,0.087,7.7,7.7,0
627835035,7398222703,0,Chunilal Giridharlal Road,secondary,2,10.8,220.8,2550.0,0.087,0.9,0.9,0
9115710877,9115710879,0,Swami Vivekanand Road,primary,2,6.9,264.9,3060.0,0.087,0.5,0.5,0
7377674091,9115710877,0,Swami Vivekanand Road,primary,2,259.9,264.9,3060.0,0.087,17.0,17.0,0
14001777803,7377674091,0,Swami Vivekanand Road,primary,2,243.3,264.9,3060.0,0.087,15.9,15.9,0
10279869769,7377660275,0,Swami Vivekanand Road,primary,2,43.7,264.9,3060.0,0.087,2.9,2.9,0
627835038,12718228848,0,Swami Vivekanand Road,primary,2,5.3,258.1,3060.0,0.084,0.3,0.3,0
1346745536,3795056480,0,Swami Vivekanand Road,primary,2,108.7,258.1,3060.0,0.084,7.1,7.1,0
1346745532,13649362632,0,Swami Vivekanand Road,primary,2,110.7,258.1,3060.0,0.084,7.2,7.2,0
627835036,13428815703,0,Swami Vivekanand Road,primary,2,40.9,258.1,3060.0,0.084,2.7,2.7,0
1347696144,627835036,0,Swami Vivekanand Road,primary,2,228.4,258.1,3060.0,0.084,15.0,15.0,0
12718228848,10277339579,0,Swami Vivekanand Road,primary,2,96.4,258.1,3060.0,0.084,6.3,6.3,0
1347702305,1347696144,0,Swami Vivekanand Road,primary,2,104.6,258.1,3060.0,0.084,6.8,6.8,0
13428815703,7397336335,0,Swami Vivekanand Road,primary,2,284.9,258.1,3060.0,0.084,18.6,18.6,0
7397336335,627835037,0,Swami Vivekanand Road,primary,2,6.1,258.1,3060.0,0.084,0.4,0.4,0
13649362632,627835038,0,Swami Vivekanand Road,primary,2,23.3,258.1,3060.0,0.084,1.5,1.5,0
3795056480,1188812112,0,Swami Vivekanand Road,primary,2,46.4,258.1,3060.0,0.084,3.0,3.0,0
10277339579,7378436343,0,Swami Vivekanand Road,primary,2,24.0,258.1,3060.0,0.084,1.6,1.6,0
627835035,1347702305,0,Swami Vivekanand Road,primary,2,117.0,258.1,3060.0,0.084,7.7,7.7,0
1188812112,1346745532,0,Swami Vivekanand Road,primary,2,77.4,258.1,3060.0,0.084,5.1,5.1,0
627835037,1346745536,0,Swami Vivekanand Road,primary,2,174.3,258.1,3060.0,0.084,11.4,11.4,0
1188654980,7377674103,0,Swami Vivekanand Road,primary,2,51.3,249.6,3060.0,0.082,3.4,3.4,0
7377674106,1188654980,0,Swami Vivekanand Road,primary,2,98.6,249.6,3060.0,0.082,6.5,6.5,0
7377674147,7377674114,0,Swami Vivekanand Road,primary,2,100.4,249.6,3060.0,0.082,6.6,6.6,0
7377674108,7377674106,0,Swami Vivekanand Road,primary,2,149.1,249.6,3060.0,0.082,9.8,9.8,0
13652385904,7377674117,0,Swami Vivekanand Road,primary,2,162.7,249.6,3060.0,0.082,10.7,10.7,0
7378448213,13652385904,0,Swami Vivekanand Road,primary,2,10.8,249.6,3060.0,0.082,0.7,0.7,0
7377674114,10956910756,0,Swami Vivekanand Road,primary,2,274.7,249.6,3060.0,0.082,18.0,18.0,0
10956910756,10956910757,0,Swami Vivekanand Road,primary,2,6.6,249.6,3060.0,0.082,0.4,0.4,0
10956910757,7377674108,0,Swami Vivekanand Road,primary,2,105.7,249.6,3060.0,0.082,6.9,6.9,0
13652385905,7378448209,0,Swami Vivekanand Road,primary,2,53.4,249.6,3060.0,0.082,3.5,3.5,0
7378448209,7378448213,0,Swami Vivekanand Road,primary,2,54.3,249.6,3060.0,0.082,3.6,3.6,0
7377674117,7377674147,0,Swami Vivekanand Road,primary,2,10.1,249.6,3060.0,0.082,0.7,0.7,0
5346620502,4374680531,0,,primary_link,2,39.0,249.3,3060.0,0.081,2.6,2.6,0
2399395064,2399395066,0,Sardar Vallabhbhai Patel Road,primary,2,10.7,246.2,3060.0,0.08,0.7,0.7,0
245669481,2250825525,0,,motorway_link,2,62.8,269.5,3400.0,0.079,2.8,2.8,0
7377674116,245682051,0,Swami Vivekanand Road,primary,2,52.3,231.7,3060.0,0.076,3.4,3.4,0
9115710879,10927968842,0,Swami Vivekanand Road,primary,2,70.5,231.7,3060.0,0.076,4.6,4.6,0
7377660284,7377660282,0,Swami Vivekanand Road,primary,2,100.6,231.7,3060.0,0.076,6.6,6.6,0
7377660282,7377674116,0,Swami Vivekanand Road,primary,2,12.3,231.7,3060.0,0.076,0.8,0.8,0
10927968842,7377674085,0,Swami Vivekanand Road,primary,2,55.5,231.7,3060.0,0.076,3.6,3.6,0
7377674085,7377660284,0,Swami Vivekanand Road,primary,2,10.1,231.7,3060.0,0.076,0.7,0.7,0
245669481,5130752103,0,Airport Flyover,motorway,3,786.3,382.8,5100.0,0.075,35.4,35.4,0
2899067851,6046553754,0,Santa Cruz – Chembur Link Road,trunk,3,41.2,339.3,4845.0,0.07,2.5,2.5,0
13877132374,13877132376,0,,trunk_link,3,64.5,340.2,4845.0,0.07,3.9,3.9,0
6046553755,2250825425,0,,trunk,3,618.0,339.3,4845.0,0.07,37.1,37.1,0
6046553754,6046553755,0,,trunk,3,18.7,339.3,4845.0,0.07,1.1,1.1,0
10081148282,245668398,0,,trunk,3,12.3,339.3,4845.0,0.07,0.7,0.7,0
2250825425,10081148282,0,,trunk,3,8.1,339.3,4845.0,0.07,0.5,0.5,0
245668398,12852654805,0,Service Road,trunk,3,84.3,339.3,4845.0,0.07,5.1,5.1,0
10211936519,5938773155,0,,trunk_link,1,85.6,111.3,1615.0,0.069,5.1,5.1,0
5130752103,5130752102,0,Western Express Highway,motorway,3,40.2,345.4,5100.0,0.068,1.8,1.8,0
12852654806,12852654805,0,,trunk_link,3,42.0,313.1,4845.0,0.065,2.5,2.5,0
627838051,7378436343,0,Mahatma Gandhi Road,secondary,2,9.1,166.3,2550.0,0.065,0.7,0.7,0
1156127277,5355278580,0,Jogeshwari Vikhroli Link Road,primary,3,40.0,268.1,4590.0,0.058,2.6,2.6,0
3243952044,7377674103,0,Kora Kendra Road,secondary,2,13.7,138.0,2550.0,0.054,1.1,1.1,0
6204119877,11238094123,0,Ramchandra M. Bhattad Road,secondary,2,303.0,122.6,2550.0,0.048,24.2,24.2,0
11927518742,6204119877,0,Ramchandra M. Bhattad Road,secondary,2,8.0,122.6,2550.0,0.048,0.6,0.6,0
6204119874,6204119873,0,Ramchandra M. Bhattad Road,secondary,2,97.4,122.6,2550.0,0.048,7.8,7.8,0
13649033185,9115783842,0,Ramchandra M. Bhattad Road,secondary,2,15.5,122.6,2550.0,0.048,1.2,1.2,0
6204119879,11927518742,0,Ramchandra M. Bhattad Road,secondary,2,466.5,122.6,2550.0,0.048,37.3,37.3,0
1188638929,10956905152,0,Ramchandra M. Bhattad Road,secondary,2,9.6,122.6,2550.0,0.048,0.8,0.8,0
11238094123,1188638929,0,Ramchandra M. Bhattad Road,secondary,2,8.6,122.6,2550.0,0.048,0.7,0.7,0
7377674103,6204119879,0,Ramchandra M. Bhattad Road,secondary,2,41.8,122.6,2550.0,0.048,3.3,3.3,0
10956905152,6204119874,0,Ramchandra M. Bhattad Road,secondary,2,208.1,122.6,2550.0,0.048,16.7,16.7,0
6204119873,13649033185,0,Ramchandra M. Bhattad Road,secondary,2,98.2,122.6,2550.0,0.048,7.9,7.9,0
2233650772,2233650806,0,Swami Vivekanand Road,primary,2,70.9,144.7,3060.0,0.047,4.6,4.6,0
3742367725,4352414419,0,Swami Vivekanand Road,primary,2,147.7,144.7,3060.0,0.047,9.7,9.7,0
4352414419,4352414427,0,Swami Vivekanand Road,primary,2,46.4,144.7,3060.0,0.047,3.0,3.0,0
2233650806,627835052,0,Swami Vivekanand Road,primary,2,147.3,144.7,3060.0,0.047,9.6,9.6,0
4352414427,627835047,0,Swami Vivekanand Road,primary,2,110.1,144.7,3060.0,0.047,7.2,7.2,0
627835052,13858674669,0,Swami Vivekanand Road,primary,2,253.9,144.7,3060.0,0.047,16.6,16.6,0
627835047,1185856112,0,Swami Vivekanand Road,primary,2,309.6,144.7,3060.0,0.047,20.3,20.3,0
1186902062,1185859882,0,Swami Vivekanand Road,primary,2,177.4,144.7,3060.0,0.047,11.6,11.6,0
10936814955,13382789420,0,Swami Vivekanand Road,primary,2,96.4,144.7,3060.0,0.047,6.3,6.3,0
13382789420,13695160570,0,Swami Vivekanand Road,primary,2,48.6,144.7,3060.0,0.047,3.2,3.2,0
1194136009,2233650772,0,Swami Vivekanand Road,primary,2,19.5,144.7,3060.0,0.047,1.3,1.3,0
619185674,5938773176,0,Swami Vivekanand Road,primary,2,13.8,144.7,3060.0,0.047,0.9,0.9,0
13858674669,3742367725,0,Swami Vivekanand Road,primary,2,79.5,144.7,3060.0,0.047,5.2,5.2,0
13695160570,1343000027,0,Swami Vivekanand Road,primary,2,34.6,144.7,3060.0,0.047,2.3,2.3,0
1343000027,1186902062,0,Swami Vivekanand Road,primary,2,45.2,144.7,3060.0,0.047,3.0,3.0,0
5938773176,1194136009,0,Swami Vivekanand Road,primary,2,30.7,144.7,3060.0,0.047,2.0,2.0,0
1185856112,13382767043,0,Swami Vivekanand Road,primary,2,73.0,144.7,3060.0,0.047,4.8,4.8,0
13382767043,10936814955,0,Swami Vivekanand Road,primary,2,26.1,144.7,3060.0,0.047,1.7,1.7,0
5938773157,6430899937,0,Goregaon Mulund Link Road,secondary,2,227.1,111.3,2550.0,0.044,18.2,18.2,0
5938773155,5938773157,0,Goregaon Mulund Link Road,secondary,2,208.9,111.3,2550.0,0.044,16.7,16.7,0
12124288583,1194135953,0,Goregaon Mulund Link Road,secondary,2,179.1,111.3,2550.0,0.044,14.3,14.3,0
1936499784,619185674,0,Goregaon Mulund Link Road,secondary,2,12.2,111.3,2550.0,0.044,1.0,1.0,0
769028538,12124288583,0,Goregaon Mulund Link Road,secondary,2,548.4,111.3,2550.0,0.044,43.9,43.9,0
619185664,13728743898,0,Goregaon Mulund Link Road,secondary,2,204.0,111.3,2550.0,0.044,16.3,16.3,0
6430899937,619185664,0,Goregaon Mulund Link Road,secondary,2,135.0,111.3,2550.0,0.044,10.8,10.8,0
13728743898,769028538,0,Goregaon Mulund Link Road,secondary,2,5.5,111.3,2550.0,0.044,0.4,0.4,0
1194135953,1936499784,0,Goregaon Mulund Link Road,secondary,2,42.5,111.3,2550.0,0.044,3.4,3.4,0
245681970,5713842249,0,Lokmanya Tilak Road,secondary,2,82.7,109.4,2550.0,0.043,6.6,6.6,0
1352227902,5360243584,0,Lokmanya Tilak Road,secondary,2,81.0,109.4,2550.0,0.043,6.5,6.5,0
245681964,245681968,0,Lokmanya Tilak Road,secondary,2,81.1,109.4,2550.0,0.043,6.5,6.5,0
245681969,12429501782,0,Lokmanya Tilak Road,secondary,2,75.2,109.4,2550.0,0.043,6.0,6.0,0
12429501782,245681970,0,Lokmanya Tilak Road,secondary,2,5.8,109.4,2550.0,0.043,0.5,0.5,0
6604369239,245681964,0,Lokmanya Tilak Road,secondary,2,98.5,109.4,2550.0,0.043,7.9,7.9,0
1351277751,8674710918,0,Lokmanya Tilak Road,secondary,2,26.0,109.4,2550.0,0.043,2.1,2.1,0
245681974,4364646346,0,Lokmanya Tilak Road,secondary,2,24.7,109.4,2550.0,0.043,2.0,2.0,0
8711529853,9909233783,0,Lokmanya Tilak Road,secondary,2,42.4,109.4,2550.0,0.043,3.4,3.4,0
245681989,7361584928,0,Lokmanya Tilak Road,secondary,2,23.7,109.4,2550.0,0.043,1.9,1.9,0
245681963,10956832461,0,Lokmanya Tilak Road,secondary,2,8.0,109.4,2550.0,0.043,0.6,0.6,0
5713842249,9115710879,0,Lokmanya Tilak Road,secondary,2,170.8,109.4,2550.0,0.043,13.7,13.7,0
4364646346,8707987876,0,Lokmanya Tilak Road,secondary,2,101.3,109.4,2550.0,0.043,8.1,8.1,0
9872216370,245681963,0,Lokmanya Tilak Road,secondary,2,73.3,109.4,2550.0,0.043,5.9,5.9,0
8674710918,245681969,0,Lokmanya Tilak Road,secondary,2,43.6,109.4,2550.0,0.043,3.5,3.5,0
11045848054,1351277751,0,Lokmanya Tilak Road,secondary,2,5.3,109.4,2550.0,0.043,0.4,0.4,0
12438442938,1352227902,0,Lokmanya Tilak Road,secondary,2,3.7,109.4,2550.0,0.043,0.3,0.3,0
5360243585,245681989,0,Lokmanya Tilak Road,secondary,2,112.2,109.4,2550.0,0.043,9.0,9.0,0
11431904106,9872216370,0,Lokmanya Tilak Road,secondary,2,99.5,109.4,2550.0,0.043,8.0,8.0,0
245681968,11045848054,0,Lokmanya Tilak Road,secondary,2,32.1,109.4,2550.0,0.043,2.6,2.6,0
5360243584,5360243585,0,Lokmanya Tilak Road,secondary,2,61.0,109.4,2550.0,0.043,4.9,4.9,0
10956832461,6604369239,0,Lokmanya Tilak Road,secondary,2,35.6,109.4,2550.0,0.043,2.8,2.8,0
9909233783,245681974,0,Lokmanya Tilak Road,secondary,2,44.1,109.4,2550.0,0.043,3.5,3.5,0
245681962,11431904106,0,Lokmanya Tilak Road,secondary,2,7.6,109.4,2550.0,0.043,0.6,0.6,0
6615790230,12438442938,0,Lokmanya Tilak Road,secondary,2,12.2,109.4,2550.0,0.043,1.0,1.0,0
9909233787,8711529853,0,Lokmanya Tilak Road,secondary,2,9.5,109.4,2550.0,0.043,0.8,0.8,0
8707987876,245681962,0,Lokmanya Tilak Road,secondary,2,90.6,109.4,2550.0,0.043,7.3,7.3,0
7361584928,9909233787,0,Lokmanya Tilak Road,secondary,2,63.0,109.4,2550.0,0.043,5.0,5.0,0
7331358914,6615790230,0,Lokmanya Tilak Road,secondary,2,73.1,109.4,2550.0,0.043,5.8,5.8,0
13729998233,1156127277,0,Balasaheb Thackeray Flyover,primary,4,158.3,249.3,6120.0,0.041,14.2,14.2,0
4374680531,4374680532,0,Balasaheb Thackeray Flyover,primary,4,48.8,249.3,6120.0,0.041,4.4,4.4,0
4374680532,13729998233,0,Balasaheb Thackeray Flyover,primary,4,915.3,249.3,6120.0,0.041,82.4,82.4,0
7388123459,7388123461,0,J Dsuoza Road,secondary,2,33.5,97.7,2550.0,0.038,2.7,2.7,0
7374550837,627835899,0,J Dsuoza Road,secondary,2,89.5,97.7,2550.0,0.038,7.2,7.2,0
627836085,1343009456,0,Chunilal Giridharlal Road,secondary,2,114.4,97.7,2550.0,0.038,9.2,9.2,0
11070529429,627835897,0,J Dsuoza Road,secondary,2,80.2,97.7,2550.0,0.038,6.4,6.4,0
1343009456,3795056245,0,Chunilal Giridharlal Road,secondary,2,219.7,97.7,2550.0,0.038,17.6,17.6,0
2222707840,13774426555,0,Fr. Justin D'Souza Road,secondary,2,126.2,97.7,2550.0,0.038,10.1,10.1,0
627835897,7388123459,0,J Dsuoza Road,secondary,2,22.3,97.7,2550.0,0.038,1.8,1.8,0
3795056259,627836085,0,Chunilal Giridharlal Road,secondary,2,129.9,97.7,2550.0,0.038,10.4,10.4,0
245679943,11037162121,0,Fr. Justin D'Souza Road,secondary,2,57.6,97.7,2550.0,0.038,4.6,4.6,0
13649033309,7374550837,0,Fr. Justin D'Souza Road,secondary,2,41.9,97.7,2550.0,0.038,3.3,3.3,0
7388123461,3795056259,0,Chunilal Giridharlal Road,secondary,2,50.3,97.7,2550.0,0.038,4.0,4.0,0
3795056245,627835035,0,Chunilal Giridharlal Road,secondary,2,255.5,97.7,2550.0,0.038,20.4,20.4,0
13774426555,7374550838,0,Fr. Justin D'Souza Road,secondary,2,103.5,97.7,2550.0,0.038,8.3,8.3,0
2958525029,2222707840,0,Fr. Justin D'Souza Road,secondary,2,9.1,97.7,2550.0,0.038,0.7,0.7,0
7374550838,13649033303,0,Fr. Justin D'Souza Road,secondary,2,5.9,97.7,2550.0,0.038,0.5,0.5,0
13649033303,13649033309,0,Fr. Justin D'Souza Road,secondary,2,7.9,97.7,2550.0,0.038,0.6,0.6,0
11037162121,2958525029,0,Fr. Justin D'Souza Road,secondary,2,83.1,97.7,2550.0,0.038,6.6,6.6,0
627835899,11070529429,0,J Dsuoza Road,secondary,2,103.9,97.7,2550.0,0.038,8.3,8.3,0
1156163024,6430474706,0,Western Express Highway,trunk,2,1347.1,99.3,3230.0,0.031,80.8,80.8,0
1188635569,10956905146,0,Ramchandra M. Bhattad Road,secondary,2,226.8,59.5,2550.0,0.023,18.1,18.1,0
10282000622,13649033184,0,Ramchandra M. Bhattad Road,secondary,2,14.7,59.5,2550.0,0.023,1.2,1.2,0
10279869766,10279869769,0,Ramchandra M. Bhattad Road,secondary,2,25.0,59.5,2550.0,0.023,2.0,2.0,0
13649033184,1352212388,0,Ramchandra M. Bhattad Road,secondary,2,90.1,59.5,2550.0,0.023,7.2,7.2,0
10279869769,10279869768,0,FM Cariappa Flyover,secondary,2,12.8,59.5,2550.0,0.023,1.0,1.0,0
1352212388,1188635569,0,Ramchandra M. Bhattad Road,secondary,2,103.2,59.5,2550.0,0.023,8.3,8.3,0
11927518741,10279869766,0,Ramchandra M. Bhattad Road,secondary,2,493.2,59.5,2550.0,0.023,39.5,39.5,0
10956905146,619169980,0,Ramchandra M. Bhattad Road,secondary,2,301.5,59.5,2550.0,0.023,24.1,24.1,0
619169980,11927518741,0,Ramchandra M. Bhattad Road,secondary,2,10.2,59.5,2550.0,0.023,0.8,0.8,0
13279321841,13877132376,0,,secondary,2,218.5,47.6,2550.0,0.019,17.5,17.5,0
6117461538,13437517363,0,,primary_link,2,27.7,51.6,3060.0,0.017,1.8,1.8,0
5130752103,3737943440,0,Sahar Road Underpass,primary,2,484.3,37.4,3060.0,0.012,31.7,31.7,0
4104861727,1640852143,0,Sahar Elevated Road,primary,2,477.0,37.4,3060.0,0.012,31.2,31.2,0
3217430426,4104861727,0,Sahar Elevated Road,primary,2,535.8,37.4,3060.0,0.012,35.1,35.1,0
1640852143,2647317724,0,Sahar Elevated Road,primary,2,1596.7,37.4,3060.0,0.012,104.5,104.5,0
2233650692,1936499782,0,Swami Vivekanand Road,primary,2,44.2,33.4,3060.0,0.011,2.9,2.9,0
4362415503,245678133,0,Swami Vivekanand Road,primary,2,41.5,33.4,3060.0,0.011,2.7,2.7,0
1172405289,621287161,0,Swami Vivekanand Road,primary,2,43.3,33.4,3060.0,0.011,2.8,2.8,0
621287160,1174145919,0,Swami Vivekanand Road,primary,2,42.0,33.4,3060.0,0.011,2.8,2.8,0
12293476231,1172422230,0,Swami Vivekanand Road,primary,2,93.5,33.4,3060.0,0.011,6.1,6.1,0
2233650585,621287605,0,Swami Vivekanand Road,primary,2,50.3,33.4,3060.0,0.011,3.3,3.3,0
1194195803,621287163,0,Swami Vivekanand Road,primary,2,242.2,33.4,3060.0,0.011,15.9,15.9,0
621287163,13872349167,0,Swami Vivekanand Road,primary,2,148.0,33.4,3060.0,0.011,9.7,9.7,0
1172422230,2622692776,0,Swami Vivekanand Road,primary,2,138.4,33.4,3060.0,0.011,9.1,9.1,0
10960996712,1172405289,0,Swami Vivekanand Road,primary,2,5.9,33.4,3060.0,0.011,0.4,0.4,0
621287603,7374583160,0,Swami Vivekanand Road,primary,2,46.3,33.4,3060.0,0.011,3.0,3.0,0
621287605,1173885979,0,Swami Vivekanand Road,primary,2,76.2,33.4,3060.0,0.011,5.0,5.0,0
1186872620,1186870804,0,Swami Vivekanand Road,primary,2,102.6,33.4,3060.0,0.011,6.7,6.7,0
1173885979,4362415503,0,Swami Vivekanand Road,primary,2,100.6,33.4,3060.0,0.011,6.6,6.6,0
1936499769,621287603,0,Swami Vivekanand Road,primary,2,84.4,33.4,3060.0,0.011,5.5,5.5,0
621287161,12293476231,0,Swami Vivekanand Road,primary,2,9.1,33.4,3060.0,0.011,0.6,0.6,0
1936499782,619185674,0,Swami Vivekanand Road,primary,2,22.3,33.4,3060.0,0.011,1.5,1.5,0
6436057783,10960996712,0,Swami Vivekanand Road,primary,2,214.8,33.4,3060.0,0.011,14.1,14.1,0
7374583160,1913057624,0,Swami Vivekanand Road,primary,2,91.2,33.4,3060.0,0.011,6.0,6.0,0
1913057624,1186872620,0,Swami Vivekanand Road,primary,2,53.6,33.4,3060.0,0.011,3.5,3.5,0
1936499741,2233650585,0,Swami Vivekanand Road,primary,2,197.2,33.4,3060.0,0.011,12.9,12.9,0
1186870804,2233650692,0,Swami Vivekanand Road,primary,2,48.2,33.4,3060.0,0.011,3.2,3.2,0
13872349167,6436057783,0,Swami Vivekanand Road,primary,2,149.8,33.4,3060.0,0.011,9.8,9.8,0
245678133,1936499769,0,Swami Vivekanand Road,primary,2,101.7,33.4,3060.0,0.011,6.7,6.7,0
1169481166,1936499741,0,Swami Vivekanand Road,primary,2,50.2,33.4,3060.0,0.011,3.3,3.3,0
1174145919,7394181646,0,Swami Vivekanand Road,primary,2,152.1,33.4,3060.0,0.011,10.0,10.0,0
2622692776,621287160,0,Swami Vivekanand Road,primary,2,27.0,33.4,3060.0,0.011,1.8,1.8,0
13856203926,1194195803,0,Swami Vivekanand Road,primary,2,14.2,33.4,3060.0,0.011,0.9,0.9,0
7394181646,1169481166,0,Swami Vivekanand Road,primary,2,7.7,33.4,3060.0,0.011,0.5,0.5,0
13856203928,10593412252,0,Mrunaltai Gore Flyover,secondary,2,10.3,24.4,2550.0,0.01,0.8,0.8,0
5355278570,6117461538,0,Balasaheb Thackeray Flyover,primary,4,1023.0,60.6,6120.0,0.01,92.1,92.1,0
13856203925,13856203926,0,,secondary,2,8.2,24.4,2550.0,0.01,0.7,0.7,0
10277547739,4611106873,0,,secondary,2,149.3,24.4,2550.0,0.01,11.9,11.9,0
4611102181,10277547739,0,,secondary,2,21.2,24.4,2550.0,0.01,1.7,1.7,0
10593412252,13856049994,0,Mrunaltai Gore Flyover,secondary,2,32.8,24.4,2550.0,0.01,2.6,2.6,0
5483788799,4611102181,0,Service Road,secondary,2,301.6,24.4,2550.0,0.01,24.1,24.1,0
13856049994,13856203925,0,,secondary,2,121.1,24.4,2550.0,0.01,9.7,9.7,0
6495099186,13856203928,0,Mrunaltai Gore Flyover,secondary,2,557.9,24.4,2550.0,0.01,44.6,44.6,0
4611106873,6495099186,0,Mrunaltai Gore Flyover,secondary,2,395.5,24.4,2550.0,0.01,31.6,31.6,0
2249326319,1153987056,0,Western Express Highway,trunk,2,28.7,29.9,3230.0,0.009,1.7,1.7,0
2251057053,2249302243,0,Times Of India Flyover,trunk,2,492.2,29.9,3230.0,0.009,27.3,27.3,0
13732603780,2249326319,0,Dindoshi flyover,trunk,2,597.3,29.9,3230.0,0.009,35.8,35.8,0
1153987056,13718558331,0,Pathanwadi Flyover,trunk,2,451.7,29.9,3230.0,0.009,27.1,27.1,0
3217430355,3217430426,0,Sahar Elevated Road,primary,3,409.9,37.4,4590.0,0.008,26.8,26.8,0
3737943440,3217430355,0,Sahar Elevated Road,primary,3,1906.6,37.4,4590.0,0.008,114.4,114.4,0
13730003355,5355278570,0,,primary_link,2,85.2,22.8,3060.0,0.007,5.6,5.6,0
13594878146,1166163195,0,Dattapada Road,secondary,2,6.9,15.4,2550.0,0.006,0.5,0.5,0
13765867248,13765867247,0,Western Express Highway,trunk,3,18.8,29.9,4845.0,0.006,1.0,1.0,0
619169992,13893172429,0,Dattapada Road,secondary,2,95.4,15.4,2550.0,0.006,7.6,7.6,0
12123666452,2629701239,0,Western Express Highway,trunk,3,279.0,29.9,4845.0,0.006,16.7,16.7,0
2249268465,2249268505,0,Western Express Highway,trunk,3,446.0,29.9,4845.0,0.006,26.8,26.8,0
1166163195,12217724183,0,Dattapada Road,secondary,2,230.4,15.4,2550.0,0.006,18.4,18.4,0
6571717035,2250992838,0,Western Express Highway,trunk,3,28.0,29.9,4845.0,0.006,1.7,1.7,0
10926044216,11953322544,0,Dattapada Road,secondary,2,143.4,15.4,2550.0,0.006,11.5,11.5,0
3243952040,3243952044,0,FM Cariappa Flyover,secondary,2,141.4,15.4,2550.0,0.006,11.3,11.3,0
2250992834,13720570069,0,Western Express Highway,trunk,3,229.9,29.9,4845.0,0.006,13.8,13.8,0
13765867242,13015207660,0,Western Express Highway,trunk,3,30.1,29.9,4845.0,0.006,1.7,1.7,0
2250992838,2250992839,0,Western Express Highway,trunk,3,119.6,29.9,4845.0,0.006,7.2,7.2,0
13765867247,2249268388,0,Western Express Highway,trunk,3,8.7,29.9,4845.0,0.006,0.5,0.5,0
2249268505,12123666452,0,Western Express Highway,trunk,3,9.2,29.9,4845.0,0.006,0.6,0.6,0
13765867244,13765867242,0,Western Express Highway,trunk,3,39.6,29.9,4845.0,0.006,2.2,2.2,0
2249302243,13765867244,0,Western Express Highway,trunk,3,346.3,29.9,4845.0,0.006,19.2,19.2,0
13718558331,2250992834,0,Pathanwadi Flyover,trunk,3,13.7,29.9,4845.0,0.006,0.8,0.8,0
2250992839,2251057053,0,Western Express Highway,trunk,3,467.9,29.9,4845.0,0.006,28.1,28.1,0
13015207660,13765867248,0,Western Express Highway,trunk,3,272.9,29.9,4845.0,0.006,15.1,15.1,0
2249268415,2251057081,0,Western Express Highway,trunk,3,53.7,29.9,4845.0,0.006,3.2,3.2,0
12217724186,619169992,0,Dattapada Road,secondary,2,85.0,15.4,2550.0,0.006,6.8,6.8,0
1496188269,3243952040,0,Dattapada Road,secondary,2,437.0,15.4,2550.0,0.006,35.0,35.0,0
13893172442,1496188269,0,Dattapada Road,secondary,2,11.8,15.4,2550.0,0.006,0.9,0.9,0
13893172429,13893172442,0,Dattapada Road,secondary,2,23.3,15.4,2550.0,0.006,1.9,1.9,0
13720570069,6571717035,0,Western Express Highway,trunk,3,62.2,29.9,4845.0,0.006,3.7,3.7,0
349131637,2249268465,0,Western Express Highway,trunk,3,352.5,29.9,4845.0,0.006,21.2,21.2,0
2249268388,2249268415,0,Western Express Highway,trunk,3,408.2,29.9,4845.0,0.006,22.6,22.6,0
2251057081,349131637,0,Mahindra Flyover,trunk,3,797.7,29.9,4845.0,0.006,47.9,47.9,0
2629701239,2249268513,0,Western Express Highway,trunk,3,28.3,29.9,4845.0,0.006,1.7,1.7,0
12217724183,12217724186,0,Dattapada Road,secondary,2,56.6,15.4,2550.0,0.006,4.5,4.5,0
11953322544,13594878146,0,Dattapada Road,secondary,2,74.2,15.4,2550.0,0.006,5.9,5.9,0
5346644809,5355278570,0,Balasaheb Thackeray Flyover,primary,4,78.5,37.8,6120.0,0.006,7.1,7.1,0
2399395002,2399395064,0,Devidas Road,primary,2,6.7,14.5,3060.0,0.005,0.4,0.4,0
2249268668,2399105035,0,Sudheer Phadke Flyover,primary,2,631.4,14.5,3060.0,0.005,41.3,41.3,0
5483788798,10877195128,0,,trunk_link,3,18.6,24.4,4845.0,0.005,1.1,1.1,0
2399394927,2399395002,0,Sudheer Phadke Flyover,primary,2,18.8,14.5,3060.0,0.005,1.2,1.2,0
2399105035,2222709983,0,Sudheer Phadke Flyover,primary,2,305.0,14.5,3060.0,0.005,20.0,20.0,0
10877195128,5483788799,0,,trunk_link,3,21.0,24.4,4845.0,0.005,1.3,1.3,0
2222709983,2399394927,0,Sudheer Phadke Flyover,primary,2,111.5,14.5,3060.0,0.005,7.3,7.3,0
2249201922,2249268668,0,,primary,2,91.6,14.5,3060.0,0.005,6.0,6.0,0
1920266029,621284872,0,Swami Vivekanand Road,primary,2,38.9,9.0,3060.0,0.003,2.5,2.5,0
10926044210,10926044216,0,,trunk_link,3,54.6,15.4,4845.0,0.003,3.3,3.3,0
12123666436,10926044210,0,,trunk_link,3,7.7,15.4,4845.0,0.003,0.5,0.5,0
13437517362,5346620503,0,Swami Vivekanand Road,primary,2,15.4,9.0,3060.0,0.003,1.0,1.0,0
1174942001,13856203926,0,Swami Vivekanand Road,primary,2,36.3,9.0,3060.0,0.003,2.4,2.4,0
13856261794,7385909175,0,Swami Vivekanand Road,primary,2,91.7,9.0,3060.0,0.003,6.0,6.0,0
13859362766,10960976280,0,Swami Vivekanand Road,primary,2,105.1,9.0,3060.0,0.003,6.9,6.9,0
621284872,1920266049,0,Swami Vivekanand Road,primary,2,107.2,9.0,3060.0,0.003,7.0,7.0,0
621284871,2629436073,0,Swami Vivekanand Road,primary,2,10.3,9.0,3060.0,0.003,0.7,0.7,0
5346620503,11052175418,0,Swami Vivekanand Road,primary,2,24.1,9.0,3060.0,0.003,1.6,1.6,0
621287166,13855397767,0,Swami Vivekanand Road,primary,2,13.0,9.0,3060.0,0.003,0.8,0.8,0
10925691263,621284868,0,Swami Vivekanand Road,primary,2,39.4,9.0,3060.0,0.003,2.6,2.6,0
11052175418,1920266029,0,Swami Vivekanand Road,primary,2,240.6,9.0,3060.0,0.003,15.7,15.7,0
621284868,2250413558,0,Swami Vivekanand Road,primary,2,21.7,9.0,3060.0,0.003,1.4,1.4,0
621287167,1919753013,0,Swami Vivekanand Road,primary,2,115.4,9.0,3060.0,0.003,7.6,7.6,0
1920266049,621284871,0,Swami Vivekanand Road,primary,2,113.7,9.0,3060.0,0.003,7.4,7.4,0
13859362768,6495298575,0,Swami Vivekanand Road,primary,2,131.4,9.0,3060.0,0.003,8.6,8.6,0
3792771364,2249268595,0,Western Express Highway,trunk,3,11.2,14.5,4845.0,0.003,0.7,0.7,0
1919753013,2250413568,0,Swami Vivekanand Road,primary,2,47.9,9.0,3060.0,0.003,3.1,3.1,0
7366092499,13859362768,0,Swami Vivekanand Road,primary,2,18.3,9.0,3060.0,0.003,1.2,1.2,0
2250413568,13856261794,0,Swami Vivekanand Road,primary,2,125.7,9.0,3060.0,0.003,8.2,8.2,0
2629436073,10925691263,0,Swami Vivekanand Road,primary,2,72.8,9.0,3060.0,0.003,4.8,4.8,0
2233649811,621287167,0,Swami Vivekanand Road,primary,2,66.8,9.0,3060.0,0.003,4.4,4.4,0
13820044822,3792771364,0,Western Express Highway,trunk,3,390.1,14.5,4845.0,0.003,23.4,23.4,0
2249268513,12123666436,0,,trunk_link,3,287.1,15.4,4845.0,0.003,17.2,17.2,0
6495298575,13859362766,0,Swami Vivekanand Road,primary,2,7.6,9.0,3060.0,0.003,0.5,0.5,0
13855397767,7366092499,0,Swami Vivekanand Road,primary,2,22.5,9.0,3060.0,0.003,1.5,1.5,0
2250413558,2233649811,0,Swami Vivekanand Road,primary,2,17.0,9.0,3060.0,0.003,1.1,1.1,0
10960976280,1174942001,0,Swami Vivekanand Road,primary,2,9.5,9.0,3060.0,0.003,0.6,0.6,0
7385909175,621287166,0,Swami Vivekanand Road,primary,2,13.2,9.0,3060.0,0.003,0.9,0.9,0
2249268513,13820044822,0,Western Express Highway,trunk,3,640.9,14.5,4845.0,0.003,38.5,38.5,0
2249268595,2249201919,0,Western Express Highway,trunk,4,908.0,14.5,6460.0,0.002,54.5,54.5,0
2249201919,2249201922,0,Western Express Highway,trunk,4,59.6,14.5,6460.0,0.002,3.6,3.6,0
6117461538,5346620507,0,Balasaheb Thackeray Flyover,primary,4,24.4,9.0,6120.0,0.001,2.2,2.2,0
5346620507,13437517362,0,Balasaheb Thackeray Flyover,primary,4,13.9,9.0,6120.0,0.001,1.2,1.2,0
1646827543,866835014,0,Guru Nanak Road,secondary,2,125.1,0.0,2550.0,0.0,10.0,10.0,0
1934768150,4178790375,0,Kamalakar Pant Walawalkar Marg,primary,2,55.4,0.0,3060.0,0.0,3.6,3.6,0
10936694574,7358348618,0,Devidas Road,primary,2,4.1,0.0,3060.0,0.0,0.3,0.3,0
2897024813,2897024816,0,,primary_link,2,43.5,0.0,3060.0,0.0,2.8,2.8,0
13947008808,13947151152,0,Sion Bandra Link Road,primary,2,125.3,0.0,3060.0,0.0,8.2,8.2,0
245667863,13619400535,0,,secondary,2,94.3,0.0,2550.0,0.0,7.5,7.5,0
10168211206,10168211205,0,Lokmanya Tilak Road,secondary,2,39.7,0.0,2550.0,0.0,3.2,3.2,0
245667607,245667763,0,Linking Road,secondary,2,135.3,0.0,2550.0,0.0,10.8,10.8,0
245667863,245667688,0,Vidya Nagari Marg,secondary,2,272.3,0.0,2550.0,0.0,21.8,21.8,0
13649033306,13649033301,0,,secondary_link,2,21.8,0.0,2550.0,0.0,1.7,1.7,0
4357109784,884244616,0,Balasaheb Devras Road,secondary,2,201.8,0.0,2550.0,0.0,16.1,16.1,0
245667605,13503549885,0,Chitrakar Dhurandar Road,secondary,2,70.9,0.0,2550.0,0.0,5.7,5.7,0
13649033306,13648828699,0,Chunilal Giridharlal Road,secondary,2,23.4,0.0,2550.0,0.0,1.9,1.9,0
1646827550,1936294786,0,Jai Prakash Road,secondary,2,39.8,0.0,2550.0,0.0,3.2,3.2,0
4104861727,3217430479,0,,secondary,2,415.9,0.0,2550.0,0.0,33.3,33.3,0
13947008808,245663884,0,,primary_link,2,9.0,0.0,3060.0,0.0,0.6,0.6,0
2222708826,10654529061,0,Mahatma Gandhi Road,secondary,2,80.7,0.0,2550.0,0.0,6.5,6.5,0
13649033301,13648828699,0,Fr. Justin D'Souza Road,secondary,2,26.7,0.0,2550.0,0.0,2.1,2.1,0
13522294905,347115647,0,Perry Road,secondary,2,30.9,0.0,2550.0,0.0,2.5,2.5,0
1343002718,3794262397,0,Kachipada Ramchandra Lane,secondary,2,102.4,0.0,2550.0,0.0,8.2,8.2,0
2897024816,10279771623,0,Bandra Kurla Complex Road,primary,3,393.7,0.0,4590.0,0.0,25.8,25.8,0
10877179697,7379512614,0,Linking Road,secondary,2,185.8,0.0,2550.0,0.0,14.9,14.9,0
13649016929,10277304366,0,Mahatma Gandhi Road,secondary,2,52.6,0.0,2550.0,0.0,4.2,4.2,0
7374550837,13649033301,0,Fr. Justin D'Souza Road,secondary,2,19.8,0.0,2550.0,0.0,1.6,1.6,0
10267187204,3217430317,0,,primary_link,2,11.3,0.0,3060.0,0.0,0.7,0.7,0
3526719584,866807393,0,Vaikunthlal Mehta Road,secondary,2,42.1,0.0,2550.0,0.0,3.4,3.4,0
3217430319,1640852143,0,,primary_link,2,457.2,0.0,3060.0,0.0,29.9,29.9,0
5988087560,5988087561,0,,secondary,2,11.9,0.0,2550.0,0.0,1.0,1.0,0
13658380384,245680677,0,Mahatma Gandhi Road,secondary,2,6.5,0.0,2550.0,0.0,0.5,0.5,0
2897024818,2897024822,0,,secondary,3,18.1,0.0,3825.0,0.0,1.4,1.4,0
12406085638,10384248275,0,Santa Cruz – Chembur Link Road,trunk,3,2.7,0.0,4845.0,0.0,0.2,0.2,0
13658380383,7378436383,0,Mahatma Gandhi Road,secondary,2,88.1,0.0,2550.0,0.0,7.0,7.0,0
2247989255,346633199,0,Hill Road,secondary,2,62.4,0.0,2550.0,0.0,7.5,7.5,0
2897024818,2897024816,0,Bandra Kurla Complex Road,primary,3,21.6,0.0,4590.0,0.0,1.4,1.4,0
4357117968,1936580431,0,Swami Vivekanand Road,primary,2,131.0,0.0,3060.0,0.0,8.6,8.6,0
12123666451,12123666452,0,,trunk_link,3,13.6,0.0,4845.0,0.0,0.8,0.8,0
1343002718,13382974525,0,Kachipada Ramchandra Lane,secondary,2,158.0,0.0,2550.0,0.0,12.6,12.6,0
5988087560,2973125832,0,Vallabhabhai Patel Road,secondary,2,4.8,0.0,2550.0,0.0,0.4,0.4,0
12123666452,12123666451,0,,trunk_link,3,13.6,0.0,4845.0,0.0,0.8,0.8,0
4357109779,1174192794,0,Mahatma Gandhi Road,secondary,2,33.2,0.0,2550.0,0.0,2.7,2.7,0
7357634686,7357634717,0,Miragaon Road,secondary,2,151.5,0.0,2550.0,0.0,12.1,12.1,0
7374550820,3795056211,0,Kachipada Ramchandra Lane,secondary,2,133.8,0.0,2550.0,0.0,10.7,10.7,0
1934768150,864964221,0,Bhakti Vedanta Swami Marg,primary,2,10.9,0.0,3060.0,0.0,0.7,0.7,0
1646827551,969803897,0,Swami Vivekanand Road,primary,2,120.0,0.0,3060.0,0.0,7.9,7.9,0
1934768210,9121870533,0,Balasaheb Sawant Road,secondary,2,119.7,0.0,2550.0,0.0,9.6,9.6,0
10292442915,2897022062,0,Street 3,secondary,2,205.0,0.0,2550.0,0.0,16.4,16.4,0
10277304363,6204119854,0,Goregaon Link Road,primary,2,42.7,0.0,3060.0,0.0,2.8,2.8,0
12393568322,2250825507,0,,motorway_link,2,746.1,0.0,3400.0,0.0,33.6,33.6,0
10277304366,10277304363,0,,primary_link,2,46.4,0.0,3060.0,0.0,3.0,3.0,0
10277304366,7345211334,0,Mahatma Gandhi Road,secondary,2,29.9,0.0,2550.0,0.0,2.4,2.4,0
867276551,13437191827,0,Link Road,primary,2,120.8,0.0,3060.0,0.0,7.9,7.9,0
2222708784,13652254282,0,,secondary,2,26.1,0.0,2550.0,0.0,2.1,2.1,0
2221979758,2222709438,0,Kadsiddheshwar Marg,secondary,2,115.5,0.0,2550.0,0.0,9.2,9.2,0
7361902368,7361925203,0,Aarey Colony Road,secondary,2,160.9,0.0,2550.0,0.0,12.9,12.9,0
1934768191,1934768197,0,Balasaheb Sawant Road,secondary,2,110.4,0.0,2550.0,0.0,8.8,8.8,0
7158617888,866839667,0,Vaikunthlal Mehta Road,secondary,2,12.2,0.0,2550.0,0.0,1.0,1.0,0
4104861750,4104861752,0,,secondary,2,47.8,0.0,2550.0,0.0,3.8,3.8,0
2221979756,10308639482,0,Kadsiddheshwar Marg,secondary,2,26.2,0.0,2550.0,0.0,1.9,1.9,0
2897024798,631507993,0,Bandra Kurla Complex Road,primary,3,8.0,0.0,4590.0,0.0,0.5,0.5,0
10168211204,10928869092,0,Lokmanya Tilak Road,secondary,2,43.1,0.0,2550.0,0.0,3.5,3.5,0
4104861752,6552261009,0,,secondary,2,366.3,0.0,2550.0,0.0,29.3,29.3,0
1934768186,13451974355,0,Balasaheb Sawant Road,secondary,2,10.7,0.0,2550.0,0.0,0.9,0.9,0
7385487134,9674225639,0,Linking Road,secondary,2,9.2,0.0,2550.0,0.0,0.7,0.7,0
1934768186,867276793,0,Saint Louis Convent Marg,secondary,2,10.4,0.0,2550.0,0.0,0.8,0.8,0
4104861753,10653548875,0,,secondary,2,16.2,0.0,2550.0,0.0,1.3,1.3,0
4104861753,3217430464,0,,secondary,2,45.1,0.0,2550.0,0.0,3.6,3.6,0
10168211205,10168211204,0,Lokmanya Tilak Road,secondary,2,69.6,0.0,2550.0,0.0,5.6,5.6,0
7158617885,866839628,0,Juhu Tara Road,secondary,2,50.2,0.0,2550.0,0.0,4.0,4.0,0
13858486372,7394181654,0,Mahatma Gandhi Road,secondary,2,100.0,0.0,2550.0,0.0,8.0,8.0,0
7361902368,5968350606,0,Aarey Colony Road,secondary,2,53.1,0.0,2550.0,0.0,4.2,4.2,0
245667874,245668023,0,Linking Road,secondary,2,173.4,0.0,2550.0,0.0,13.9,13.9,0
13649016929,7345211329,0,,secondary_link,2,12.4,0.0,2550.0,0.0,1.0,1.0,0
2221979683,2221979640,0,Dr Babasaheb Ambedkar Road,secondary,2,133.0,0.0,2550.0,0.0,10.6,10.6,0
2222708796,245680708,0,Mahatma Gandhi Road,secondary,2,166.6,0.0,2550.0,0.0,13.3,13.3,0
2443139103,1647747116,0,Sion Bandra Link Road,primary,2,708.7,0.0,3060.0,0.0,46.4,46.4,0
13858486372,1169541070,0,Mahatma Gandhi Road,secondary,2,14.5,0.0,2550.0,0.0,1.2,1.2,0
2443139105,296857847,0,Bandra Kurla Complex Road,primary,5,29.0,0.0,7650.0,0.0,1.9,1.9,0
2897024795,10279771627,0,Bandra Kurla Complex Road,primary,3,346.8,0.0,4590.0,0.0,22.7,22.7,0
2443139105,2443139103,0,Bandra Kurla Complex Road,primary_link,2,41.2,0.0,3060.0,0.0,2.7,2.7,0
7158617885,13095713714,0,,secondary,2,8.7,0.0,2550.0,0.0,0.7,0.7,0
1934768209,1934768210,0,Balasaheb Sawant Road,secondary,2,53.8,0.0,2550.0,0.0,4.3,4.3,0
1934768165,623217288,0,Balasaheb Sawant Road,secondary,2,49.5,0.0,2550.0,0.0,4.0,4.0,0
1934768200,7358788703,0,Balasaheb Sawant Road,secondary,2,11.3,0.0,2550.0,0.0,0.9,0.9,0
2897024768,13479795792,0,BKC - WEH Connector,secondary,2,1164.8,0.0,2550.0,0.0,93.2,93.2,0
7158617889,866839628,0,,secondary,2,43.3,0.0,2550.0,0.0,3.5,3.5,0
1934768165,245672811,0,,primary_link,2,36.4,0.0,3060.0,0.0,2.4,2.4,0
1646827559,4697188966,0,Ceasar Road,secondary,2,177.2,0.0,2550.0,0.0,14.2,14.2,0
13522294904,10882715566,0,Perry Road,secondary,2,52.3,0.0,2550.0,0.0,4.2,4.2,0
1934768197,1934779498,0,Balasaheb Sawant Road,secondary,2,59.2,0.0,2550.0,0.0,4.7,4.7,0
4328028201,9739950371,0,Bandra Station Road,secondary,2,99.0,0.0,2550.0,0.0,7.9,7.9,0
7158617889,2442374465,0,,secondary,2,12.9,0.0,2550.0,0.0,1.0,1.0,0
14002141299,2224023937,0,Link Road,primary,2,81.7,0.0,3060.0,0.0,5.3,5.3,0
14002141298,14002141299,0,Link Road,primary,2,11.4,0.0,3060.0,0.0,0.7,0.7,0
6497154927,619309806,0,Lal Bahadur Shastri Marg,primary,2,215.7,0.0,3060.0,0.0,14.1,14.1,0
9674225639,9674225640,0,,secondary_link,2,9.0,0.0,2550.0,0.0,0.7,0.7,0
13734361088,13734361087,0,,trunk_link,3,17.8,0.0,4845.0,0.0,1.1,1.1,0
245667763,245667874,0,Linking Road,secondary,2,132.9,0.0,2550.0,0.0,10.6,10.6,0
2221979546,2222709056,0,,secondary,2,228.3,0.0,2550.0,0.0,18.3,18.3,0
2897024865,2897024870,0,Vidya Nagari Marg,secondary,2,21.7,0.0,2550.0,0.0,1.7,1.7,0
8700057501,4352245939,0,Lal Bahadur Shastri Marg,primary,2,90.4,0.0,3060.0,0.0,5.9,5.9,0
2897024862,7366246698,0,Santa Cruz – Chembur Link Road,trunk,3,11.9,0.0,4845.0,0.0,0.7,0.7,0
2897024861,7104101070,0,Santa Cruz – Chembur Link Road,trunk,3,283.8,0.0,4845.0,0.0,17.0,17.0,0
11144198046,10564298261,0,Mathuradas Vasanji Road (Andheri Kurla Road),primary,2,115.9,0.0,3060.0,0.0,7.6,7.6,0
2897024861,245667447,0,,secondary,3,26.4,0.0,3825.0,0.0,2.1,2.1,0
867276705,4357170859,0,Saint Louis Convent Marg,secondary,2,13.8,0.0,2550.0,0.0,1.1,1.1,0
12293379928,621273334,0,Swami Vivekanand Road,primary,2,12.0,0.0,3060.0,0.0,0.8,0.8,0
652613466,12393568324,0,,primary,2,402.4,0.0,3060.0,0.0,26.3,26.3,0
6429734745,6430399596,0,Lal Bahadur Shastri Marg,primary,2,221.7,0.0,3060.0,0.0,14.5,14.5,0
5841999704,10112883690,0,Sion Panvel Highway,trunk,4,136.9,0.0,6460.0,0.0,8.2,8.2,0
5841999704,7749797456,0,BKC Connector,secondary,2,1721.6,0.0,2550.0,0.0,177.1,177.1,0
5841999703,245664779,0,Sion Panvel Highway,trunk,5,648.5,0.0,8075.0,0.0,38.9,38.9,0
13520099253,13520933669,0,Manuel Gonsalves Road,secondary,2,76.8,0.0,2550.0,0.0,6.1,6.1,0
245667737,245667716,0,Chitrakar Dhurandar Road,secondary,2,43.7,0.0,2550.0,0.0,3.5,3.5,0
3217430355,10267187204,0,,primary_link,2,337.1,0.0,3060.0,0.0,22.1,22.1,0
245667667,245667644,0,Chitrakar Dhurandar Road,secondary,2,93.7,0.0,2550.0,0.0,7.5,7.5,0
13520099253,13520099254,0,,secondary_link,2,6.2,0.0,2550.0,0.0,0.5,0.5,0
2897024850,13799160903,0,,secondary,3,106.2,0.0,3825.0,0.0,8.5,8.5,0
13520099254,13520099256,0,Manuel Gonsalves Road,secondary,2,10.3,0.0,2550.0,0.0,1.2,1.2,0
13520099254,13520099253,0,,secondary_link,2,6.2,0.0,2550.0,0.0,0.5,0.5,0
13520099255,13520099253,0,Manuel Gonsalves Road,secondary,2,10.1,0.0,2550.0,0.0,0.8,0.8,0
13520099255,13520099256,0,,secondary_link,2,6.2,0.0,2550.0,0.0,0.5,0.5,0
13520099256,4328035970,0,Manuel Gonsalves Road,secondary,2,44.0,0.0,2550.0,0.0,5.3,5.3,0
13520099256,13520099255,0,,secondary_link,2,6.2,0.0,2550.0,0.0,0.5,0.5,0
5792364474,4307211865,0,,secondary,2,7.6,0.0,2550.0,0.0,0.6,0.6,0
2221979473,2222708784,0,,secondary,2,25.5,0.0,2550.0,0.0,2.0,2.0,0
1640273643,1640273641,0,R K Paramhans Road,secondary,2,17.1,0.0,2550.0,0.0,1.4,1.4,0
5792364474,1179191712,0,Road No 1,secondary,2,144.0,0.0,2550.0,0.0,11.5,11.5,0
2897024865,2897024862,0,Santa Cruz – Chembur Link Road,trunk,3,13.2,0.0,4845.0,0.0,0.8,0.8,0
2221979490,2221979514,0,,secondary,2,92.6,0.0,2550.0,0.0,7.4,7.4,0
10877179702,10877243111,0,Linking Road,secondary,2,27.1,0.0,2550.0,0.0,2.2,2.2,0
2897024870,245667688,0,Vidya Nagari Marg,secondary,2,12.0,0.0,2550.0,0.0,1.0,1.0,0
12778567539,3217430317,0,,primary_link,2,50.2,0.0,3060.0,0.0,3.3,3.3,0
13744256887,5340187004,0,Juhu Tara Road,secondary,2,56.0,0.0,2550.0,0.0,4.5,4.5,0
2221979514,245680777,0,,secondary,2,97.6,0.0,2550.0,0.0,7.8,7.8,0
13652084595,13652084593,0,Dr Babasaheb Ambedkar Road,secondary,2,29.7,0.0,2550.0,0.0,2.4,2.4,0
13652084595,13652084596,0,,secondary_link,2,7.0,0.0,2550.0,0.0,0.6,0.6,0
10770749309,10921550007,0,Hill Road,secondary,2,2.9,0.0,2550.0,0.0,0.3,0.3,0
583309182,346604267,0,,motorway_link,3,208.2,0.0,5100.0,0.0,9.4,9.4,0
583309182,346604601,0,Western Freeway,motorway,3,332.6,0.0,5100.0,0.0,15.0,15.0,0
9884931950,13867818990,0,Goregaon Link Road,primary,2,112.2,0.0,3060.0,0.0,7.3,7.3,0
13795940227,2244961768,0,Mathuradas Vasanji Road (Andheri Kurla Road),primary,2,8.5,0.0,3060.0,0.0,0.6,0.6,0
13795940227,13796109030,0,,primary,2,127.7,0.0,3060.0,0.0,8.4,8.4,0
245667716,245667684,0,Chitrakar Dhurandar Road,secondary,2,86.6,0.0,2550.0,0.0,6.9,6.9,0
245675885,13439147159,0,Behrambaug Road,primary,2,133.0,0.0,3060.0,0.0,8.7,8.7,0
1156134791,13877484187,0,,secondary,1,147.7,0.0,1275.0,0.0,11.8,11.8,0
245667688,245667863,0,Vidya Nagari Marg,secondary,2,272.3,0.0,2550.0,0.0,21.8,21.8,0
2897024866,2897024865,0,Santa Cruz – Chembur Link Road,trunk,3,42.3,0.0,4845.0,0.0,2.5,2.5,0
245667719,13503728764,0,Swami Vivekanand Road,primary,2,79.5,0.0,3060.0,0.0,5.2,5.2,0
245667688,2897024862,0,Vidya Nagari Marg,secondary,2,32.6,0.0,2550.0,0.0,2.6,2.6,0
13795940234,13795940240,0,,primary,2,100.6,0.0,3060.0,0.0,6.6,6.6,0
1416525707,7345211333,0,Mahatma Gandhi Road,secondary,2,97.8,0.0,2550.0,0.0,7.8,7.8,0
1416525707,7345380802,0,,secondary,2,13.0,0.0,2550.0,0.0,1.0,1.0,0
1353471884,3736835088,0,Mahatma Gandhi Road,secondary,2,88.8,0.0,2550.0,0.0,7.1,7.1,0
13795940239,245670043,0,,primary_link,2,7.9,0.0,3060.0,0.0,0.5,0.5,0
867276646,9117998475,0,Saint Louis Convent Marg,secondary,2,229.5,0.0,2550.0,0.0,18.4,18.4,0
13795940239,13597495222,0,,primary,2,51.6,0.0,3060.0,0.0,3.4,3.4,0
13795940240,13795940241,0,,primary,2,14.1,0.0,3060.0,0.0,0.9,0.9,0
13795940241,13795940239,0,,primary,2,71.2,0.0,3060.0,0.0,4.7,4.7,0
13795940242,13795940234,0,,primary,2,48.4,0.0,3060.0,0.0,3.2,3.2,0
245667684,245667667,0,Chitrakar Dhurandar Road,secondary,2,106.0,0.0,2550.0,0.0,8.5,8.5,0
2897024866,2897024870,0,,trunk_link,3,45.7,0.0,4845.0,0.0,2.7,2.7,0
13382833995,10653604968,0,Mathuradas Vasanji Road,secondary,2,184.1,0.0,2550.0,0.0,14.7,14.7,0
11497379659,10635534062,0,Linking Road,secondary,2,154.8,0.0,2550.0,0.0,12.4,12.4,0
9406592842,11036583129,0,Jogeshwari Vikhroli Link Road,primary,3,453.1,0.0,4590.0,0.0,29.7,29.7,0
2897024822,631525441,0,Bandra Kurla Complex Road,primary,3,10.0,0.0,4590.0,0.0,0.7,0.7,0
13649033185,13649033184,0,,secondary_link,2,13.9,0.0,2550.0,0.0,1.1,1.1,0
2247989218,347176820,0,Gurunanak Marg (Turner Road),secondary,1,266.1,0.0,1275.0,0.0,21.3,21.3,0
5353822010,13503944689,0,Gurunanak Marg,secondary,1,72.6,0.0,1275.0,0.0,5.8,5.8,0
11787007974,10282000612,0,Goregaon Link Road,primary,2,44.0,0.0,3060.0,0.0,2.9,2.9,0
9674225639,7379512620,0,Linking Road,secondary,2,50.2,0.0,2550.0,0.0,4.0,4.0,0
9674225640,9674225639,0,,secondary_link,2,9.0,0.0,2550.0,0.0,0.7,0.7,0
9674225640,245669080,0,Linking Road,secondary,2,65.3,0.0,2550.0,0.0,5.2,5.2,0
867276601,867276551,0,Link Road,primary,2,199.7,0.0,3060.0,0.0,13.1,13.1,0
867276779,867276646,0,Saint Louis Convent Marg,secondary,2,137.1,0.0,2550.0,0.0,11.0,11.0,0
13858674669,627835045,0,Chincholi Bunder Road,secondary,2,13.1,0.0,2550.0,0.0,1.0,1.0,0
10877179704,10877243109,0,Linking Road,secondary,2,7.7,0.0,2550.0,0.0,0.6,0.6,0
13858674669,10921238993,0,Chincholi Bunder Road,secondary,2,352.3,0.0,2550.0,0.0,28.2,28.2,0
13503944689,347149835,0,Gurunanak Marg,secondary,1,39.3,0.0,1275.0,0.0,3.1,3.1,0
245667826,245667778,0,Chitrakar Dhurandar Road,secondary,2,85.4,0.0,2550.0,0.0,6.8,6.8,0
6271834098,13537225634,0,,secondary_link,2,6.2,0.0,2550.0,0.0,0.5,0.5,0
245667584,245667719,0,Swami Vivekanand Road,primary,2,134.5,0.0,3060.0,0.0,8.8,8.8,0
6271834098,6271834099,0,,secondary,2,40.6,0.0,2550.0,0.0,3.3,3.3,0
6271834100,13537225636,0,,secondary,2,25.7,0.0,2550.0,0.0,2.1,2.1,0
6271834100,13537225635,0,,secondary_link,2,6.5,0.0,2550.0,0.0,0.5,0.5,0
6271834099,7298841985,0,,secondary_link,2,6.1,0.0,2550.0,0.0,0.5,0.5,0
6271834099,11064822734,0,,secondary,2,17.9,0.0,2550.0,0.0,1.4,1.4,0
2221979640,13652103604,0,Dr Babasaheb Ambedkar Road,secondary,2,52.2,0.0,2550.0,0.0,4.2,4.2,0
2897024822,6552758946,0,,secondary,3,26.8,0.0,3825.0,0.0,2.1,2.1,0
867276793,7398089775,0,Balasaheb Sawant Road,secondary,2,8.6,0.0,2550.0,0.0,0.7,0.7,0
867276793,867276705,0,Saint Louis Convent Marg,secondary,2,202.0,0.0,2550.0,0.0,16.2,16.2,0
13503944696,471591707,0,Gurunanak Marg,secondary,1,73.0,0.0,1275.0,0.0,5.8,5.8,0
245676028,884430084,0,Behrambaug Road,primary,2,11.5,0.0,3060.0,0.0,0.8,0.8,0
13734361085,13734361086,0,,trunk_link,3,17.2,0.0,4845.0,0.0,1.0,1.0,0
13734361086,13734361085,0,,trunk_link,3,17.2,0.0,4845.0,0.0,1.0,1.0,0
13734361087,13734361088,0,,trunk_link,3,17.8,0.0,4845.0,0.0,1.1,1.1,0
13649033184,13649033185,0,,secondary_link,2,13.9,0.0,2550.0,0.0,1.1,1.1,0
14090541019,8443532254,0,BKC - WEH Connector,secondary,2,8.5,0.0,2550.0,0.0,0.7,0.7,0
1158617054,5936572194,0,Cross Road C,secondary,2,12.7,0.0,2550.0,0.0,1.0,1.0,0
1158617054,2527538652,0,Krantiveer Lakhuji Salve Marg,secondary,2,82.8,0.0,2550.0,0.0,6.6,6.6,0
3217430464,5130752067,0,,secondary,2,47.2,0.0,2550.0,0.0,3.8,3.8,0
3217430345,245670288,0,I A Project Road,secondary,2,392.8,0.0,2550.0,0.0,31.4,31.4,0
3217430345,4014863213,0,,secondary,2,15.9,0.0,2550.0,0.0,1.3,1.3,0
245667778,245667737,0,Chitrakar Dhurandar Road,secondary,2,40.4,0.0,2550.0,0.0,3.2,3.2,0
3217430342,5130752071,0,,secondary,2,11.0,0.0,2550.0,0.0,0.9,0.9,0
13519173576,9787156063,0,Hill Road,secondary,2,16.1,0.0,2550.0,0.0,1.9,1.9,0
3217430477,4104861753,0,,secondary,2,34.8,0.0,2550.0,0.0,2.8,2.8,0
3217430477,3217430464,0,,secondary,2,60.5,0.0,2550.0,0.0,4.8,4.8,0
3217430342,13946963970,0,,secondary,2,22.5,0.0,2550.0,0.0,1.8,1.8,0
5353822017,13503944696,0,Gurunanak Marg,secondary,1,39.7,0.0,1275.0,0.0,3.2,3.2,0
13859362766,13859362767,0,,primary_link,2,8.2,0.0,3060.0,0.0,0.5,0.5,0
3217430479,245671031,0,,secondary,2,455.7,0.0,2550.0,0.0,36.5,36.5,0
13859362767,13859362766,0,,primary_link,2,8.2,0.0,3060.0,0.0,0.5,0.5,0
13732648913,13732648920,0,General A K Vaidya Marg,secondary,2,6.0,0.0,2550.0,0.0,0.5,0.5,0
10082236370,7298842020,0,Danda Boulevard,secondary,2,5.8,0.0,2550.0,0.0,0.5,0.5,0
5353822012,5353822010,0,Gurunanak Marg,secondary,1,191.6,0.0,1275.0,0.0,15.3,15.3,0
10082236369,7241601893,0,,secondary,2,95.4,0.0,2550.0,0.0,7.6,7.6,0
13859362769,13859362768,0,,primary_link,2,9.2,0.0,3060.0,0.0,0.6,0.6,0
2221979605,13648926261,0,Hanuman Mandir Marg,secondary,2,40.2,0.0,2550.0,0.0,3.2,3.2,0
2221979606,2221979605,0,Hanuman Mandir Marg,secondary,2,111.2,0.0,2550.0,0.0,8.9,8.9,0
13859362768,13859362769,0,,primary_link,2,9.2,0.0,3060.0,0.0,0.6,0.6,0
5353822013,5353822012,0,Gurunanak Marg,secondary,1,176.2,0.0,1275.0,0.0,14.1,14.1,0
245667644,13476464226,0,Chitrakar Dhurandar Road,secondary,2,40.9,0.0,2550.0,0.0,3.3,3.3,0
13732648920,2233650814,0,General A K Vaidya Marg,secondary,2,146.5,0.0,2550.0,0.0,11.7,11.7,0
2247989204,13713728683,0,Hill Road,secondary,2,13.0,0.0,2550.0,0.0,1.6,1.6,0
2969409500,1651800884,0,Squatters Colony Road,secondary,2,124.6,0.0,2550.0,0.0,10.0,10.0,0
245675997,884429971,0,,secondary,2,9.1,0.0,2550.0,0.0,0.7,0.7,0
245675997,7257905770,0,Bhau Tatoba Toraskar Marg,primary,2,214.7,0.0,3060.0,0.0,14.1,14.1,0
1158617054,1184124456,0,Cross Road C,secondary,2,121.5,0.0,2550.0,0.0,9.7,9.7,0
10277265408,10277265407,0,Kasturba Gandhi Road,secondary,2,67.0,0.0,2550.0,0.0,5.4,5.4,0
10654529061,2222708871,0,Mahatma Gandhi Road,secondary,2,8.8,0.0,2550.0,0.0,0.7,0.7,0
10168211194,10168211192,0,Lokmanya Tilak Road,secondary,2,88.3,0.0,2550.0,0.0,7.1,7.1,0
1642951851,1654348854,0,,trunk_link,2,25.0,0.0,3230.0,0.0,1.5,1.5,0
13652284584,7377674141,0,Boraspada Road,secondary,2,99.0,0.0,2550.0,0.0,7.9,7.9,0
9739285675,4328028201,0,Bandra Station Road,secondary,2,95.4,0.0,2550.0,0.0,7.6,7.6,0
346633397,11057906714,0,Hill Road,secondary,2,4.1,0.0,2550.0,0.0,0.5,0.5,0
8323355831,13521149004,0,,secondary_link,2,7.7,0.0,2550.0,0.0,0.6,0.6,0
8323355831,13521149005,0,,secondary,2,36.2,0.0,2550.0,0.0,2.9,2.9,0
1174222014,245677558,0,Mahatma Gandhi Road,secondary,2,55.0,0.0,2550.0,0.0,4.4,4.4,0
6429037762,245664057,0,Sant Rohidas Marg,primary,2,9.1,0.0,3060.0,0.0,0.6,0.6,0
2804520131,5470238123,0,Santa Cruz – Chembur Link Road,trunk,3,64.3,0.0,4845.0,0.0,3.9,3.9,0
884364483,7357652039,0,Jai Prakash Road,secondary,2,113.5,0.0,2550.0,0.0,9.1,9.1,0
13514568901,10882715571,0,Perry Road,secondary,2,6.2,0.0,2550.0,0.0,0.5,0.5,0
884430021,884220274,0,,secondary,2,147.3,0.0,2550.0,0.0,11.8,11.8,0
884430027,2125225677,0,Link Road,primary,2,152.7,0.0,3060.0,0.0,10.0,10.0,0
13514568910,13514568911,0,,secondary_link,2,6.7,0.0,2550.0,0.0,0.5,0.5,0
13514568910,10882727459,0,Manuel Gonsalves Road,secondary,2,32.5,0.0,2550.0,0.0,2.6,2.6,0
13514568911,13520933662,0,Manuel Gonsalves Road,secondary,2,20.2,0.0,2550.0,0.0,2.4,2.4,0
13514568911,13514568910,0,,secondary_link,2,6.7,0.0,2550.0,0.0,0.5,0.5,0
884430034,9884931950,0,Goregaon Link Road,primary,2,9.5,0.0,3060.0,0.0,0.6,0.6,0
4364457175,10882727464,0,Hill Road,secondary,2,67.0,0.0,2550.0,0.0,8.0,8.0,0
2246472919,1366028055,0,Kale Marg,secondary,2,63.7,0.0,2550.0,0.0,5.1,5.1,0
7385085145,11032106297,0,Laxman Mhatre Road,secondary,2,118.0,0.0,2550.0,0.0,9.4,9.4,0
2246472923,1366028058,0,Magan Nathuram Road,primary,2,15.4,0.0,3060.0,0.0,1.0,1.0,0
7379784929,6204119875,0,Link Road,primary,2,99.8,0.0,3060.0,0.0,6.5,6.5,0
4342420711,10542391526,0,Jawaharlal Nehru Road,secondary,2,127.0,0.0,2550.0,0.0,10.2,10.2,0
10277265403,13681043579,0,Kasturba Gandhi Road,secondary,2,60.6,0.0,2550.0,0.0,4.8,4.8,0
4342420719,4342420711,0,Jawaharlal Nehru Road,secondary,2,43.7,0.0,2550.0,0.0,3.5,3.5,0
10277265405,10277265403,0,Kasturba Gandhi Road,secondary,2,25.1,0.0,2550.0,0.0,2.0,2.0,0
9869792498,629023678,0,R M Road,secondary,2,9.9,0.0,2550.0,0.0,0.8,0.8,0
7330976939,7331473502,0,Link Road,primary,2,45.5,0.0,3060.0,0.0,3.0,3.0,0
1642951851,5792167749,0,C S M T Kurla Junction Flyover,trunk,3,735.4,0.0,4845.0,0.0,44.1,44.1,0
10168211197,12434923492,0,Lokmanya Tilak Road,secondary,2,122.9,0.0,2550.0,0.0,9.8,9.8,0
13652284587,13652284586,0,Boraspada Road,secondary,2,10.1,0.0,2550.0,0.0,0.8,0.8,0
884429971,884429984,0,Link Road,primary,2,11.2,0.0,3060.0,0.0,0.7,0.7,0
884429971,884430078,0,,secondary,2,179.5,0.0,2550.0,0.0,14.4,14.4,0
6494934165,6494909532,0,Lal Bahadur Shastri Marg,primary,2,104.3,0.0,3060.0,0.0,6.8,6.8,0
6494934165,6494934166,0,,primary_link,2,9.8,0.0,3060.0,0.0,0.6,0.6,0
884429975,7370744209,0,Bhau Tatoba Toraskar Marg,primary,2,124.0,0.0,3060.0,0.0,8.1,8.1,0
245666966,10279771631,0,Street 7,secondary,2,47.1,0.0,2550.0,0.0,3.8,3.8,0
245666966,2897024737,0,Bandra Kurla Complex Road,primary,3,8.2,0.0,4590.0,0.0,0.5,0.5,0
884429977,13757945179,0,Bhau Tatoba Toraskar Marg,primary,2,170.1,0.0,3060.0,0.0,11.1,11.1,0
245675162,245675153,0,Balasaheb Devras Road,secondary,2,216.8,0.0,2550.0,0.0,17.3,17.3,0
884429979,10225596851,0,Bhau Tatoba Toraskar Marg,primary,2,13.0,0.0,3060.0,0.0,0.8,0.8,0
14072018077,2233648735,0,Mahakali Caves Road,secondary,2,132.4,0.0,2550.0,0.0,10.6,10.6,0
14072018077,10880918992,0,Mahakali Caves Road,secondary,2,60.2,0.0,2550.0,0.0,4.8,4.8,0
6494934166,6494934164,0,Lal Bahadur Shastri Marg,primary,2,49.0,0.0,3060.0,0.0,3.2,3.2,0
6494934166,6494934165,0,,primary_link,2,9.8,0.0,3060.0,0.0,0.6,0.6,0
884429983,12343396156,0,,secondary,2,79.9,0.0,2550.0,0.0,6.4,6.4,0
884429983,245675997,0,Link Road,primary,2,10.6,0.0,3060.0,0.0,0.7,0.7,0
884429984,884429983,0,,secondary,2,8.8,0.0,2550.0,0.0,0.7,0.7,0
884364447,7159714370,0,Achutrao Pawardhan Marg,secondary,2,8.5,0.0,2550.0,0.0,0.7,0.7,0
10636915871,10274112134,0,Dadabhai Road,secondary,2,6.6,0.0,2550.0,0.0,0.5,0.5,0
10636915871,9771116370,0,Swami Vivekanand Road,primary,2,220.3,0.0,3060.0,0.0,14.4,14.4,0
13859476644,13859476645,0,,secondary_link,2,7.1,0.0,2550.0,0.0,0.6,0.6,0
13859476644,7309530533,0,Purshottam Tondan Marg,secondary,1,140.3,0.0,1275.0,0.0,11.2,11.2,0
13859476645,13859476644,0,,secondary_link,2,7.1,0.0,2550.0,0.0,0.6,0.6,0
13859476645,13510287966,0,Purshottam Tondan Marg,secondary,1,31.6,0.0,1275.0,0.0,2.5,2.5,0
1642951846,1642951818,0,Eastern Express Highway,trunk,3,211.6,0.0,4845.0,0.0,12.7,12.7,0
13652284585,13652284584,0,Boraspada Road,secondary,2,10.3,0.0,2550.0,0.0,0.8,0.8,0
13652284586,1353464534,0,Boraspada Road,secondary,2,8.4,0.0,2550.0,0.0,0.7,0.7,0
4342420724,4342420719,0,Jawaharlal Nehru Road,secondary,2,48.7,0.0,2550.0,0.0,3.9,3.9,0
4342420729,4342420750,0,Jawaharlal Nehru Road,secondary,2,140.9,0.0,2550.0,0.0,11.3,11.3,0
884430078,884430122,0,,secondary,2,242.9,0.0,2550.0,0.0,19.4,19.4,0
2246472960,1366028058,0,Mathuradas Vasanji Road (Andheri Kurla Road),primary,2,35.5,0.0,3060.0,0.0,2.3,2.3,0
11032106297,10880492216,0,Laxman Mhatre Road,secondary,2,110.8,0.0,2550.0,0.0,8.9,8.9,0
13382931781,2244637709,0,Guru Hargovindji Road,primary,2,92.0,0.0,3060.0,0.0,6.0,6.0,0
13382931781,13382931785,0,,secondary_link,2,43.9,0.0,2550.0,0.0,3.5,3.5,0
13856961861,2233651462,0,Chincholi Bunder Road,secondary,2,87.0,0.0,2550.0,0.0,7.0,7.0,0
13856961861,4347060266,0,Chincholi Bunder Road,secondary,2,76.7,0.0,2550.0,0.0,6.1,6.1,0
13382931785,13382931781,0,,secondary_link,2,43.9,0.0,2550.0,0.0,3.5,3.5,0
245667153,2244797448,0,Swami Vivekanand Road,primary,2,15.5,0.0,3060.0,0.0,1.0,1.0,0
13641030475,4342420902,0,Jawaharlal Nehru Road,secondary,2,18.6,0.0,2550.0,0.0,1.5,1.5,0
884430163,884364577,0,P Tandon Marg,secondary,2,12.2,0.0,2550.0,0.0,1.0,1.0,0
6590248275,10921540397,0,Gurunanak Marg (Turner Road),secondary,2,94.1,0.0,2550.0,0.0,7.5,7.5,0
13757945178,245676468,0,Bhau Tatoba Toraskar Marg,primary,2,170.4,0.0,3060.0,0.0,11.2,11.2,0
13757945179,884429975,0,Bhau Tatoba Toraskar Marg,primary,2,7.1,0.0,3060.0,0.0,0.5,0.5,0
13992260957,1646827543,0,Guru Nanak Road,secondary,2,49.5,0.0,2550.0,0.0,4.0,4.0,0
13433910625,2804481652,0,Santa Cruz – Chembur Link Road,trunk,3,96.8,0.0,4845.0,0.0,5.8,5.8,0
9909376357,9909376358,0,,secondary_link,2,8.9,0.0,2550.0,0.0,0.7,0.7,0
9909376357,7345415537,0,Gorai Link Road,secondary,2,154.9,0.0,2550.0,0.0,12.4,12.4,0
9909376358,9909376357,0,,secondary_link,2,8.9,0.0,2550.0,0.0,0.7,0.7,0
9909376358,2222292035,0,Gorai Link Road,secondary,2,232.3,0.0,2550.0,0.0,18.6,18.6,0
10880324970,2224504082,0,Swami Vivekanand Road,secondary,2,8.7,0.0,2550.0,0.0,0.7,0.7,0
13857437036,10277590750,0,Ceasar Road,secondary,2,41.1,0.0,2550.0,0.0,3.3,3.3,0
12716963180,13519173576,0,Hill Road,secondary,2,28.7,0.0,2550.0,0.0,3.4,3.4,0
10880324971,10277277832,0,Swami Vivekanand Road,secondary,2,92.7,0.0,2550.0,0.0,7.4,7.4,0
13857437040,10277590753,0,Ceasar Road,secondary,2,117.8,0.0,2550.0,0.0,9.4,9.4,0
13857437037,1646827559,0,Ceasar Road,secondary,2,59.7,0.0,2550.0,0.0,4.8,4.8,0
10279564666,1184069030,0,Marol Maroshi Village Road,secondary,2,21.9,0.0,2550.0,0.0,1.8,1.8,0
10279564667,7416574454,0,Marol Maroshi Village Road,secondary,2,122.4,0.0,2550.0,0.0,9.8,9.8,0
13484135809,1651801000,0,,secondary,2,97.8,0.0,2550.0,0.0,7.8,7.8,0
2399106360,12375748351,0,,primary,2,447.3,0.0,3060.0,0.0,29.3,29.3,0
10277311794,13817629810,0,Kasturba Gandhi Road,secondary,2,91.7,0.0,2550.0,0.0,7.3,7.3,0
6615790899,6615660008,0,,secondary,2,257.0,0.0,2550.0,0.0,20.6,20.6,0
13654758673,13654758667,0,,secondary,2,9.8,0.0,2550.0,0.0,0.8,0.8,0
2246472960,4357381475,0,Mathuradas Vasanji Road (Andheri Kurla Road),primary,2,220.7,0.0,3060.0,0.0,14.4,14.4,0
10206786817,13720570068,0,,secondary,2,24.9,0.0,2550.0,0.0,2.0,2.0,0
884430084,2629436082,0,,secondary,2,9.2,0.0,2550.0,0.0,0.7,0.7,0
884430084,13769259593,0,Link Road,primary,2,15.5,0.0,3060.0,0.0,1.0,1.0,0
13523326214,9681688999,0,Hill Road,secondary,2,27.4,0.0,2550.0,0.0,3.3,3.3,0
13654758667,1351183145,0,Malad Marve Road,secondary,2,7.0,0.0,2550.0,0.0,0.6,0.6,0
13654758667,13786409210,0,,secondary,2,120.6,0.0,2550.0,0.0,9.6,9.6,0
13654758669,13654758674,0,,secondary,2,10.3,0.0,2550.0,0.0,0.8,0.8,0
13654758670,13654758669,0,,secondary,2,8.2,0.0,2550.0,0.0,0.7,0.7,0
4342420750,5911311114,0,Jawaharlal Nehru Road,secondary,2,121.5,0.0,2550.0,0.0,9.7,9.7,0
13437572368,13437572370,0,Mahakali Caves Road,secondary,2,15.4,0.0,2550.0,0.0,1.2,1.2,0
13437572368,10291159358,0,Mahakali Caves Road,secondary,2,36.8,0.0,2550.0,0.0,2.9,2.9,0
13654758674,13819263241,0,,secondary,2,7.2,0.0,2550.0,0.0,0.6,0.6,0
884430122,13769259590,0,,secondary,2,129.4,0.0,2550.0,0.0,10.4,10.4,0
13437572370,11066364389,0,Mahakali Caves Road,secondary,2,4.5,0.0,2550.0,0.0,0.4,0.4,0
13437572370,13437572368,0,Mahakali Caves Road,secondary,2,15.4,0.0,2550.0,0.0,1.2,1.2,0
10279916824,6554337255,0,Mathuradas Vasanji Road,secondary,2,73.9,0.0,2550.0,0.0,5.9,5.9,0
2399106329,2399106337,0,Sudheer Phadke Flyover,primary,2,286.3,0.0,3060.0,0.0,18.7,18.7,0
12408665372,6204119845,0,Goregaon Link Road,primary,2,280.5,0.0,3060.0,0.0,18.4,18.4,0
13523326236,9681688998,0,Hill Road,secondary,2,33.0,0.0,2550.0,0.0,4.0,4.0,0
884364577,245675627,0,Link Road,primary,2,15.8,0.0,3060.0,0.0,1.0,1.0,0
884364577,245675162,0,Balasaheb Devras Road,secondary,2,242.2,0.0,2550.0,0.0,19.4,19.4,0
2399106337,11140920279,0,,primary_link,2,196.5,0.0,3060.0,0.0,12.9,12.9,0
2399106337,2399106360,0,Sudheer Phadke Flyover,primary,2,639.9,0.0,3060.0,0.0,41.9,41.9,0
13641030467,13641030475,0,Jawaharlal Nehru Road,secondary,2,16.4,0.0,2550.0,0.0,1.3,1.3,0
4342420780,11046121963,0,Jawaharlal Nehru Road,secondary,2,133.3,0.0,2550.0,0.0,10.7,10.7,0
6494934164,6494934163,0,,primary_link,2,9.4,0.0,3060.0,0.0,0.6,0.6,0
6494934164,4352245929,0,Lal Bahadur Shastri Marg,primary,2,23.7,0.0,3060.0,0.0,1.6,1.6,0
6494934163,6494934164,0,,primary_link,2,9.4,0.0,3060.0,0.0,0.6,0.6,0
13857379356,13857379355,0,,secondary_link,2,12.9,0.0,2550.0,0.0,1.0,1.0,0
1343017943,2958524971,0,Chunilal Giridharlal Road,secondary,2,15.1,0.0,2550.0,0.0,1.2,1.2,0
8443532254,10266164932,0,BKC - WEH Connector,secondary,2,1018.1,0.0,2550.0,0.0,81.4,81.4,0
8443491302,8882200680,0,BKC - Sealink Road,motorway_link,2,48.0,0.0,3400.0,0.0,4.3,4.3,0
7366128616,12393569482,0,Vallabhabhai Patel Road,secondary,2,194.8,0.0,2550.0,0.0,15.6,15.6,0
346633199,10172786327,0,Hill Road,secondary,2,30.9,0.0,2550.0,0.0,3.7,3.7,0
864905251,12343305254,0,Gulmohar Road,primary,2,8.5,0.0,3060.0,0.0,0.6,0.6,0
13774033906,13786441509,0,Bhoomi Park Road,secondary,2,63.5,0.0,2550.0,0.0,5.1,5.1,0
346633203,2247989255,0,Hill Road,secondary,2,67.6,0.0,2550.0,0.0,8.1,8.1,0
346633207,13534655599,0,Hill Road,secondary,2,26.6,0.0,2550.0,0.0,3.2,3.2,0
2244637689,2244637699,0,Mathuradas Vasanji Road (Andheri Kurla Road),primary,2,90.8,0.0,3060.0,0.0,5.9,5.9,0
346633210,12293795280,0,Hill Road,secondary,2,71.2,0.0,2550.0,0.0,8.5,8.5,0
1184134142,9694187761,0,Mahakali Caves Road,secondary,2,158.0,0.0,2550.0,0.0,12.6,12.6,0
1184134142,3797889425,0,Mahakali Caves Road,secondary,2,110.5,0.0,2550.0,0.0,8.8,8.8,0
346633216,347168989,0,Hill Road,secondary,2,105.6,0.0,2550.0,0.0,12.7,12.7,0
2244637699,9166686475,0,Mathuradas Vasanji Road (Andheri Kurla Road),primary,2,35.3,0.0,3060.0,0.0,2.3,2.3,0
4343231499,12311833488,0,,primary_link,2,35.1,0.0,3060.0,0.0,2.3,2.3,0
2244637709,3708879345,0,Guru Hargovindji Road,primary,2,247.0,0.0,3060.0,0.0,16.2,16.2,0
245675024,13703251565,0,Achutrao Patwardhan Marg,secondary,2,24.3,0.0,2550.0,0.0,1.9,1.9,0
10239603728,619166256,0,,secondary,2,250.9,0.0,2550.0,0.0,20.1,20.1,0
10239603730,10239603728,0,,secondary,2,123.8,0.0,2550.0,0.0,9.9,9.9,0
7244551187,5265547246,0,Swami Vivekanand Road,primary,2,24.8,0.0,3060.0,0.0,1.6,1.6,0
3736835088,5126333103,0,Mahatma Gandhi Road,secondary,2,76.9,0.0,2550.0,0.0,6.1,6.1,0
866726930,10279333671,0,Guru Nanak Road,secondary,2,8.3,0.0,2550.0,0.0,0.7,0.7,0
10239603731,10239603730,0,,secondary,2,61.2,0.0,2550.0,0.0,4.9,4.9,0
7379219481,245668978,0,Linking Road,secondary,2,73.8,0.0,2550.0,0.0,5.9,5.9,0
13857379355,13857139731,0,Goregaon Mulund Link Road,secondary,2,184.7,0.0,2550.0,0.0,14.8,14.8,0
13857379355,13857379356,0,,secondary_link,2,12.9,0.0,2550.0,0.0,1.0,1.0,0
11140920279,245682470,0,Kasturba Gandhi Road,secondary,2,30.1,0.0,2550.0,0.0,2.4,2.4,0
11140920279,2399367035,0,,primary_link,2,9.1,0.0,3060.0,0.0,0.6,0.6,0
11140920278,2399105035,0,,primary_link,2,176.9,0.0,3060.0,0.0,11.6,11.6,0
13516051353,10882696217,0,Danda Boulevard (1st Road),secondary,2,19.8,0.0,2550.0,0.0,1.6,1.6,0
1361564545,10277477742,0,Datta Mandir Road,secondary,2,40.2,0.0,2550.0,0.0,3.2,3.2,0
10882945923,10942284330,0,N S Mankikar Marg,secondary,2,118.8,0.0,2550.0,0.0,9.5,9.5,0
10882945923,13797636932,0,,secondary_link,2,10.8,0.0,2550.0,0.0,0.9,0.9,0
10882945924,5836311789,0,N S Mankikar Marg,secondary,2,12.6,0.0,2550.0,0.0,1.0,1.0,0
10882945924,13797636931,0,N S Mankikar Marg,secondary,2,110.2,0.0,2550.0,0.0,8.8,8.8,0
10882945925,10882945924,0,N S Mankikar Marg,secondary,2,12.2,0.0,2550.0,0.0,1.0,1.0,0
10882945925,5836311787,0,,primary_link,2,7.6,0.0,3060.0,0.0,0.5,0.5,0
10882945928,5346805346,0,Road No 1,secondary,2,8.0,0.0,2550.0,0.0,0.6,0.6,0
10882945928,10882945932,0,Road No 1,secondary,2,123.1,0.0,2550.0,0.0,9.9,9.9,0
10882945932,4307211865,0,Road No 1,secondary,2,149.3,0.0,2550.0,0.0,11.9,11.9,0
1353479054,13652284587,0,Boraspada Road,secondary,2,98.9,0.0,2550.0,0.0,7.9,7.9,0
3743617937,10564373799,0,Santa Cruz – Chembur Link Road,trunk,3,148.6,0.0,4845.0,0.0,8.9,8.9,0
13516051353,13516051357,0,,secondary_link,2,24.7,0.0,2550.0,0.0,2.0,2.0,0
11140920278,11140920279,0,Kasturba Gandhi Road,secondary,2,23.7,0.0,2550.0,0.0,1.9,1.9,0
1173894044,7394181656,0,Mahatma Gandhi Road,secondary,2,34.1,0.0,2550.0,0.0,2.7,2.7,0
1173894044,7394181642,0,Mahatma Gandhi Road,secondary,2,22.7,0.0,2550.0,0.0,1.8,1.8,0
13516051357,13516051353,0,,secondary_link,2,24.7,0.0,2550.0,0.0,2.0,2.0,0
1177146270,2249269726,0,,secondary,2,228.1,0.0,2550.0,0.0,18.3,18.3,0
7944344486,9117998473,0,Jai Prakash Road,secondary,2,8.8,0.0,2550.0,0.0,0.7,0.7,0
7944344486,1171858781,0,Achutrao Pawardhan Marg,secondary,2,140.2,0.0,2550.0,0.0,11.2,11.2,0
2222707623,11038603967,0,Datta Mandir Road,secondary,2,18.1,0.0,2550.0,0.0,1.4,1.4,0
1646859183,245679988,0,Malad Marve Road,secondary,2,125.5,0.0,2550.0,0.0,10.0,10.0,0
12438442939,10839469177,0,Lokmanya Tilak Road,secondary,2,86.4,0.0,2550.0,0.0,6.9,6.9,0
1180382149,2249268637,0,,primary,2,46.4,0.0,3060.0,0.0,3.0,3.0,0
4374680526,4374680531,0,Balasaheb Thackeray Flyover,primary,4,20.6,0.0,6120.0,0.0,1.9,1.9,0
2244637649,2244637689,0,Mathuradas Vasanji Road (Andheri Kurla Road),primary,2,181.2,0.0,3060.0,0.0,11.9,11.9,0
13857379356,245678558,0,Goregaon Mulund Link Road,secondary,2,239.7,0.0,2550.0,0.0,19.2,19.2,0
4342420515,10925931781,0,Jawaharlal Nehru Road,secondary,2,46.5,0.0,2550.0,0.0,3.7,3.7,0
6494934163,6494934165,0,Lal Bahadur Shastri Marg,primary,2,48.1,0.0,3060.0,0.0,3.1,3.1,0
4342420515,8708174626,0,Jawaharlal Nehru Road,secondary,2,396.0,0.0,2550.0,0.0,31.7,31.7,0
9979171948,347194070,0,Linking Road,secondary,2,8.6,0.0,2550.0,0.0,0.7,0.7,0
10277909614,2244637649,0,Mathuradas Vasanji Road (Andheri Kurla Road),primary,2,171.4,0.0,3060.0,0.0,11.2,11.2,0
13534655599,12716963180,0,Hill Road,secondary,2,21.9,0.0,2550.0,0.0,2.6,2.6,0
12068066417,2622177309,0,Lal Bahadur Shastri Marg,primary,2,49.1,0.0,3060.0,0.0,3.2,3.2,0
10277909618,245671354,0,,secondary,2,36.7,0.0,2550.0,0.0,2.9,2.9,0
10277909618,10277909614,0,,secondary_link,2,50.2,0.0,2550.0,0.0,4.0,4.0,0
13521237106,10882715564,0,Perry Road,secondary,2,29.3,0.0,2550.0,0.0,2.3,2.3,0
10277909619,4340967981,0,Mathuradas Vasanji Road (Andheri Kurla Road),primary,2,30.6,0.0,3060.0,0.0,2.0,2.0,0
10277909619,10277909622,0,,secondary_link,2,49.3,0.0,2550.0,0.0,3.9,3.9,0
9979171957,5887563939,0,Linking Road,secondary,2,88.1,0.0,2550.0,0.0,7.0,7.0,0
10277909622,4340967973,0,,secondary,2,165.1,0.0,2550.0,0.0,13.2,13.2,0
1642951800,1642951851,0,Eastern Express Highway,trunk,3,283.0,0.0,4845.0,0.0,17.0,17.0,0
1642951800,12836695797,0,Sahitya Ratna Annabhau Sathe Flyover,trunk,4,535.8,0.0,6460.0,0.0,32.1,32.1,0
13985805433,7394181668,0,Mahatma Gandhi Road,secondary,2,29.2,0.0,2550.0,0.0,2.3,2.3,0
13521237115,471586454,0,Perry Road,secondary,2,53.5,0.0,2550.0,0.0,4.3,4.3,0
10277336188,7345415531,0,Gorai Link Road,secondary,2,134.0,0.0,2550.0,0.0,10.7,10.7,0
9979171964,245667153,0,Swami Vivekanand Road,primary,2,9.4,0.0,3060.0,0.0,0.6,0.6,0
245675138,7309530535,0,Main Road,secondary,2,10.9,0.0,2550.0,0.0,0.9,0.9,0
245675138,884198599,0,Balasaheb Devras Road,secondary,2,67.6,0.0,2550.0,0.0,5.4,5.4,0
3794269318,245679943,0,Malad Marve Road,secondary,2,20.8,0.0,2550.0,0.0,1.7,1.7,0
3794269318,9179528290,0,Link Road,primary,2,206.8,0.0,3060.0,0.0,13.5,13.5,0
1642886278,10308989514,0,,primary,2,301.2,0.0,3060.0,0.0,19.7,19.7,0
1642886278,13817629811,0,Kulupwadi,secondary,2,49.8,0.0,2550.0,0.0,4.0,4.0,0
10277336200,7345415535,0,Gorai Link Road,secondary,2,269.7,0.0,2550.0,0.0,21.6,21.6,0
1642951818,6569231063,0,Sion Panvel Highway,trunk_link,2,193.4,0.0,3230.0,0.0,11.6,11.6,0
1642951818,245664866,0,Eastern Express Highway,trunk,3,116.9,0.0,4845.0,0.0,7.0,7.0,0
245675153,245675138,0,Balasaheb Devras Road,secondary,2,151.3,0.0,2550.0,0.0,12.1,12.1,0
6618748009,985092027,0,,secondary,1,197.5,0.0,1275.0,0.0,15.8,15.8,0
6618748009,6618748008,0,,secondary_link,2,36.1,0.0,2550.0,0.0,2.9,2.9,0
6618748008,6618748009,0,,secondary_link,2,36.1,0.0,2550.0,0.0,2.9,2.9,0
245666879,1975073683,0,Swami Vivekanand Road,primary,2,23.9,0.0,3060.0,0.0,1.6,1.6,0
6243685412,593054844,0,Western Express Highway,motorway,3,852.3,0.0,5100.0,0.0,38.4,38.4,0
9410872931,2128594748,0,Juhu Tara Road,secondary,2,289.7,0.0,2550.0,0.0,23.2,23.2,0
6243685414,6243685412,0,Kalanagar Flyover,motorway,3,579.7,0.0,5100.0,0.0,52.2,52.2,0
6243685414,9931191124,0,,motorway_link,3,287.7,0.0,5100.0,0.0,12.9,12.9,0
6243685418,6243685415,0,Kalanagar Flyover,motorway,4,580.7,0.0,6800.0,0.0,52.3,52.3,0
245675050,12086495837,0,Link Road,primary,2,164.8,0.0,3060.0,0.0,10.8,10.8,0
10926044209,13875496132,0,,trunk_link,3,87.6,0.0,4845.0,0.0,5.3,5.3,0
10926044210,1178672927,0,,trunk_link,3,32.6,0.0,4845.0,0.0,2.0,2.0,0
13794333749,2246472776,0,Magan Nathuram Road,primary,2,5.0,0.0,3060.0,0.0,0.3,0.3,0
2244637750,10274081276,0,Krantiveer Lakhuji Salve Marg,secondary,2,42.6,0.0,2550.0,0.0,3.4,3.4,0
1642951740,2629741737,0,,primary,2,46.2,0.0,3060.0,0.0,3.0,3.0,0
1642951740,1642954392,0,Sion Panvel Highway,trunk,5,146.9,0.0,8075.0,0.0,8.8,8.8,0
1642951748,2629741737,0,Sewri-Chembur Road,primary,2,284.7,0.0,3060.0,0.0,18.6,18.6,0
10277336164,1375170808,0,Gorai Link Road,secondary,2,10.9,0.0,2550.0,0.0,0.9,0.9,0
1642951748,1642951740,0,Sion Panvel Highway,trunk,5,243.1,0.0,8075.0,0.0,14.6,14.6,0
11017614405,13103357040,0,Jai Prakash Road,secondary,3,22.1,0.0,3825.0,0.0,1.8,1.8,0
2246472776,1647285907,0,Magan Nathuram Road,primary,2,401.2,0.0,3060.0,0.0,26.3,26.3,0
1642951755,1642951748,0,Sion Panvel Highway,trunk,5,36.5,0.0,8075.0,0.0,2.2,2.2,0
5346620503,4374680526,0,Balasaheb Thackeray Flyover,primary,4,14.2,0.0,6120.0,0.0,1.3,1.3,0
6494909532,6493927745,0,Lal Bahadur Shastri Marg,primary,2,154.7,0.0,3060.0,0.0,10.1,10.1,0
6494909532,6494909533,0,,primary_link,2,10.6,0.0,3060.0,0.0,0.7,0.7,0
6494909533,6494909532,0,,primary_link,2,10.6,0.0,3060.0,0.0,0.7,0.7,0
6494909533,6494934166,0,Lal Bahadur Shastri Marg,primary,2,104.0,0.0,3060.0,0.0,6.8,6.8,0
3794269279,7388110229,0,Link Road,primary,2,282.1,0.0,3060.0,0.0,18.5,18.5,0
7358788704,6604299451,0,Balasaheb Sawant Road,secondary,2,12.4,0.0,2550.0,0.0,1.0,1.0,0
7358788703,1934768209,0,Balasaheb Sawant Road,secondary,2,231.8,0.0,2550.0,0.0,18.5,18.5,0
10279564676,7416574444,0,Maroshi Village Road,secondary,2,111.1,0.0,2550.0,0.0,8.9,8.9,0
10279564678,10279564679,0,,secondary_link,2,6.3,0.0,2550.0,0.0,0.5,0.5,0
10279564678,10279564676,0,Maroshi Village Road,secondary,2,50.3,0.0,2550.0,0.0,4.0,4.0,0
13523465896,13523465897,0,,secondary_link,2,10.0,0.0,2550.0,0.0,0.8,0.8,0
4328035970,346633210,0,Hill Road,secondary,2,83.9,0.0,2550.0,0.0,10.1,10.1,0
4328035970,9916444554,0,,secondary,2,6.9,0.0,2550.0,0.0,0.6,0.6,0
3879392899,11144198046,0,Mathuradas Vasanji Road (Andheri Kurla Road),primary,2,87.8,0.0,3060.0,0.0,5.7,5.7,0
2897024644,2897024648,0,,primary_link,2,48.7,0.0,3060.0,0.0,3.2,3.2,0
245667457,13523554740,0,Swami Vivekanand Road,primary,2,103.5,0.0,3060.0,0.0,6.8,6.8,0
2897024648,2897024628,0,Bandra Kurla Complex Road,primary,3,340.8,0.0,4590.0,0.0,22.3,22.3,0
2897024651,296853816,0,Bandra Kurla Complex Road,primary,3,8.1,0.0,4590.0,0.0,0.5,0.5,0
2222708366,10564712615,0,Link Road,primary,2,93.2,0.0,3060.0,0.0,6.1,6.1,0
2897024656,2897024658,0,Bandra Kurla Complex Road,primary,3,8.3,0.0,4590.0,0.0,0.5,0.5,0
2897024658,2897024742,0,Bandra Kurla Complex Road,primary,3,383.7,0.0,4590.0,0.0,25.1,25.1,0
1647285907,2246472923,0,Magan Nathuram Road,primary,2,55.4,0.0,3060.0,0.0,3.6,3.6,0
2222708372,7345377679,0,,secondary,2,97.1,0.0,2550.0,0.0,7.8,7.8,0
471586454,347115650,0,Perry Road,secondary,2,80.6,0.0,2550.0,0.0,6.4,6.4,0
11070903959,13797636937,0,,secondary,2,52.4,0.0,2550.0,0.0,4.2,4.2,0
11070903959,6606994871,0,,secondary_link,2,8.7,0.0,2550.0,0.0,0.7,0.7,0
6046553755,2899067852,0,Santa Cruz – Chembur Link Road,trunk,3,40.2,0.0,4845.0,0.0,2.4,2.4,0
7353775774,7398098998,0,Achutrao Pawardhan Marg,secondary,2,87.7,0.0,2550.0,0.0,7.0,7.0,0
7325267617,7385085145,0,Laxman Mhatre Road,secondary,2,50.5,0.0,2550.0,0.0,4.0,4.0,0
3979605666,9137843243,0,CD Barfiwala Road,primary,2,120.0,0.0,3060.0,0.0,7.9,7.9,0
13523465891,4335012908,0,Linking Road,secondary,2,26.2,0.0,2550.0,0.0,2.1,2.1,0
13523465891,13523465892,0,,secondary_link,2,9.5,0.0,2550.0,0.0,0.8,0.8,0
13523465892,13523465891,0,,secondary_link,2,9.5,0.0,2550.0,0.0,0.8,0.8,0
13523465892,13523465893,0,Linking Road,secondary,2,107.3,0.0,2550.0,0.0,8.6,8.6,0
867276452,10613530999,0,Jai Prakash Road,secondary,2,5.4,0.0,2550.0,0.0,0.4,0.4,0
13523465894,7384246017,0,Linking Road,secondary,2,41.5,0.0,2550.0,0.0,3.3,3.3,0
13523465894,13523465895,0,,secondary_link,2,10.5,0.0,2550.0,0.0,0.8,0.8,0
13523465895,13523465897,0,Linking Road,secondary,2,28.3,0.0,2550.0,0.0,2.3,2.3,0
10877916800,10877916796,0,Bandra Kurla Complex Road,primary,2,16.0,0.0,3060.0,0.0,1.0,1.0,0
10877916800,2622177275,0,Bandra Kurla Complex Road,primary,2,118.8,0.0,3060.0,0.0,7.8,7.8,0
1632712320,1186902567,0,Malad Underpass,secondary,2,163.8,0.0,2550.0,0.0,13.1,13.1,0
245675627,884430027,0,Link Road,primary,2,155.9,0.0,3060.0,0.0,10.2,10.2,0
2897024609,2897024601,0,,primary_link,2,56.8,0.0,3060.0,0.0,3.7,3.7,0
2897024611,245666448,0,Street 3,secondary,2,77.4,0.0,2550.0,0.0,6.2,6.2,0
5639804517,5467677837,0,Sion Bandra Link Road,primary,2,8.8,0.0,3060.0,0.0,0.6,0.6,0
5639804517,13769598237,0,Lal Bahadur Shastri Marg,primary,2,61.0,0.0,3060.0,0.0,4.0,4.0,0
2897024614,12079741513,0,Bandra Kurla Complex Road,primary,3,7.0,0.0,4590.0,0.0,0.5,0.5,0
5639804518,2629436046,0,Dharavi Depot Road,primary,2,61.0,0.0,3060.0,0.0,4.0,4.0,0
5639804518,5639804517,0,Lal Bahadur Shastri Marg,primary,2,10.9,0.0,3060.0,0.0,0.7,0.7,0
2897024615,2897024611,0,Street 3,secondary,2,41.5,0.0,2550.0,0.0,3.3,3.3,0
2897024615,296857806,0,Bandra Kurla Complex Road,primary,3,8.2,0.0,4590.0,0.0,0.5,0.5,0
5639804519,5639804518,0,Dharavi Depot Road,primary,2,8.7,0.0,3060.0,0.0,0.6,0.6,0
5639804519,6491549419,0,Lal Bahadur Shastri Marg,primary,2,251.6,0.0,3060.0,0.0,16.5,16.5,0
245675627,884379407,0,Off New Link Road,primary,2,12.3,0.0,3060.0,0.0,0.8,0.8,0
2897024623,245666274,0,Avenue 3: Lane 3,secondary,2,233.6,0.0,2550.0,0.0,18.7,18.7,0
1632712320,1361561210,0,Datta Mandir Road,secondary,2,11.0,0.0,2550.0,0.0,0.9,0.9,0
2246473329,10057734283,0,Mathuradas Vasanji Road (Andheri Kurla Road),primary,2,16.6,0.0,3060.0,0.0,1.1,1.1,0
2246473329,2246473273,0,Mathuradas Vasanji Road (Andheri Kurla Road),primary,2,126.1,0.0,3060.0,0.0,8.3,8.3,0
2897024625,245666141,0,Avenue 3: Lane 3,secondary,2,11.0,0.0,2550.0,0.0,0.9,0.9,0
2897024627,2897024623,0,Avenue 3: Lane 3,secondary,2,11.0,0.0,2550.0,0.0,0.9,0.9,0
2897024628,2897024615,0,Bandra Kurla Complex Road,primary,3,47.2,0.0,4590.0,0.0,3.1,3.1,0
2897024628,2897024611,0,,primary_link,2,68.1,0.0,3060.0,0.0,4.5,4.5,0
4328035957,10277700921,0,Swami Vivekanand Road,primary,2,31.8,0.0,3060.0,0.0,2.1,2.1,0
4328035957,9739950373,0,Hill Road,secondary,2,12.9,0.0,2550.0,0.0,1.6,1.6,0
245667447,13615108581,0,Santa Cruz – Chembur Link Road,trunk,3,7.6,0.0,4845.0,0.0,0.5,0.5,0
245667447,13615108580,0,,secondary,3,6.6,0.0,3825.0,0.0,0.5,0.5,0
10877916796,10877916800,0,Bandra Kurla Complex Road,primary,2,16.0,0.0,3060.0,0.0,1.0,1.0,0
10877916796,6552758940,0,Bandra Kurla Complex Road,primary,3,158.8,0.0,4590.0,0.0,10.4,10.4,0
13523465895,13523465894,0,,secondary_link,2,10.5,0.0,2550.0,0.0,0.8,0.8,0
13523465896,13523465894,0,Linking Road,secondary,2,28.8,0.0,2550.0,0.0,2.3,2.3,0
245667423,10772904744,0,Santa Cruz – Chembur Link Road,trunk,3,298.5,0.0,4845.0,0.0,17.9,17.9,0
13523465897,2629418535,0,Linking Road,secondary,2,22.4,0.0,2550.0,0.0,1.8,1.8,0
2897024737,2897024651,0,Bandra Kurla Complex Road,primary,3,386.4,0.0,4590.0,0.0,25.3,25.3,0
10277590756,13857437040,0,Ceasar Road,secondary,2,76.7,0.0,2550.0,0.0,6.1,6.1,0
2897024742,631525438,0,Bandra Kurla Complex Road,primary,3,10.0,0.0,4590.0,0.0,0.7,0.7,0
10277590759,10277590756,0,Ceasar Road,secondary,2,50.4,0.0,2550.0,0.0,4.0,4.0,0
6280378088,6295206335,0,,primary_link,1,43.5,0.0,1530.0,0.0,2.8,2.8,0
6280378088,1936355361,0,Gurunanak Marg,secondary,1,29.8,0.0,1275.0,0.0,2.4,2.4,0
1640273641,623880468,0,,secondary_link,2,15.5,0.0,2550.0,0.0,1.2,1.2,0
1640273641,11025358315,0,Sahar Road,secondary,2,49.6,0.0,2550.0,0.0,4.0,4.0,0
13765867242,13765867241,0,,trunk_link,3,11.5,0.0,4845.0,0.0,0.7,0.7,0
13765867243,13765867244,0,,trunk_link,3,12.0,0.0,4845.0,0.0,0.7,0.7,0
13765867244,13765867243,0,,trunk_link,3,12.0,0.0,4845.0,0.0,0.7,0.7,0
11064596200,3273736210,0,Chunabhatti Road,secondary,2,48.9,0.0,2550.0,0.0,3.9,3.9,0
11064596200,4415528859,0,Chunabhatti Road,secondary,2,110.3,0.0,2550.0,0.0,8.8,8.8,0
13765867241,13765867242,0,,trunk_link,3,11.5,0.0,4845.0,0.0,0.7,0.7,0
10277590767,296852386,0,,secondary_link,2,9.5,0.0,2550.0,0.0,0.8,0.8,0
10277590767,2189443978,0,Ceasar Road,secondary,2,121.0,0.0,2550.0,0.0,9.7,9.7,0
13765867249,13765867256,0,,trunk_link,3,70.0,0.0,4845.0,0.0,4.2,4.2,0
10168211183,12438442939,0,Lokmanya Tilak Road,secondary,2,4.0,0.0,2550.0,0.0,0.3,0.3,0
867276531,867276464,0,Kamalakar Pant Walawalkar Marg,primary,2,179.4,0.0,3060.0,0.0,11.7,11.7,0
10168211184,10168211183,0,Lokmanya Tilak Road,secondary,2,82.1,0.0,2550.0,0.0,6.6,6.6,0
10277590773,296851160,0,Jai Prakash Road,secondary,2,10.8,0.0,2550.0,0.0,0.9,0.9,0
10277590773,10277590767,0,Ceasar Road,secondary,2,115.5,0.0,2550.0,0.0,9.2,9.2,0
10168211190,10168211189,0,Lokmanya Tilak Road,secondary,2,25.7,0.0,2550.0,0.0,2.1,2.1,0
10168211192,10168211190,0,Lokmanya Tilak Road,secondary,2,75.0,0.0,2550.0,0.0,6.0,6.0,0
13765867257,13765867256,0,,trunk_link,3,18.2,0.0,4845.0,0.0,1.1,1.1,0
13765867256,13765867257,0,,trunk_link,3,18.2,0.0,4845.0,0.0,1.1,1.1,0
13765867256,13765867255,0,,trunk_link,3,89.6,0.0,4845.0,0.0,5.4,5.4,0
2897024737,2897024742,0,Street 7,secondary,2,18.7,0.0,2550.0,0.0,1.5,1.5,0
10277590753,10277591779,0,Ceasar Road,secondary,2,180.2,0.0,2550.0,0.0,14.4,14.4,0
245667551,10082236369,0,,secondary,2,6.8,0.0,2550.0,0.0,0.5,0.5,0
7372175044,6430016907,0,Lal Bahadur Shastri Marg,primary,2,101.1,0.0,3060.0,0.0,6.6,6.6,0
13523465897,13523465896,0,,secondary_link,2,10.0,0.0,2550.0,0.0,0.8,0.8,0
13523465893,13523465895,0,Linking Road,secondary,2,41.6,0.0,2550.0,0.0,3.3,3.3,0
2244892332,13842517984,0,Service Road,secondary,2,47.2,0.0,2550.0,0.0,3.8,3.8,0
867276464,245673864,0,Kamalakar Pant Walawalkar Marg,primary,2,65.8,0.0,3060.0,0.0,4.3,4.3,0
10576000694,13474169905,0,,primary_link,2,70.6,0.0,3060.0,0.0,4.6,4.6,0
2897024696,12084454212,0,Street 7,secondary,2,7.7,0.0,2550.0,0.0,0.6,0.6,0
7372175037,7372175044,0,Lal Bahadur Shastri Marg,primary,2,46.2,0.0,3060.0,0.0,3.0,3.0,0
7372175037,7372175038,0,,primary_link,2,11.6,0.0,3060.0,0.0,0.8,0.8,0
7372175038,4352245896,0,Lal Bahadur Shastri Marg,primary,2,32.8,0.0,3060.0,0.0,2.1,2.1,0
7372175038,7372175037,0,,primary_link,2,11.6,0.0,3060.0,0.0,0.8,0.8,0
623040192,6430408538,0,Krantiveer Lakhuji Salve Marg,secondary,2,100.4,0.0,2550.0,0.0,8.0,8.0,0
7372175044,7372175045,0,,primary_link,2,9.7,0.0,3060.0,0.0,0.6,0.6,0
7372175045,7372175038,0,Lal Bahadur Shastri Marg,primary,2,46.3,0.0,3060.0,0.0,3.0,3.0,0
10277590750,10277590749,0,Ceasar Road,secondary,2,102.4,0.0,2550.0,0.0,8.2,8.2,0
7372175045,7372175044,0,,primary_link,2,9.7,0.0,3060.0,0.0,0.6,0.6,0
2897024711,2897024737,0,Street 7,secondary,2,125.2,0.0,2550.0,0.0,10.0,10.0,0
4323055307,10928214874,0,Mathuradas Vasanji Road,secondary,2,21.7,0.0,2550.0,0.0,1.7,1.7,0
10273617618,5488442638,0,,primary_link,2,14.4,0.0,3060.0,0.0,0.9,0.9,0
10273617618,12125883925,0,G K Gokhale Flyover,primary,2,639.6,0.0,3060.0,0.0,57.6,57.6,0
13451974355,13451974361,0,Balasaheb Sawant Road,secondary,2,42.8,0.0,2550.0,0.0,3.4,3.4,0
245667542,10265662175,0,Santa Cruz – Chembur Link Road,trunk,3,85.0,0.0,4845.0,0.0,5.1,5.1,0
296851160,9201422013,0,Ceasar Road,secondary,2,15.3,0.0,2550.0,0.0,1.2,1.2,0
296851160,1646746589,0,Jai Prakash Road,secondary,2,264.7,0.0,2550.0,0.0,21.2,21.2,0
13451974361,1934768191,0,Balasaheb Sawant Road,secondary,2,91.8,0.0,2550.0,0.0,7.3,7.3,0
10277590749,11924905690,0,,secondary,2,9.6,0.0,2550.0,0.0,0.8,0.8,0
10277590749,1936580349,0,Swami Vivekanand Road,primary,2,67.6,0.0,3060.0,0.0,4.4,4.4,0
2897024609,296857806,0,Street 3,secondary,2,46.2,0.0,2550.0,0.0,3.7,3.7,0
12330423895,13856261800,0,Behrambaug Road,primary,2,19.3,0.0,3060.0,0.0,1.3,1.3,0
10279564679,10279564678,0,,secondary_link,2,6.3,0.0,2550.0,0.0,0.5,0.5,0
13729961462,10877195122,0,,secondary,2,200.8,0.0,2550.0,0.0,16.1,16.1,0
6430487998,496183015,0,Swami Vivekanand Road,primary,2,287.4,0.0,3060.0,0.0,18.8,18.8,0
5494560187,10089667071,0,General Arun Kumar Vaidya Marg,secondary,2,21.3,0.0,2550.0,0.0,1.7,1.7,0
5494560187,13754235703,0,Chapel Road,secondary,4,45.1,0.0,5100.0,0.0,3.6,3.6,0
6430340549,9406592842,0,Jogeshwari Vikhroli Link Road,primary,3,376.7,0.0,4590.0,0.0,24.7,24.7,0
9903871430,9903871431,0,,primary_link,2,12.6,0.0,3060.0,0.0,0.8,0.8,0
9903871430,2236679250,0,Adi Sankaracharya Marg,primary,3,803.3,0.0,4590.0,0.0,52.6,52.6,0
9903871431,1879817802,0,Adi Sankaracharya Marg,primary,3,7.5,0.0,4590.0,0.0,0.5,0.5,0
9903871431,9903871430,0,,primary_link,2,12.6,0.0,3060.0,0.0,0.8,0.8,0
4611102156,10310503648,0,Mrunaltai Gore Flyover,secondary,2,326.5,0.0,2550.0,0.0,26.1,26.1,0
4611102159,4611102160,0,Service Road,secondary,2,27.4,0.0,2550.0,0.0,2.2,2.2,0
4611102159,10277547739,0,,secondary_link,2,28.0,0.0,2550.0,0.0,2.2,2.2,0
4611102160,1375215803,0,Service Road,secondary,2,180.2,0.0,2550.0,0.0,14.4,14.4,0
2246473174,11066485725,0,Mathuradas Vasanji Road (Andheri Kurla Road),primary,2,19.7,0.0,3060.0,0.0,1.3,1.3,0
2246473174,2246473133,0,Mathuradas Vasanji Road (Andheri Kurla Road),primary,2,105.3,0.0,3060.0,0.0,6.9,6.9,0
623039962,3803783788,0,Sahar Road,secondary,2,154.0,0.0,2550.0,0.0,12.3,12.3,0
4611102181,13887009327,0,Service Road,secondary,2,19.4,0.0,2550.0,0.0,1.6,1.6,0
6615660007,3794378170,0,,secondary,2,325.4,0.0,2550.0,0.0,26.0,26.0,0
6615660008,6615660007,0,,secondary,2,17.3,0.0,2550.0,0.0,1.4,1.4,0
13335369195,3795056211,0,Kachipada Ramchandra Lane,secondary,2,165.2,0.0,2550.0,0.0,13.2,13.2,0
13335369195,10567495925,0,Kachipada Ramchandra Lane,secondary,2,52.1,0.0,2550.0,0.0,4.2,4.2,0
10765194734,866807389,0,Vaikunthlal Mehta Road,secondary,2,208.8,0.0,2550.0,0.0,16.7,16.7,0
630298099,9694187775,0,Mahakali Caves Road,secondary,2,10.0,0.0,2550.0,0.0,0.8,0.8,0
630298099,1651867292,0,Mahakali Caves Road,secondary,2,349.7,0.0,2550.0,0.0,28.0,28.0,0
13729961460,13729961459,0,,secondary_link,2,8.2,0.0,2550.0,0.0,0.7,0.7,0
13729961460,13729961462,0,,secondary,2,107.0,0.0,2550.0,0.0,8.6,8.6,0
13729961461,13729961462,0,,secondary_link,2,9.1,0.0,2550.0,0.0,0.7,0.7,0
13729961461,13729961459,0,Service Road,secondary,2,107.4,0.0,2550.0,0.0,8.6,8.6,0
13353063867,13353087466,0,Lal Bahadur Shastri Marg,primary,2,39.3,0.0,3060.0,0.0,2.6,2.6,0
12272825787,13848883939,0,Dharavi Depot Road,primary,2,29.1,0.0,3060.0,0.0,1.9,1.9,0
12272825787,12272825786,0,,primary_link,2,12.1,0.0,3060.0,0.0,0.8,0.8,0
7309530533,7309530531,0,Purshottam Tondan Marg,secondary,1,195.8,0.0,1275.0,0.0,15.7,15.7,0
10279564679,10882615923,0,Maroshi Village Road,secondary,2,76.7,0.0,2550.0,0.0,6.1,6.1,0
7309530515,13859476645,0,Purshottam Tondan Marg,secondary,1,140.8,0.0,1275.0,0.0,11.3,11.3,0
7309530516,4352377830,0,Purshottam Tondan Marg,secondary,1,8.9,0.0,1275.0,0.0,0.7,0.7,0
13475648918,11022383601,0,Mathuradas Vasanji Road,secondary,2,59.2,0.0,2550.0,0.0,4.7,4.7,0
9115710877,10879569097,0,Lokmanya Tilak Road,secondary,2,251.0,0.0,2550.0,0.0,20.1,20.1,0
4342420894,5911311107,0,Jawaharlal Nehru Road,secondary,2,169.1,0.0,2550.0,0.0,13.5,13.5,0
7309530528,7309530516,0,Purshottam Tondan Marg,secondary,1,197.4,0.0,1275.0,0.0,15.8,15.8,0
1481078176,13456028420,0,Kasturba Gandhi Road,secondary,2,75.9,0.0,2550.0,0.0,6.1,6.1,0
1481078176,10880461000,0,Kasturba Gandhi Road,secondary,2,11.6,0.0,2550.0,0.0,0.9,0.9,0
7309530529,7309530528,0,Purshottam Tondan Marg,secondary,1,142.7,0.0,1275.0,0.0,11.4,11.4,0
1481078175,1481079756,0,Mahatma Gandhi Marg,secondary,2,122.3,0.0,2550.0,0.0,9.8,9.8,0
7309530531,13590816940,0,Purshottam Tondan Marg,secondary,1,62.9,0.0,1275.0,0.0,5.0,5.0,0
4342420902,245668543,0,Jawaharlal Nehru Road,secondary,2,209.0,0.0,2550.0,0.0,16.7,16.7,0
12272825786,5467677852,0,Sion Bandra Link Road,primary,2,105.4,0.0,3060.0,0.0,6.9,6.9,0
7309530535,13510287966,0,P Tandon Marg,secondary,2,7.2,0.0,2550.0,0.0,0.6,0.6,0
7309530535,13859476644,0,Purshottam Tondan Marg,secondary,1,32.4,0.0,1275.0,0.0,2.6,2.6,0
1184069030,2236679093,0,Marol Maroshi Village Road,secondary,2,106.6,0.0,2550.0,0.0,8.5,8.5,0
6608770472,10941564481,0,Malad Marve Road,secondary,2,182.6,0.0,2550.0,0.0,14.6,14.6,0
6608770472,2958525029,0,,secondary_link,2,411.7,0.0,2550.0,0.0,32.9,32.9,0
5470238123,10044201331,0,Santa Cruz – Chembur Link Road,trunk,3,128.4,0.0,4845.0,0.0,7.7,7.7,0
5470238123,9691859215,0,,trunk_link,3,24.0,0.0,4845.0,0.0,1.4,1.4,0
2246473133,2246473174,0,Mathuradas Vasanji Road (Andheri Kurla Road),primary,2,105.3,0.0,3060.0,0.0,6.9,6.9,0
2246473133,4357381475,0,Mathuradas Vasanji Road (Andheri Kurla Road),primary,2,91.4,0.0,3060.0,0.0,6.0,6.0,0
884364717,9383029316,0,,secondary,2,42.3,0.0,2550.0,0.0,3.4,3.4,0
9899365810,13584566779,0,Link Road,primary,2,136.1,0.0,3060.0,0.0,8.9,8.9,0
12272825786,12272825787,0,,primary_link,2,12.1,0.0,3060.0,0.0,0.8,0.8,0
13729961462,13729961461,0,,secondary_link,2,9.1,0.0,2550.0,0.0,0.7,0.7,0
13729961459,13729961460,0,,secondary_link,2,8.2,0.0,2550.0,0.0,0.7,0.7,0
2897024601,2897024540,0,Bandra Kurla Complex Road,primary,3,170.9,0.0,4590.0,0.0,11.2,11.2,0
13729961459,13734025714,0,Service Road,secondary,2,126.9,0.0,2550.0,0.0,10.2,10.2,0
13648926261,13648926262,0,,secondary_link,2,9.7,0.0,2550.0,0.0,0.8,0.8,0
13648926262,7345377666,0,Hanuman Mandir Marg,secondary,2,20.7,0.0,2550.0,0.0,1.7,1.7,0
13648926262,13648926261,0,,secondary_link,2,9.7,0.0,2550.0,0.0,0.8,0.8,0
13648926263,13648926264,0,,secondary_link,2,10.4,0.0,2550.0,0.0,0.8,0.8,0
13648926263,11786980558,0,Kadsiddheshwar Marg,secondary,2,119.8,0.0,2550.0,0.0,8.6,8.6,0
13648926264,13648926263,0,,secondary_link,2,10.4,0.0,2550.0,0.0,0.8,0.8,0
13648926264,2221979758,0,Kadsiddheshwar Marg,secondary,2,46.4,0.0,2550.0,0.0,3.7,3.7,0
2246473273,2246473329,0,Mathuradas Vasanji Road (Andheri Kurla Road),primary,2,126.1,0.0,3060.0,0.0,8.3,8.3,0
2246473273,2246473232,0,Mathuradas Vasanji Road (Andheri Kurla Road),primary,2,92.8,0.0,3060.0,0.0,6.1,6.1,0
10281883195,10281883194,0,,motorway_link,3,24.5,0.0,5100.0,0.0,1.1,1.1,0
10281883194,10281883195,0,,motorway_link,3,24.5,0.0,5100.0,0.0,1.1,1.1,0
5488342590,5488342591,0,V K Krishna Marg,secondary,2,39.1,0.0,2550.0,0.0,3.1,3.1,0
5488342591,5522264388,0,V K Krishna Marg,secondary,2,34.1,0.0,2550.0,0.0,2.7,2.7,0
5488342593,6552373458,0,V K Krishna Marg,secondary,2,121.4,0.0,2550.0,0.0,9.7,9.7,0
2222708292,2222186284,0,,secondary,2,94.6,0.0,2550.0,0.0,7.6,7.6,0
12124288583,245678572,0,Veer Savarkar Flyover,secondary,2,528.6,0.0,2550.0,0.0,42.3,42.3,0
2399368782,11140920278,0,,primary_link,2,7.5,0.0,3060.0,0.0,0.5,0.5,0
2399368782,10277304515,0,Kasturba Gandhi Road,secondary,2,72.3,0.0,2550.0,0.0,5.8,5.8,0
2443056718,13584306189,0,Chatrapati Shivaji Road,secondary,2,68.9,0.0,2550.0,0.0,5.5,5.5,0
3795056211,7374550820,0,Kachipada Ramchandra Lane,secondary,2,133.8,0.0,2550.0,0.0,10.7,10.7,0
3795056211,13335369195,0,Kachipada Ramchandra Lane,secondary,2,165.2,0.0,2550.0,0.0,13.2,13.2,0
2897024597,2897024609,0,Street 3,secondary,2,68.2,0.0,2550.0,0.0,5.5,5.5,0
1647285845,11061083251,0,Lal Bahadur Shastri Marg,primary,2,54.6,0.0,3060.0,0.0,3.6,3.6,0
2897024595,2897024597,0,Street 3,secondary,2,9.0,0.0,2550.0,0.0,0.7,0.7,0
13985470041,1913053670,0,Chatrapati Shivaji Road,secondary,2,5.8,0.0,2550.0,0.0,0.5,0.5,0
13985470041,10274112136,0,Captain Vinayak Gore Flyover,secondary,2,331.7,0.0,2550.0,0.0,26.5,26.5,0
4307211865,4307211860,0,,secondary,2,21.0,0.0,2550.0,0.0,1.7,1.7,0
13648926261,629017401,0,Hanuman Mandir Marg,secondary,2,31.8,0.0,2550.0,0.0,2.5,2.5,0
2364372531,1732611689,0,Achutrao Patwardhan Marg,secondary,2,93.1,0.0,2550.0,0.0,7.4,7.4,0
12124288562,1194136040,0,Goregaon Mulund Link Road,secondary,2,257.0,0.0,2550.0,0.0,20.6,20.6,0
623040016,3878413346,0,Mathuradas Vasanji Road,secondary,2,24.1,0.0,2550.0,0.0,1.9,1.9,0
2897024506,2897022076,0,Avenue 3,secondary,2,160.0,0.0,2550.0,0.0,12.8,12.8,0
630298114,6494919745,0,Mahakali Caves Road,secondary,2,57.9,0.0,2550.0,0.0,4.6,4.6,0
630298114,10882363456,0,Kanhore Marg Road,secondary,2,8.0,0.0,2550.0,0.0,0.6,0.6,0
630298114,2233648735,0,Mahakali Caves Road,secondary,2,13.8,0.0,2550.0,0.0,1.1,1.1,0
630298120,10882363456,0,Kanhore Marg Road,secondary,2,94.9,0.0,2550.0,0.0,7.6,7.6,0
623040010,1185552512,0,Mathuradas Vasanji Road,secondary,2,74.5,0.0,2550.0,0.0,6.0,6.0,0
347149835,6280229508,0,Gurunanak Marg,secondary,1,129.0,0.0,1275.0,0.0,10.3,10.3,0
630298123,2233648999,0,Sardar Vallabhbhai Patel Road,secondary,2,50.2,0.0,2550.0,0.0,4.0,4.0,0
2897024523,2897024506,0,Avenue 3,secondary,2,45.5,0.0,2550.0,0.0,3.6,3.6,0
623040015,3878413345,0,Mathuradas Vasanji Road,secondary,2,12.5,0.0,2550.0,0.0,1.0,1.0,0
623040015,3878413343,0,R K Paramhans / Old Nagardas Road,secondary,2,16.2,0.0,2550.0,0.0,1.3,1.3,0
623040015,3878367738,0,R K Paramhans Road,secondary,2,79.0,0.0,2550.0,0.0,6.3,6.3,0
623040016,3878413345,0,Mathuradas Vasanji Road,secondary,2,105.6,0.0,2550.0,0.0,8.4,8.4,0
12124288562,12124288546,0,Veer Savarkar Flyover,secondary,2,527.9,0.0,2550.0,0.0,42.2,42.2,0
2246473232,13795320547,0,Mathuradas Vasanji Road (Andheri Kurla Road),primary,2,16.5,0.0,3060.0,0.0,1.1,1.1,0
2246473232,2246473273,0,Mathuradas Vasanji Road (Andheri Kurla Road),primary,2,92.8,0.0,3060.0,0.0,6.1,6.1,0
245667351,6552758940,0,,primary_link,2,38.1,0.0,3060.0,0.0,2.5,2.5,0
2897024540,2897024506,0,,primary_link,2,59.5,0.0,3060.0,0.0,3.9,3.9,0
2897024540,2897024523,0,Bandra Kurla Complex Road,primary,3,36.8,0.0,4590.0,0.0,2.4,2.4,0
1647285790,2439359832,0,Santa Cruz – Chembur Link Road,trunk,3,195.7,0.0,4845.0,0.0,7.0,7.0,0
12408501791,14019451450,0,Mathuradas Vasanji Road (Andheri Kurla Road),primary,2,10.0,0.0,3060.0,0.0,0.7,0.7,0
12408501791,245671785,0,Maroshi Village Road,secondary,2,191.3,0.0,2550.0,0.0,15.3,15.3,0
245667361,245667423,0,Santa Cruz – Chembur Link Road,trunk,3,226.1,0.0,4845.0,0.0,13.6,13.6,0
3795056169,1343009445,0,Kachipada Ramchandra Lane,secondary,2,52.5,0.0,2550.0,0.0,4.2,4.2,0
3795056169,11021412068,0,Kachipada Ramchandra Lane,secondary,2,51.9,0.0,2550.0,0.0,4.2,4.2,0
1647556137,13584203881,0,R M Road,secondary,2,226.7,0.0,2550.0,0.0,18.1,18.1,0
2250676354,2251057093,0,Western Express Highway,trunk,3,288.7,0.0,4845.0,0.0,17.3,17.3,0
13534656947,9859474278,0,Hill Road,secondary,2,46.5,0.0,2550.0,0.0,5.6,5.6,0
6616635522,10925691263,0,,primary_link,2,8.6,0.0,3060.0,0.0,0.6,0.6,0
245669230,4696879479,0,Linking Road,secondary,2,58.1,0.0,2550.0,0.0,4.6,4.6,0
10277477745,10277477743,0,,secondary,2,10.0,0.0,2550.0,0.0,0.8,0.8,0
10277477745,10925572677,0,Datta Mandir Road,secondary,2,15.2,0.0,2550.0,0.0,1.2,1.2,0
10277477743,10277477745,0,,secondary,2,10.0,0.0,2550.0,0.0,0.8,0.8,0
10277477743,10277477742,0,Datta Mandir Road,secondary,2,7.4,0.0,2550.0,0.0,0.6,0.6,0
245669231,245669242,0,Swami Vivekanand Road,primary,2,37.4,0.0,3060.0,0.0,2.4,2.4,0
245669231,1936355487,0,P V Avsare Marg,primary,2,10.2,0.0,3060.0,0.0,0.7,0.7,0
1481080169,1481080166,0,Mahatma Gandhi Marg,secondary,2,55.8,0.0,2550.0,0.0,4.5,4.5,0
1480129878,1480131114,0,,trunk_link,3,113.0,0.0,4845.0,0.0,6.8,6.8,0
11827002726,2236681557,0,General A K Vaidya Marg,secondary,2,148.4,0.0,2550.0,0.0,11.9,11.9,0
11827002726,13723183137,0,General A K Vaidya Marg,secondary,2,8.3,0.0,2550.0,0.0,0.7,0.7,0
1481080166,245682025,0,Mahatma Gandhi Marg,secondary,2,47.4,0.0,2550.0,0.0,3.8,3.8,0
12434931044,10239603731,0,,secondary,2,36.7,0.0,2550.0,0.0,2.9,2.9,0
4357381475,2246472960,0,Mathuradas Vasanji Road (Andheri Kurla Road),primary,2,220.7,0.0,3060.0,0.0,14.4,14.4,0
4357381475,2246473133,0,Mathuradas Vasanji Road (Andheri Kurla Road),primary,2,91.4,0.0,3060.0,0.0,6.0,6.0,0
10277477742,10277477745,0,Datta Mandir Road,secondary,2,8.3,0.0,2550.0,0.0,0.7,0.7,0
10277477742,1361564545,0,Datta Mandir Road,secondary,2,40.2,0.0,2550.0,0.0,3.2,3.2,0
2249268595,13817629811,0,,primary,2,353.2,0.0,3060.0,0.0,23.1,23.1,0
245669242,13523657582,0,Swami Vivekanand Road,primary,2,29.5,0.0,3060.0,0.0,1.9,1.9,0
10277477759,2251057064,0,Datta Mandir Road,secondary,2,49.0,0.0,2550.0,0.0,3.9,3.9,0
7298841985,6271834099,0,,secondary_link,2,6.1,0.0,2550.0,0.0,0.5,0.5,0
7298841985,13537225634,0,Danda Boulevard,secondary,2,40.9,0.0,2550.0,0.0,3.3,3.3,0
884399489,13922163688,0,Link Road,primary,2,10.2,0.0,3060.0,0.0,0.7,0.7,0
10277477764,1361564502,0,Datta Mandir Road,secondary,2,11.7,0.0,2550.0,0.0,0.9,0.9,0
10277477764,10277477776,0,Datta Mandir Road,secondary,2,18.2,0.0,2550.0,0.0,1.5,1.5,0
7388110212,7388110232,0,Malad Marve Road,secondary,2,381.5,0.0,2550.0,0.0,30.5,30.5,0
245669254,4696878465,0,Linking Road,secondary,2,27.2,0.0,2550.0,0.0,2.2,2.2,0
10277477766,1361563109,0,Datta Mandir Road,secondary,2,9.6,0.0,2550.0,0.0,0.8,0.8,0
10277477766,1361561210,0,Datta Mandir Road,secondary,2,53.6,0.0,2550.0,0.0,4.3,4.3,0
7388110215,13774429234,0,Fr. Justin D'Souza Road,secondary,2,104.4,0.0,2550.0,0.0,8.4,8.4,0
9117998473,9117998474,0,St Louis Convent Road,secondary,2,10.7,0.0,2550.0,0.0,0.9,0.9,0
9117998473,867276452,0,Jai Prakash Road,secondary,2,388.6,0.0,2550.0,0.0,31.1,31.1,0
10690010454,3878413310,0,Mathuradas Vasanji Road,secondary,2,56.7,0.0,2550.0,0.0,4.5,4.5,0
245669198,245669284,0,Juhu Tara Road,secondary,2,91.6,0.0,2550.0,0.0,7.3,7.3,0
3708878218,12408501791,0,Mathuradas Vasanji Road (Andheri Kurla Road),primary,2,57.4,0.0,3060.0,0.0,3.8,3.8,0
3794378018,7331456320,0,Swami Vivekanand Road,secondary,2,239.1,0.0,2550.0,0.0,19.1,19.1,0
6554426664,12325306928,0,V K Krishna Marg,secondary,2,137.6,0.0,2550.0,0.0,11.0,11.0,0
3794378019,13580017624,0,Chatrapati Shivaji Road,secondary,2,195.3,0.0,2550.0,0.0,15.6,15.6,0
5488442657,5488442640,0,Sahar Road,secondary,2,79.1,0.0,2550.0,0.0,6.3,6.3,0
590544164,2250676354,0,Western Express Highway,trunk,3,299.7,0.0,4845.0,0.0,18.0,18.0,0
590544164,2244790017,0,,trunk_link,3,36.4,0.0,4845.0,0.0,2.2,2.2,0
3794378017,10277277846,0,Swami Vivekanand Road,secondary,2,69.0,0.0,2550.0,0.0,5.5,5.5,0
1647344926,1647344919,0,,primary_link,2,47.9,0.0,3060.0,0.0,3.1,3.1,0
7353843025,9117998474,0,Jai Prakash Road,secondary,3,166.6,0.0,3825.0,0.0,13.3,13.3,0
1647344926,10134735413,0,Sion Bandra Link Road,primary,2,6.4,0.0,3060.0,0.0,0.4,0.4,0
5488442653,6598568335,0,Sahar Road,secondary,2,213.0,0.0,2550.0,0.0,17.0,17.0,0
5488442649,13637825950,0,Sahar Road,secondary,2,97.5,0.0,2550.0,0.0,7.8,7.8,0
245669145,9985506416,0,Swami Vivekanand Road,primary,2,125.4,0.0,3060.0,0.0,8.2,8.2,0
1647344919,245664695,0,,motorway_link,1,224.9,0.0,1700.0,0.0,10.1,10.1,0
245669143,3803645759,1,Linking Road,secondary,2,143.4,0.0,2550.0,0.0,11.5,11.5,0
1647344937,1647344945,0,Sion Bandra Link Road,primary,2,42.5,0.0,3060.0,0.0,2.8,2.8,0
1647344937,1647344919,0,,motorway_link,1,41.0,0.0,1700.0,0.0,1.8,1.8,0
4347108651,2233651339,0,Chincholi Bunder Road,secondary,2,86.6,0.0,2550.0,0.0,6.9,6.9,0
4347108651,1185815163,0,Chincholi Bunder Road,secondary,2,160.1,0.0,2550.0,0.0,12.8,12.8,0
1647344940,1647344937,0,,motorway_link,1,16.5,0.0,1700.0,0.0,0.7,0.7,0
5488442676,6428781759,0,Sahar Road,secondary,2,146.1,0.0,2550.0,0.0,11.7,11.7,0
5488442677,5488442678,0,Sahar Road,secondary,2,135.8,0.0,2550.0,0.0,10.9,10.9,0
5488442678,6598705445,0,Sahar Road,secondary,2,29.4,0.0,2550.0,0.0,2.4,2.4,0
5488442681,5488342590,0,Sahar Road,secondary,2,56.8,0.0,2550.0,0.0,4.5,4.5,0
245669185,245669198,0,Juhu Tara Road,secondary,2,29.2,0.0,2550.0,0.0,2.3,2.3,0
10279869766,7377660275,0,,secondary_link,2,59.3,0.0,2550.0,0.0,4.7,4.7,0
7358348615,7358348617,0,Devidas Road,primary,2,26.5,0.0,3060.0,0.0,1.7,1.7,0
7358348616,13888227801,0,Devidas Road,primary,2,12.6,0.0,3060.0,0.0,0.8,0.8,0
7358348616,7358348615,0,D N Mhatre Road,primary,2,11.7,0.0,3060.0,0.0,0.8,0.8,0
10279869768,6204121997,0,FM Cariappa Flyover,secondary,2,45.8,0.0,2550.0,0.0,3.7,3.7,0
7358348618,7358348616,0,Devidas Road,primary,2,21.0,0.0,3060.0,0.0,1.4,1.4,0
985136456,985103914,0,,secondary_link,1,26.7,0.0,1275.0,0.0,2.1,2.1,0
3708878218,1199606539,0,Maroshi Village Road,primary_link,2,20.9,0.0,3060.0,0.0,1.4,1.4,0
9117998475,7944344486,0,,secondary,2,10.9,0.0,2550.0,0.0,0.9,0.9,0
2249268494,9697896119,0,,secondary,2,18.4,0.0,2550.0,0.0,1.5,1.5,0
13565951412,10264805108,0,Hill Road,secondary,2,95.2,0.0,2550.0,0.0,11.4,11.4,0
10882768313,7206394772,0,K C Marg,secondary,2,10.8,0.0,2550.0,0.0,0.9,0.9,0
7345380791,2222708372,0,,secondary,2,108.8,0.0,2550.0,0.0,8.7,8.7,0
6606994871,11070903959,0,,secondary_link,2,8.7,0.0,2550.0,0.0,0.7,0.7,0
6606994871,13797636938,0,N S Mankikar Marg,secondary,2,65.9,0.0,2550.0,0.0,5.3,5.3,0
7345380788,7345377680,0,,secondary,2,28.3,0.0,2550.0,0.0,2.3,2.3,0
6618201525,7331439008,0,Devidas Road,primary,2,19.1,0.0,3060.0,0.0,1.3,1.3,0
12435185075,1154003522,0,Western Express Highway,motorway,3,649.7,0.0,5100.0,0.0,29.2,29.2,0
245669284,13522436641,0,Juhu Tara Road,secondary,2,32.4,0.0,2550.0,0.0,2.6,2.6,0
7298842031,348125911,0,Carter Road,secondary,4,110.2,0.0,5100.0,0.0,8.8,8.8,0
2629418415,13736729652,0,Sant Rohidas Marg,primary,2,25.8,0.0,3060.0,0.0,1.7,1.7,0
2629418416,2629418415,0,Sant Rohidas Marg,primary,2,42.4,0.0,3060.0,0.0,2.8,2.8,0
7374085551,2077290154,0,Chunabhatti Road,secondary,2,42.1,0.0,2550.0,0.0,3.4,3.4,0
7374085551,6495023334,0,Chunabhatti Road,secondary,2,181.5,0.0,2550.0,0.0,14.5,14.5,0
2629418414,6430497206,0,Sant Rohidas Marg,primary,2,103.5,0.0,3060.0,0.0,6.8,6.8,0
10882768313,12347814314,0,L K Mehta Marg,secondary,2,7.4,0.0,2550.0,0.0,0.6,0.6,0
13565951418,1654348856,0,Hill Road,secondary,2,29.4,0.0,2550.0,0.0,3.5,3.5,0
7298842041,13521149003,0,Carter Road,secondary,4,26.2,0.0,5100.0,0.0,2.1,2.1,0
3794378170,2249163368,0,Western Express Highway,trunk,3,62.6,0.0,4845.0,0.0,3.8,3.8,0
7345380796,7345380794,0,,secondary,2,137.2,0.0,2550.0,0.0,11.0,11.0,0
7345380797,7345380796,0,,secondary,2,23.4,0.0,2550.0,0.0,1.9,1.9,0
7345380799,7345377657,0,,secondary,2,67.7,0.0,2550.0,0.0,5.4,5.4,0
7345380800,7345380799,0,,secondary,2,91.8,0.0,2550.0,0.0,7.3,7.3,0
7345380801,7388110232,0,,secondary,2,8.5,0.0,2550.0,0.0,0.7,0.7,0
7345380801,6608770472,0,Malad Marve Road,secondary,2,392.8,0.0,2550.0,0.0,31.4,31.4,0
6469836222,245682619,0,Laxman Mhatre Road,secondary,2,85.7,0.0,2550.0,0.0,6.9,6.9,0
7345380802,7345380800,0,,secondary,2,96.9,0.0,2550.0,0.0,7.8,7.8,0
7345380802,245680777,0,Mahatma Gandhi Road,secondary,2,13.7,0.0,2550.0,0.0,1.1,1.1,0
10882768320,6430382337,0,,secondary_link,2,7.1,0.0,2550.0,0.0,0.6,0.6,0
10882768320,6430382336,0,,secondary_link,2,39.0,0.0,2550.0,0.0,3.1,3.1,0
884399555,3389153367,0,Jai Prakash Road,secondary,2,34.6,0.0,2550.0,0.0,2.8,2.8,0
10738408905,12434931044,0,,secondary,2,54.4,0.0,2550.0,0.0,4.3,4.3,0
7298842024,7298842031,0,Carter Road,secondary,4,230.1,0.0,5100.0,0.0,18.4,18.4,0
245669284,13522436650,0,,secondary_link,2,9.2,0.0,2550.0,0.0,0.7,0.7,0
9117998475,9118087857,0,Jai Prakash Road,secondary,3,293.9,0.0,3825.0,0.0,23.5,23.5,0
10277477774,10277477773,0,,secondary,2,8.3,0.0,2550.0,0.0,0.7,0.7,0
10277477776,10277477775,0,,secondary,2,8.9,0.0,2550.0,0.0,0.7,0.7,0
10277477778,10277477766,0,Datta Mandir Road,secondary,2,120.5,0.0,2550.0,0.0,9.6,9.6,0
10277477778,10277477777,0,,secondary,2,8.3,0.0,2550.0,0.0,0.7,0.7,0
10277477777,10277477775,0,Datta Mandir Road,secondary,2,142.8,0.0,2550.0,0.0,11.4,11.4,0
10277477777,10277477778,0,,secondary,2,8.3,0.0,2550.0,0.0,0.7,0.7,0
10277477774,10277477743,0,Datta Mandir Road,secondary,2,37.7,0.0,2550.0,0.0,3.0,3.0,0
10277477775,10277477764,0,Datta Mandir Road,secondary,2,18.3,0.0,2550.0,0.0,1.5,1.5,0
7298842020,7298842024,0,Carter Road,secondary,4,172.2,0.0,5100.0,0.0,13.8,13.8,0
10277477775,10277477776,0,,secondary,2,8.9,0.0,2550.0,0.0,0.7,0.7,0
7388110222,7388110229,0,Malad Marve Road,secondary,2,22.3,0.0,2550.0,0.0,1.8,1.8,0
10277477773,10925572671,0,Datta Mandir Road,secondary,2,9.7,0.0,2550.0,0.0,0.8,0.8,0
10277477773,10277477774,0,,secondary,2,8.3,0.0,2550.0,0.0,0.7,0.7,0
9117998474,7398089783,0,Saint Louis Convent Marg,secondary,2,229.2,0.0,2550.0,0.0,18.3,18.3,0
9117998474,9117998475,0,Jai Prakash Road,secondary,3,8.7,0.0,3825.0,0.0,0.7,0.7,0
10277477776,10277477778,0,Datta Mandir Road,secondary,2,146.6,0.0,2550.0,0.0,11.7,11.7,0
7298841998,10227877561,0,Danda Boulevard,secondary,2,77.0,0.0,2550.0,0.0,6.2,6.2,0
7388110229,3794269318,0,Goregaon Link Road,primary,2,16.0,0.0,3060.0,0.0,1.0,1.0,0
7388110229,7388110212,0,Malad Marve Road,secondary,2,260.3,0.0,2550.0,0.0,20.8,20.8,0
7388110232,7388110243,0,Malad Marve Road,secondary,2,13.7,0.0,2550.0,0.0,1.1,1.1,0
7388110233,7388110234,0,,secondary_link,2,12.1,0.0,2550.0,0.0,1.0,1.0,0
7388110233,13778926639,0,Malad Marve Road,secondary,2,51.8,0.0,2550.0,0.0,4.1,4.1,0
7388110234,7388110233,0,,secondary_link,2,12.1,0.0,2550.0,0.0,1.0,1.0,0
7388110234,12330631592,0,Malad Marve Road,secondary,2,335.9,0.0,2550.0,0.0,26.9,26.9,0
7298842002,13537225635,0,Danda Boulevard,secondary,2,25.6,0.0,2550.0,0.0,2.0,2.0,0
7298842002,13537225636,0,,secondary_link,2,6.6,0.0,2550.0,0.0,0.5,0.5,0
2249268668,2399106360,0,,primary,2,14.1,0.0,3060.0,0.0,0.9,0.9,0
2249268637,13089014212,0,,primary,2,259.1,0.0,3060.0,0.0,17.0,17.0,0
7388110240,12330631591,0,Malad Marve Road,secondary,2,10.5,0.0,2550.0,0.0,0.8,0.8,0
7298842017,10082236370,0,Danda Boulevard,secondary,2,93.3,0.0,2550.0,0.0,7.5,7.5,0
7388110243,245679988,0,,secondary,2,9.5,0.0,2550.0,0.0,0.8,0.8,0
7388110243,7388110240,0,Malad Marve Road,secondary,2,124.3,0.0,2550.0,0.0,9.9,9.9,0
3794378006,10877132885,0,Swami Vivekanand Road,secondary,2,104.7,0.0,2550.0,0.0,8.4,8.4,0
2224504083,245682776,0,Swami Vivekanand Road,secondary,2,137.3,0.0,2550.0,0.0,11.0,11.0,0
1169481166,1936499738,0,Mahatma Gandhi Road,secondary,2,9.1,0.0,2550.0,0.0,0.7,0.7,0
7157873781,884399489,0,Link Road,primary,2,463.1,0.0,3060.0,0.0,30.3,30.3,0
13857111157,884364483,0,Jai Prakash Road,secondary,2,8.7,0.0,2550.0,0.0,0.7,0.7,0
296852598,1646746597,0,Ceasar Road,secondary,2,76.3,0.0,2550.0,0.0,6.1,6.1,0
7157873784,4674355887,0,Jai Prakash Road,secondary,2,92.0,0.0,2550.0,0.0,7.4,7.4,0
7157873783,10613531000,0,Jai Prakash Road,secondary,3,177.7,0.0,3825.0,0.0,14.2,14.2,0
7157873783,7157873781,0,Link Road,primary,2,12.5,0.0,3060.0,0.0,0.8,0.8,0
7157873782,7157873783,0,Jai Prakash Road,secondary,3,10.5,0.0,3825.0,0.0,0.8,0.8,0
7157873781,7157873784,0,Jai Prakash Road,secondary,2,11.2,0.0,2550.0,0.0,0.9,0.9,0
2399394927,2399395019,0,,primary_link,2,26.8,0.0,3060.0,0.0,1.8,1.8,0
11061083251,11061112416,0,Lal Bahadur Shastri Marg,primary,2,60.1,0.0,3060.0,0.0,3.9,3.9,0
13103357040,1936294786,0,Jai Prakash Road,secondary,2,34.3,0.0,2550.0,0.0,2.7,2.7,0
13103357040,9201441634,0,Jai Prakash Road,secondary,3,30.6,0.0,3825.0,0.0,2.4,2.4,0
245668978,245668992,0,Linking Road,secondary,2,39.1,0.0,2550.0,0.0,3.1,3.1,0
9985506415,9985506416,0,PV Avasare Marg,primary,2,10.3,0.0,3060.0,0.0,0.7,0.7,0
9985506416,10877243105,0,Linking Road,secondary,2,113.3,0.0,2550.0,0.0,9.1,9.1,0
12293414015,1936627943,0,,secondary_link,2,26.1,0.0,2550.0,0.0,2.1,2.1,0
12293414015,1936627981,0,CD Barfiwala Road,secondary,2,58.3,0.0,2550.0,0.0,4.7,4.7,0
245668992,9674225640,0,Linking Road,secondary,2,11.2,0.0,2550.0,0.0,0.9,0.9,0
6428974211,2233649520,0,Sant Gadge Maharaj Marg,primary,3,104.9,0.0,4590.0,0.0,6.9,6.9,0
5938773127,13408414166,0,General A K Vaidya Marg,secondary,2,20.2,0.0,2550.0,0.0,1.6,1.6,0
470146183,588620180,0,,primary,2,108.1,0.0,3060.0,0.0,7.1,7.1,0
5938773130,1389409137,0,,secondary,2,6.9,0.0,2550.0,0.0,0.5,0.5,0
5938773130,5938773127,0,General A K Vaidya Marg,secondary,2,137.5,0.0,2550.0,0.0,11.0,11.0,0
5938773141,5938773142,0,General A K Vaidya Marg,secondary,2,13.1,0.0,2550.0,0.0,1.0,1.0,0
5938773142,4699003433,0,General A K Vaidya Marg,secondary,2,331.3,0.0,2550.0,0.0,26.5,26.5,0
13439147159,8657576484,0,Behrambaug Road,primary,2,54.1,0.0,3060.0,0.0,3.5,3.5,0
2399394966,10732416719,0,Devidas Road,primary,2,10.2,0.0,3060.0,0.0,0.7,0.7,0
1184152729,6493265091,0,Mathuradas Vasanji Road (Andheri Kurla Road),primary,2,211.9,0.0,3060.0,0.0,13.9,13.9,0
5938773146,5938773147,0,General A K Vaidya Marg,secondary,2,104.5,0.0,2550.0,0.0,8.4,8.4,0
5938773147,5938773148,0,General A K Vaidya Marg,secondary,2,174.7,0.0,2550.0,0.0,14.0,14.0,0
5938773148,5938773151,0,General A K Vaidya Marg,secondary,2,184.1,0.0,2550.0,0.0,14.7,14.7,0
5938773151,12258068458,0,General A K Vaidya Marg,secondary,2,179.0,0.0,2550.0,0.0,14.3,14.3,0
9985506416,245669231,0,Swami Vivekanand Road,primary,2,8.1,0.0,3060.0,0.0,0.5,0.5,0
6430399597,10254904765,0,,primary_link,2,14.0,0.0,3060.0,0.0,0.9,0.9,0
5938773153,5938773154,0,General A K Vaidya Marg,secondary,2,203.2,0.0,2550.0,0.0,16.3,16.3,0
13479795792,588597487,0,Kalina-Vakola Flyover,motorway,4,488.1,0.0,6800.0,0.0,35.1,35.1,0
1365949524,479079579,0,Sant Rohidas Marg,primary,2,42.8,0.0,3060.0,0.0,2.8,2.8,0
471587922,13520933664,0,Manuel Gonsalves Road,secondary,2,27.8,0.0,2550.0,0.0,3.3,3.3,0
13629717587,1185552512,0,Mathuradas Vasanji Road,secondary,2,166.9,0.0,2550.0,0.0,13.4,13.4,0
13857111123,13703251566,0,Achutrao Patwardhan Marg,secondary,2,152.1,0.0,2550.0,0.0,12.2,12.2,0
1353481298,13658380384,0,Mahatma Gandhi Road,secondary,2,88.4,0.0,2550.0,0.0,7.1,7.1,0
1365949521,13947318601,0,Sant Rohidas Marg,primary,2,6.9,0.0,3060.0,0.0,0.4,0.4,0
13799160903,2897024861,0,,secondary,3,104.5,0.0,3825.0,0.0,8.4,8.4,0
6430399597,13353063867,0,Lal Bahadur Shastri Marg,primary,2,12.7,0.0,3060.0,0.0,0.8,0.8,0
13799160903,13799160904,0,,secondary_link,2,9.6,0.0,2550.0,0.0,0.8,0.8,0
13521149006,13521149004,0,Danda Boulevard,secondary,2,35.0,0.0,2550.0,0.0,2.8,2.8,0
13521149006,13521149005,0,,secondary_link,2,7.4,0.0,2550.0,0.0,0.6,0.6,0
13799160901,2622177289,0,Lal Bahadur Shastri Marg,primary,2,14.3,0.0,3060.0,0.0,0.9,0.9,0
13799160901,13799160902,0,,primary_link,2,10.8,0.0,3060.0,0.0,0.7,0.7,0
13521149004,13522455351,0,Danda Boulevard,secondary,2,79.9,0.0,2550.0,0.0,6.4,6.4,0
2567773271,13450072531,0,Balasaheb Sawant Road,secondary,2,128.9,0.0,2550.0,0.0,10.3,10.3,0
9740934234,4335012908,0,Juhu Tara Road,secondary,2,9.1,0.0,2550.0,0.0,0.7,0.7,0
9740934234,13523465892,0,Linking Road,secondary,2,25.5,0.0,2550.0,0.0,2.0,2.0,0
348126302,3803075012,0,Carter Road,secondary,4,238.4,0.0,5100.0,0.0,19.1,19.1,0
245668959,13542439639,0,Swami Vivekanand Road,primary,2,9.3,0.0,3060.0,0.0,0.6,0.6,0
9179528290,13572591173,0,Link Road,primary,2,133.8,0.0,3060.0,0.0,8.8,8.8,0
12718160995,13089014213,0,,primary,2,75.4,0.0,3060.0,0.0,4.9,4.9,0
11066424420,10277590773,0,Jai Prakash Road,secondary,2,127.0,0.0,2550.0,0.0,10.2,10.2,0
12718160994,1532750864,0,,primary,2,15.8,0.0,3060.0,0.0,1.0,1.0,0
10653604967,3708879376,0,Mathuradas Vasanji Road,secondary,2,11.7,0.0,2550.0,0.0,0.9,0.9,0
10653604967,6491523117,0,Guru Hargovindji Road,primary,2,95.9,0.0,3060.0,0.0,6.3,6.3,0
10653604968,3708879380,0,Mathuradas Vasanji Road,secondary,2,8.1,0.0,2550.0,0.0,0.6,0.6,0
10653604968,10653604966,0,Guru Hargovindji Road,primary,2,9.4,0.0,3060.0,0.0,0.6,0.6,0
10653604966,3708879380,0,Guru Hargovindji Road,primary,2,8.4,0.0,3060.0,0.0,0.5,0.5,0
8711322730,13797636936,0,N S Mankikar Marg,secondary,2,49.4,0.0,2550.0,0.0,4.0,4.0,0
7370620008,865054565,0,CD Barfiwala Road,primary,2,309.1,0.0,3060.0,0.0,20.2,20.2,0
6430399596,10254904765,0,Lal Bahadur Shastri Marg,primary,2,4.4,0.0,3060.0,0.0,0.3,0.3,0
5938773152,6431101396,0,General A K Vaidya Marg,secondary,2,70.1,0.0,2550.0,0.0,5.6,5.6,0
5938773154,5938773155,0,Goregaon Mulund Link Road,secondary,2,43.8,0.0,2550.0,0.0,3.5,3.5,0
5488442637,5488442653,0,Sahar Road,secondary,2,62.0,0.0,2550.0,0.0,5.0,5.0,0
11710446828,4352377833,0,,secondary_link,2,8.3,0.0,2550.0,0.0,0.7,0.7,0
2249268465,2249268494,0,,secondary,2,233.2,0.0,2550.0,0.0,18.7,18.7,0
2224504049,13773981731,0,,secondary,2,100.0,0.0,2550.0,0.0,8.0,8.0,0
2399395056,2399395062,0,,primary_link,2,34.3,0.0,3060.0,0.0,2.2,2.2,0
2399395056,2399395066,0,Devidas Road,primary,2,29.5,0.0,3060.0,0.0,1.9,1.9,0
2399395054,2399106329,0,Sudheer Phadke Flyover,primary,2,113.0,0.0,3060.0,0.0,7.4,7.4,0
11710446828,884254033,0,Maharana Pratap Marg,secondary,2,238.6,0.0,2550.0,0.0,19.1,19.1,0
623230181,7358788704,0,Balasaheb Sawant Road,secondary,2,229.9,0.0,2550.0,0.0,18.4,18.4,0
12296084706,10264617831,0,V K Krishna Marg,secondary,2,173.2,0.0,2550.0,0.0,13.9,13.9,0
6435814632,3803645231,0,Linking Road,secondary,2,92.6,0.0,2550.0,0.0,7.4,7.4,0
623230183,623230181,0,Balasaheb Sawant Road,secondary,2,52.7,0.0,2550.0,0.0,4.2,4.2,0
2399395046,2399395054,0,,primary_link,2,29.4,0.0,3060.0,0.0,1.9,1.9,0
2399395046,2399394978,0,Vallabhabhai Patel Road,secondary,2,17.2,0.0,2550.0,0.0,1.4,1.4,0
2249268453,11012174108,0,Asha Nagar Road,secondary,2,444.1,0.0,2550.0,0.0,35.5,35.5,0
6117653724,10277547725,0,Link Road,primary,2,20.2,0.0,3060.0,0.0,1.3,1.3,0
2399395064,2399395001,0,Devidas Road,primary,2,27.1,0.0,3060.0,0.0,1.8,1.8,0
2399395066,2399394978,0,Devidas Road,primary,2,7.8,0.0,3060.0,0.0,0.5,0.5,0
2224504065,2249201958,0,,primary,2,139.1,0.0,3060.0,0.0,9.1,9.1,0
13734223107,13734223108,0,,trunk_link,3,6.5,0.0,4845.0,0.0,0.4,0.4,0
13734223108,13734223107,0,,trunk_link,3,6.5,0.0,4845.0,0.0,0.4,0.4,0
13734223109,13734223110,0,,trunk_link,3,6.6,0.0,4845.0,0.0,0.4,0.4,0
13734223110,13734223109,0,,trunk_link,3,6.6,0.0,4845.0,0.0,0.4,0.4,0
10925931781,245668039,0,Jawaharlal Nehru Road,secondary,2,8.3,0.0,2550.0,0.0,0.7,0.7,0
10925931781,4342420515,0,Jawaharlal Nehru Road,secondary,2,46.5,0.0,2550.0,0.0,3.7,3.7,0
7374437642,7377619417,0,,secondary,2,216.6,0.0,2550.0,0.0,17.3,17.3,0
13652213003,13786441501,0,Bhoomi Park Road,secondary,2,56.2,0.0,2550.0,0.0,4.5,4.5,0
13652213004,13773893049,0,Bhoomi Park Road,secondary,2,48.0,0.0,2550.0,0.0,3.8,3.8,0
13652213005,13652213006,0,Bhoomi Park Road,secondary,2,55.6,0.0,2550.0,0.0,4.5,4.5,0
13652213006,13773974801,0,Bhoomi Park Road,secondary,2,26.6,0.0,2550.0,0.0,2.1,2.1,0
5488442640,5488442637,0,Sahar Road,secondary,2,36.6,0.0,2550.0,0.0,2.9,2.9,0
2224504081,10880324970,0,Swami Vivekanand Road,secondary,2,92.1,0.0,2550.0,0.0,7.4,7.4,0
2224504082,2224504083,0,Swami Vivekanand Road,secondary,2,6.5,0.0,2550.0,0.0,0.5,0.5,0
6117653724,6117653725,0,,secondary,2,19.3,0.0,2550.0,0.0,1.5,1.5,0
12296084706,12296084705,0,,secondary_link,2,12.0,0.0,2550.0,0.0,1.0,1.0,0
5938773155,985103905,0,,trunk_link,1,11.5,0.0,1615.0,0.0,0.7,0.7,0
2399395002,2399395019,0,Sardar Vallabhbhai Patel Road,secondary,2,19.8,0.0,2550.0,0.0,1.6,1.6,0
6493265091,6493265092,0,,primary_link,2,18.4,0.0,3060.0,0.0,1.2,1.2,0
2249268416,1178623177,0,,trunk_link,1,21.8,0.0,1615.0,0.0,1.3,1.3,0
2249268416,2249268398,0,Asha Nagar Road,secondary,2,290.4,0.0,2550.0,0.0,23.2,23.2,0
5938773176,5938773175,0,Goregaon Mulund Link Road,secondary,2,12.1,0.0,2550.0,0.0,1.0,1.0,0
2399395004,2399395001,0,,primary_link,2,37.5,0.0,3060.0,0.0,2.5,2.5,0
6604299451,12295856894,0,Balasaheb Sawant Road,secondary,2,27.0,0.0,2550.0,0.0,2.2,2.2,0
2399395001,245682366,0,Devidas Road,primary,2,106.3,0.0,3060.0,0.0,7.0,7.0,0
12296084705,245670987,0,V K Krishna Marg,secondary,2,416.1,0.0,2550.0,0.0,33.3,33.3,0
7394181664,7394181641,0,Mahatma Gandhi Road,secondary,2,102.4,0.0,2550.0,0.0,8.2,8.2,0
2249268398,2249268394,0,Asha Nagar Road,secondary,2,7.5,0.0,2550.0,0.0,0.6,0.6,0
2399394979,2399394966,0,Devidas Road,primary,2,82.0,0.0,3060.0,0.0,5.4,5.4,0
2249268388,7397333179,0,,secondary,2,153.5,0.0,2550.0,0.0,12.3,12.3,0
2399394978,2399395002,0,Vallabhabhai Patel Road,primary,2,11.3,0.0,3060.0,0.0,0.7,0.7,0
2399394978,2399395054,0,Sudheer Phadke Flyover,primary,2,23.3,0.0,3060.0,0.0,1.5,1.5,0
6493265091,969781588,0,Mathuradas Vasanji Road (Andheri Kurla Road),primary,2,113.0,0.0,3060.0,0.0,7.4,7.4,0
6493265092,6493265091,0,,primary_link,2,18.4,0.0,3060.0,0.0,1.2,1.2,0
6493265092,3708879354,0,Mathuradas Vasanji Road (Andheri Kurla Road),primary,2,214.6,0.0,3060.0,0.0,14.0,14.0,0
4352220356,347116059,0,Master Vinayak Road (Perry Road),secondary,2,64.2,0.0,2550.0,0.0,5.1,5.1,0
12393569482,2399395046,0,Vallabhabhai Patel Road,secondary,2,195.9,0.0,2550.0,0.0,15.7,15.7,0
2399395019,10277314311,0,Sardar Vallabhbhai Patel Road,secondary,2,285.9,0.0,2550.0,0.0,22.9,22.9,0
1178623178,10275432946,0,Asha Nagar Road,secondary,2,61.4,0.0,2550.0,0.0,4.9,4.9,0
6598130893,6598130894,0,,primary_link,2,6.8,0.0,3060.0,0.0,0.4,0.4,0
6598130893,245669554,0,Swami Vivekanand Road,primary,2,300.2,0.0,3060.0,0.0,19.6,19.6,0
6598130894,6598130893,0,,primary_link,2,6.8,0.0,3060.0,0.0,0.4,0.4,0
347176149,10878501990,0,Linking Road,secondary,2,18.8,0.0,2550.0,0.0,1.5,1.5,0
10028699563,2244797790,0,Juhu Tara Road,secondary,2,18.5,0.0,2550.0,0.0,1.5,1.5,0
245669080,245669143,0,Linking Road,secondary,2,65.2,0.0,2550.0,0.0,5.2,5.2,0
346610903,1654348796,0,Saint Sebastian Road,secondary,2,123.2,0.0,2550.0,0.0,9.9,9.9,0
6117653725,10277547720,0,Goregaon Mulund Link Road,secondary,2,31.7,0.0,2550.0,0.0,2.5,2.5,0
7374437595,7374437642,0,,secondary,2,232.2,0.0,2550.0,0.0,18.6,18.6,0
12296084705,12296084706,0,,secondary_link,2,12.0,0.0,2550.0,0.0,1.0,1.0,0
7371029962,1936627911,0,CD Barfiwala Road,primary,2,9.5,0.0,3060.0,0.0,0.6,0.6,0
2629418452,1647747245,0,Dharavi Depot Road,primary,2,188.1,0.0,3060.0,0.0,12.3,12.3,0
2222708871,2224023778,0,Mahatma Gandhi Road,secondary,2,92.8,0.0,2550.0,0.0,7.4,7.4,0
1178672927,10926044216,0,Dattapada Road,secondary,2,34.1,0.0,2550.0,0.0,2.7,2.7,0
1936580398,4357117968,0,Swami Vivekanand Road,primary,2,38.6,0.0,3060.0,0.0,2.5,2.5,0
346644270,10089667076,0,General Arun Kumar Vaidya Marg,secondary,2,8.9,0.0,2550.0,0.0,0.7,0.7,0
2222186284,2222186333,0,,secondary,2,111.5,0.0,2550.0,0.0,8.9,8.9,0
2222186282,13786441502,0,Bhoomi Park Road,secondary,2,35.7,0.0,2550.0,0.0,2.9,2.9,0
2222186277,13786441508,0,Bhoomi Park Road,secondary,2,36.8,0.0,2550.0,0.0,2.9,2.9,0
1178672931,1178672927,0,Dattapada Road,secondary,2,38.3,0.0,2550.0,0.0,3.1,3.1,0
1178672927,10564469937,0,,trunk_link,3,15.4,0.0,4845.0,0.0,0.9,0.9,0
619183876,619185234,0,General A K Vaidya Marg,secondary,2,177.5,0.0,2550.0,0.0,14.2,14.2,0
13639180051,2242610377,0,Sahar Road,secondary,2,123.4,0.0,2550.0,0.0,9.9,9.9,0
13639180051,13639180050,0,,secondary_link,2,11.5,0.0,2550.0,0.0,0.9,0.9,0
13639180050,13639180051,0,,secondary_link,2,11.5,0.0,2550.0,0.0,0.9,0.9,0
13639180050,5488442657,0,Sahar Road,secondary,2,43.1,0.0,2550.0,0.0,3.5,3.5,0
1375215365,619202302,0,,trunk_link,1,13.9,0.0,1615.0,0.0,0.8,0.8,0
13844086531,13844086536,0,,secondary,2,231.7,0.0,2550.0,0.0,18.5,18.5,0
346644272,10089667078,0,K C Marg,secondary,2,8.0,0.0,2550.0,0.0,0.6,0.6,0
346644272,13514297393,0,KC Marg,secondary,2,8.6,0.0,2550.0,0.0,0.7,0.7,0
245669680,348120084,0,Juhu Tara Road,secondary,2,20.2,0.0,2550.0,0.0,1.6,1.6,0
2222186293,13773893047,0,Bhoomi Park Road,secondary,2,25.0,0.0,2550.0,0.0,2.0,2.0,0
7357726526,7325017700,0,Gorai Road,secondary,2,61.2,0.0,2550.0,0.0,4.9,4.9,0
6430474047,6429588363,0,Lal Bahadur Shastri Marg,primary,2,103.6,0.0,3060.0,0.0,6.8,6.8,0
6430474047,6430474048,0,,primary_link,2,9.2,0.0,3060.0,0.0,0.6,0.6,0
6430474048,13353086718,0,Lal Bahadur Shastri Marg,primary,2,113.1,0.0,3060.0,0.0,7.4,7.4,0
6430474048,6430474047,0,,primary_link,2,9.2,0.0,3060.0,0.0,0.6,0.6,0
10723311425,10279333670,0,Guru Nanak Road,secondary,2,151.7,0.0,2550.0,0.0,12.1,12.1,0
10723311426,10723311425,0,Guru Nanak Road,secondary,2,7.4,0.0,2550.0,0.0,0.6,0.6,0
10291027781,13857437037,0,Ceasar Road,secondary,2,36.8,0.0,2550.0,0.0,2.9,2.9,0
2222186312,13773893055,0,Bhoomi Park Road,secondary,2,5.2,0.0,2550.0,0.0,0.4,0.4,0
4698963784,5938773707,0,General A K Vaidya Marg,secondary,2,201.7,0.0,2550.0,0.0,16.1,16.1,0
1481080651,10880537043,0,Kasturba Gandhi Road,secondary,2,62.2,0.0,2550.0,0.0,5.0,5.0,0
347144010,346610903,0,Saint Sebastian Road,secondary,2,63.4,0.0,2550.0,0.0,5.1,5.1,0
2222186318,13773782898,0,Bhoomi Park Road,secondary,2,58.9,0.0,2550.0,0.0,4.7,4.7,0
13844086531,13844086532,0,,secondary_link,2,13.0,0.0,2550.0,0.0,1.0,1.0,0
13844086536,13844086535,0,,secondary,2,14.8,0.0,2550.0,0.0,1.2,1.2,0
1481080650,1481080651,0,Kasturba Gandhi Road,secondary,2,89.9,0.0,2550.0,0.0,7.2,7.2,0
2250825449,13479795792,0,Kalina-Vakola Flyover,motorway,3,971.4,0.0,5100.0,0.0,69.9,69.9,0
6428581623,6165604846,0,SL Raheja Hospital Marg,secondary,2,75.2,0.0,2550.0,0.0,6.0,6.0,0
10264805108,10264805107,0,Hill Road,secondary,2,24.3,0.0,2550.0,0.0,2.9,2.9,0
10264805107,9681688988,0,Hill Road,secondary,2,59.9,0.0,2550.0,0.0,7.2,7.2,0
10635534062,8589101233,0,Chitrakar Dhurandar Road,secondary,2,114.6,0.0,2550.0,0.0,9.2,9.2,0
10635534062,2629418526,0,Chitrakar Durandhar Road (2nd Road),secondary,2,9.3,0.0,2550.0,0.0,0.7,0.7,0
10635534062,245667607,0,Linking Road,secondary,2,138.8,0.0,2550.0,0.0,11.1,11.1,0
11329781476,11329781477,0,,trunk_link,3,13.5,0.0,4845.0,0.0,0.8,0.8,0
10277314311,2562413149,0,Sardar Vallabhbhai Patel Road,secondary,2,10.7,0.0,2550.0,0.0,0.9,0.9,0
11329781477,1179332232,0,Sion Panvel Highway,trunk,4,303.5,0.0,6460.0,0.0,18.2,18.2,0
6618373861,13786441510,0,Bhoomi Park Road,secondary,2,57.3,0.0,2550.0,0.0,4.6,4.6,0
13947125474,2249202027,0,Western Express Highway,trunk,3,20.8,0.0,4845.0,0.0,1.2,1.2,0
6430899938,6430899937,0,,secondary_link,2,10.7,0.0,2550.0,0.0,0.9,0.9,0
6430899937,6430899938,0,,secondary_link,2,10.7,0.0,2550.0,0.0,0.9,0.9,0
9969180381,1934768165,0,Balasaheb Sawant Road,secondary,2,117.4,0.0,2550.0,0.0,9.4,9.4,0
5968543484,11017592296,0,Aarey Colony Road,secondary,2,417.1,0.0,2550.0,0.0,33.4,33.4,0
5968543484,1184006695,0,Aarey Colony Road,secondary,2,68.6,0.0,2550.0,0.0,5.5,5.5,0
1936580349,10698653947,0,,primary_link,2,8.7,0.0,3060.0,0.0,0.6,0.6,0
1936580349,1936580398,0,Swami Vivekanand Road,primary,2,116.6,0.0,3060.0,0.0,7.6,7.6,0
10882694911,2299496543,0,Carter Road,secondary,4,163.2,0.0,5100.0,0.0,13.1,13.1,0
296853248,10277590749,0,Swami Vivekanand Road,primary,2,7.7,0.0,3060.0,0.0,0.5,0.5,0
296853248,10291027781,0,Ceasar Road,secondary,2,143.0,0.0,2550.0,0.0,11.4,11.4,0
10882694912,10882694914,0,Carter Road,secondary,4,14.8,0.0,5100.0,0.0,1.2,1.2,0
10882694914,10598764758,0,Perry Road,secondary,4,78.2,0.0,5100.0,0.0,6.3,6.3,0
10882694913,10882694911,0,Carter Road,secondary,4,13.3,0.0,5100.0,0.0,1.1,1.1,0
13844086532,13844086531,0,,secondary_link,2,13.0,0.0,2550.0,0.0,1.0,1.0,0
13844086532,12434973972,0,,secondary,2,50.4,0.0,2550.0,0.0,4.0,4.0,0
13844086533,1651530803,0,,secondary,2,10.4,0.0,2550.0,0.0,0.8,0.8,0
13844086534,13844086532,0,,secondary,2,239.5,0.0,2550.0,0.0,19.2,19.2,0
13844086534,13844086536,0,,secondary,2,9.4,0.0,2550.0,0.0,0.7,0.7,0
13844086535,7374437595,0,,secondary,2,108.6,0.0,2550.0,0.0,8.7,8.7,0
13844086535,13844086533,0,,secondary,2,7.1,0.0,2550.0,0.0,0.6,0.6,0
1936580431,6429075944,0,Swami Vivekanand Road,primary,2,8.5,0.0,3060.0,0.0,0.6,0.6,0
6430408536,5936572208,0,Krantiveer Lakhuji Salve Marg,secondary,2,100.2,0.0,2550.0,0.0,8.0,8.0,0
9969180380,9888993601,0,Balasaheb Sawant Road,secondary,2,204.8,0.0,2550.0,0.0,16.4,16.4,0
12434923492,10168211194,0,Lokmanya Tilak Road,secondary,2,94.4,0.0,2550.0,0.0,7.6,7.6,0
5265547246,6280229504,0,,primary_link,1,47.6,0.0,1530.0,0.0,3.1,3.1,0
13867818988,13867818989,0,,primary_link,2,12.6,0.0,3060.0,0.0,0.8,0.8,0
13867818987,13867818986,0,,primary_link,2,11.0,0.0,3060.0,0.0,0.7,0.7,0
13867818986,13867818987,0,,primary_link,2,11.0,0.0,3060.0,0.0,0.7,0.7,0
13867818986,3878492881,0,Link Road,primary,2,53.6,0.0,3060.0,0.0,3.5,3.5,0
6554337255,623040015,0,Mathuradas Vasanji Road,secondary,2,27.9,0.0,2550.0,0.0,2.2,2.2,0
5968879585,1152814072,0,Marol-Maroshi Road,secondary,2,293.2,0.0,2550.0,0.0,23.5,23.5,0
629022668,7331006545,0,Link Road,primary,2,33.8,0.0,3060.0,0.0,2.2,2.2,0
5968879585,2233650480,0,Marol-Maroshi Road,secondary,2,585.3,0.0,2550.0,0.0,46.8,46.8,0
13580017625,13579955098,0,,secondary,2,196.4,0.0,2550.0,0.0,15.7,15.7,0
13580017624,12400043313,0,Chatrapati Shivaji Road,secondary,2,16.5,0.0,2550.0,0.0,1.3,1.3,0
6557556695,2439602110,0,Sant Rohidas Marg,primary,2,112.4,0.0,3060.0,0.0,7.4,7.4,0
6557556695,6557556694,0,,primary_link,2,11.8,0.0,3060.0,0.0,0.8,0.8,0
6557556694,13588833224,0,Sant Rohidas Marg,primary,2,9.7,0.0,3060.0,0.0,0.6,0.6,0
5265547246,296362019,0,Swami Vivekanand Road,primary,2,38.0,0.0,3060.0,0.0,2.5,2.5,0
13872349167,13872349168,0,,primary_link,2,8.3,0.0,3060.0,0.0,0.5,0.5,0
13867818989,13867818986,0,Link Road,primary,2,78.1,0.0,3060.0,0.0,5.1,5.1,0
13867818989,13867818988,0,,primary_link,2,12.6,0.0,3060.0,0.0,0.8,0.8,0
2622177265,6494952054,0,Lal Bahadur Shastri Marg,primary,2,21.5,0.0,3060.0,0.0,1.4,1.4,0
2622177265,6494952052,0,,primary_link,2,8.9,0.0,3060.0,0.0,0.6,0.6,0
10277265394,13681043574,0,,secondary_link,2,8.3,0.0,2550.0,0.0,0.7,0.7,0
10277265394,10277304517,0,Kasturba Gandhi Road,secondary,2,41.3,0.0,2550.0,0.0,3.3,3.3,0
13872349168,13872349167,0,,primary_link,2,8.3,0.0,3060.0,0.0,0.5,0.5,0
13867818990,13867818991,0,,primary_link,2,15.5,0.0,3060.0,0.0,1.0,1.0,0
13867818990,3878492870,0,Link Road,primary,2,162.0,0.0,3060.0,0.0,10.6,10.6,0
13867818991,13867818990,0,,primary_link,2,15.5,0.0,3060.0,0.0,1.0,1.0,0
10277265401,13681043575,0,Kasturba Gandhi Road,secondary,2,95.7,0.0,2550.0,0.0,7.7,7.7,0
2622177275,10877916800,0,Bandra Kurla Complex Road,primary,2,118.8,0.0,3060.0,0.0,7.8,7.8,0
2622177275,619309810,0,,primary,2,14.1,0.0,3060.0,0.0,0.9,0.9,0
2622177275,2244797516,0,Lal Bahadur Shastri Marg,primary,2,81.7,0.0,3060.0,0.0,5.3,5.3,0
10277265407,13681043576,0,,secondary_link,2,11.1,0.0,2550.0,0.0,0.9,0.9,0
6557556694,6557556695,0,,primary_link,2,11.8,0.0,3060.0,0.0,0.8,0.8,0
2248802247,11242800174,0,Sion Panvel Highway,trunk,4,214.0,0.0,6460.0,0.0,12.8,12.8,0
6430408538,1184101000,0,Krantiveer Lakhuji Salve Marg,secondary,2,93.6,0.0,2550.0,0.0,7.5,7.5,0
346619785,13754235703,0,Chapel Road,secondary,4,11.0,0.0,5100.0,0.0,0.9,0.9,0
7377674135,7377674137,0,Boraspada Road,secondary,2,179.4,0.0,2550.0,0.0,14.3,14.3,0
7377674134,7377674135,0,Boraspada Road,secondary,2,13.3,0.0,2550.0,0.0,1.1,1.1,0
7377674133,7377674134,0,Boraspada Road,secondary,2,141.2,0.0,2550.0,0.0,11.3,11.3,0
7377674132,7377674133,0,Boraspada Road,secondary,2,159.9,0.0,2550.0,0.0,12.8,12.8,0
1154211731,245671370,0,Sahar Road,secondary,2,57.4,0.0,2550.0,0.0,4.6,4.6,0
346619785,346620035,0,Chapel Road,secondary,2,155.3,0.0,2550.0,0.0,12.4,12.4,0
1646854024,13819263252,0,,secondary,2,154.4,0.0,2550.0,0.0,12.3,12.3,0
2439602112,245663959,0,Lal Bahadur Shastri Marg,primary,2,23.2,0.0,3060.0,0.0,1.5,1.5,0
1180819334,9697896120,0,,secondary,2,100.6,0.0,2550.0,0.0,8.1,8.1,0
7377674117,13651615240,0,Boraspada Road,secondary,2,352.6,0.0,2550.0,0.0,28.2,28.2,0
347176820,6489866777,0,Gurunanak Marg,secondary,1,77.5,0.0,1275.0,0.0,6.2,6.2,0
13773782898,10945917093,0,Bhoomi Park Road,secondary,2,26.3,0.0,2550.0,0.0,2.1,2.1,0
7374413675,12124288562,0,Goregaon Mulund Link Road,secondary,2,160.2,0.0,2550.0,0.0,12.8,12.8,0
2222186333,10595441721,0,,secondary,2,120.3,0.0,2550.0,0.0,9.6,9.6,0
245669780,7401192400,0,Mathuradas Vasanji Road (Andheri Kurla Road),primary,2,7.7,0.0,3060.0,0.0,0.5,0.5,0
7377674137,7377674138,0,Boraspada Road,secondary,2,11.3,0.0,2550.0,0.0,0.9,0.9,0
7377674138,13652284585,0,Boraspada Road,secondary,2,8.2,0.0,2550.0,0.0,0.7,0.7,0
4415528859,2131982680,0,Chunabhatti Road,secondary,2,59.8,0.0,2550.0,0.0,4.8,4.8,0
4415528859,11064596200,0,Chunabhatti Road,secondary,2,110.3,0.0,2550.0,0.0,8.8,8.8,0
1936580506,11041638954,0,Swami Vivekanand Road,primary,2,230.5,0.0,3060.0,0.0,15.1,15.1,0
7377674141,2629682548,0,Boraspada Road,secondary,2,109.0,0.0,2550.0,0.0,8.7,8.7,0
1154211735,12698155337,0,,primary_link,1,69.1,0.0,1530.0,0.0,4.5,4.5,0
4362592162,245671626,0,Chatrapati Shivaji Road,secondary,2,104.8,0.0,2550.0,0.0,8.4,8.4,0
7377674147,7377660280,0,Boraspada Road,secondary,2,14.9,0.0,2550.0,0.0,1.2,1.2,0
10228080552,10629352244,0,,trunk_link,3,123.9,0.0,4845.0,0.0,7.4,7.4,0
6430416810,6430416811,0,,primary_link,2,9.2,0.0,3060.0,0.0,0.6,0.6,0
6430416810,6494881117,0,Lal Bahadur Shastri Marg,primary,2,178.6,0.0,3060.0,0.0,11.7,11.7,0
6430416811,6494934163,0,Lal Bahadur Shastri Marg,primary,2,70.6,0.0,3060.0,0.0,4.6,4.6,0
6430416811,6430416810,0,,primary_link,2,9.2,0.0,3060.0,0.0,0.6,0.6,0
2439602110,2439602112,0,Sant Rohidas Marg,primary,2,11.3,0.0,3060.0,0.0,0.7,0.7,0
2439602110,2629436042,0,Lal Bahadur Shastri Marg,primary,2,211.0,0.0,3060.0,0.0,13.8,13.8,0
9969180381,9969180380,0,,secondary_link,2,8.1,0.0,2550.0,0.0,0.6,0.6,0
9969180380,9969180381,0,,secondary_link,2,8.1,0.0,2550.0,0.0,0.6,0.6,0
622042581,12406085638,0,Santa Cruz – Chembur Link Road,trunk,3,23.2,0.0,4845.0,0.0,1.4,1.4,0
2629418520,6435814632,0,Linking Road,secondary,2,37.3,0.0,2550.0,0.0,3.0,3.0,0
985103905,1166258594,0,,trunk_link,1,119.1,0.0,1615.0,0.0,7.1,7.1,0
2629418529,2629418528,0,Linking Road,secondary,2,135.5,0.0,2550.0,0.0,10.8,10.8,0
2629418528,2629418527,0,Linking Road,secondary,2,131.4,0.0,2550.0,0.0,10.5,10.5,0
2629418527,2629418526,0,Linking Road,secondary,2,139.9,0.0,2550.0,0.0,11.2,11.2,0
2629418526,2629418520,0,Linking Road,secondary,2,156.1,0.0,2550.0,0.0,12.5,12.5,0
2629418526,10635534062,0,Chitrakar Durandhar Road (2nd Road),secondary,2,9.3,0.0,2550.0,0.0,0.7,0.7,0
346611218,472840749,0,Mehboob Kahn Chowk,secondary,2,32.9,0.0,2550.0,0.0,2.6,2.6,0
7325269508,4233167606,0,Link Road,primary,2,38.0,0.0,3060.0,0.0,2.5,2.5,0
7370915345,1184122435,0,Cross Road C,secondary,2,117.2,0.0,2550.0,0.0,9.4,9.4,0
7370915345,12124306136,0,Cross Road C,secondary,2,12.1,0.0,2550.0,0.0,1.0,1.0,0
5348834827,470146183,0,,primary,2,57.8,0.0,3060.0,0.0,3.8,3.8,0
12087090698,12087090701,0,,trunk_link,3,45.3,0.0,4845.0,0.0,2.7,2.7,0
2629418501,9979171957,0,Linking Road,secondary,2,8.7,0.0,2550.0,0.0,0.7,0.7,0
13651615240,7377674147,0,Boraspada Road,secondary,2,349.2,0.0,2550.0,0.0,27.9,27.9,0
10882727459,13514568911,0,Manuel Gonsalves Road,secondary,2,32.6,0.0,2550.0,0.0,3.9,3.9,0
10882727459,10882715558,0,Manuel Gonsalves Road,secondary,2,9.1,0.0,2550.0,0.0,1.1,1.1,0
2629418532,245668379,0,Linking Road,secondary,2,65.8,0.0,2550.0,0.0,5.3,5.3,0
2629418533,2629418531,0,Linking Road,secondary,2,164.2,0.0,2550.0,0.0,13.1,13.1,0
7374085670,13848883938,0,Sion Bandra Link Road,primary,2,55.1,0.0,3060.0,0.0,3.6,3.6,0
10882727462,13520933659,0,Manuel Gonsalves Road,secondary,2,54.9,0.0,2550.0,0.0,4.4,4.4,0
2629418536,13526887023,0,Juhu Tara Road,secondary,2,47.9,0.0,2550.0,0.0,3.8,3.8,0
2629418536,9740934234,0,Linking Road,secondary,2,8.3,0.0,2550.0,0.0,0.7,0.7,0
10882727463,13520933667,0,Manuel Gonsalves Road,secondary,2,27.5,0.0,2550.0,0.0,2.2,2.2,0
10882727463,471581476,0,,secondary_link,2,6.6,0.0,2550.0,0.0,0.8,0.8,0
1643134506,5346805349,0,Sion Bandra Link Road,primary,2,143.7,0.0,3060.0,0.0,9.4,9.4,0
1643134506,5346805345,0,Road No 1,secondary,2,120.5,0.0,2550.0,0.0,9.6,9.6,0
10882727465,10882727464,0,Manuel Gonsalves Road,secondary,2,6.7,0.0,2550.0,0.0,0.5,0.5,0
10882727465,9681689000,0,Hill Road,secondary,2,173.3,0.0,2550.0,0.0,20.8,20.8,0
2629418535,2629418534,0,Linking Road,secondary,2,74.0,0.0,2550.0,0.0,5.9,5.9,0
13437517358,13437517362,0,Swami Vivekanand Road,primary,2,41.2,0.0,3060.0,0.0,2.7,2.7,0
13437517358,10879528613,0,,primary_link,2,35.6,0.0,3060.0,0.0,2.3,2.3,0
13651615240,6581277093,0,Boraspada Road,secondary,2,11.3,0.0,2550.0,0.0,0.9,0.9,0
2629418497,471566319,0,Linking Road,secondary,2,109.8,0.0,2550.0,0.0,8.8,8.8,0
10882727464,4328035970,0,Hill Road,secondary,2,6.1,0.0,2550.0,0.0,0.7,0.7,0
11017592296,2233650385,0,Aarey Colony Road,secondary,2,171.8,0.0,2550.0,0.0,13.7,13.7,0
10279771627,10279771631,0,,primary_link,2,54.5,0.0,3060.0,0.0,3.6,3.6,0
10279771627,245666966,0,Bandra Kurla Complex Road,primary,3,35.3,0.0,4590.0,0.0,2.3,2.3,0
11025358315,13639180050,0,Sahar Road,secondary,2,157.4,0.0,2550.0,0.0,12.6,12.6,0
10279771623,10279771626,0,,primary_link,2,41.3,0.0,3060.0,0.0,2.7,2.7,0
10279771623,631507992,0,Bandra Kurla Complex Road,primary,3,28.4,0.0,4590.0,0.0,1.9,1.9,0
11017592296,5968543484,0,Aarey Colony Road,secondary,2,417.1,0.0,2550.0,0.0,33.4,33.4,0
5526822375,810349108,0,I A Project Road,secondary,2,125.5,0.0,2550.0,0.0,10.0,10.0,0
13651615237,6581277093,0,Boraspada Road,secondary,2,128.0,0.0,2550.0,0.0,10.2,10.2,0
2629418467,6590248275,0,Gurunanak Marg (Turner Road),secondary,2,5.8,0.0,2550.0,0.0,0.5,0.5,0
2249268703,1511531477,0,,primary,2,29.9,0.0,3060.0,0.0,2.0,2.0,0
2249268702,1511525618,0,,primary,2,199.8,0.0,3060.0,0.0,13.1,13.1,0
2249268702,2249268637,0,,primary,2,953.4,0.0,3060.0,0.0,62.4,62.4,0
622042582,622042581,0,Santa Cruz – Chembur Link Road,trunk,3,50.9,0.0,4845.0,0.0,3.1,3.1,0
622042582,2897024865,0,,trunk,3,10.9,0.0,4845.0,0.0,0.7,0.7,0
2629418478,5342165308,0,Gurunanak Marg,secondary,1,9.6,0.0,1275.0,0.0,0.8,0.8,0
2629418478,10272736790,0,Swami Vivekanand Road,primary,2,9.8,0.0,3060.0,0.0,0.6,0.6,0
2629418478,6292784553,0,Linking Road,secondary,2,39.3,0.0,2550.0,0.0,3.1,3.1,0
10279771631,631507969,0,Street 7,secondary,2,76.0,0.0,2550.0,0.0,6.1,6.1,0
245677558,13185481798,0,Mahatma Gandhi Road,secondary,2,4.4,0.0,2550.0,0.0,0.4,0.4,0
985103863,1152814072,0,Marol-Maroshi Road,secondary,2,27.1,0.0,2550.0,0.0,2.2,2.2,0
3794378233,6615790899,0,,secondary,2,140.8,0.0,2550.0,0.0,11.3,11.3,0
6430383610,3008529668,0,Swami Vivekanand Road,primary,2,373.6,0.0,3060.0,0.0,24.5,24.5,0
2629418492,10272736790,0,Linking Road,secondary,2,261.2,0.0,2550.0,0.0,20.9,20.9,0
2629418495,2629418492,0,Linking Road,secondary,2,225.3,0.0,2550.0,0.0,18.0,18.0,0
12430188033,12430188034,0,,trunk_link,3,26.5,0.0,4845.0,0.0,1.6,1.6,0
12430188033,10228080552,0,,trunk_link,3,30.0,0.0,4845.0,0.0,1.8,1.8,0
12430188034,12430188033,0,,trunk_link,3,26.5,0.0,4845.0,0.0,1.6,1.6,0
12430188034,245668003,0,,trunk_link,3,89.0,0.0,4845.0,0.0,5.3,5.3,0
2629418499,2629418498,0,Linking Road,secondary,2,72.7,0.0,2550.0,0.0,5.8,5.8,0
2629418498,10878501991,0,Linking Road,secondary,2,110.0,0.0,2550.0,0.0,8.8,8.8,0
13651615237,13652312885,0,Boraspada Road,secondary,2,77.0,0.0,2550.0,0.0,6.2,6.2,0
2629418534,2629418533,0,Linking Road,secondary,2,192.0,0.0,2550.0,0.0,15.4,15.4,0
10882727464,13520099255,0,Manuel Gonsalves Road,secondary,2,44.9,0.0,2550.0,0.0,3.6,3.6,0
10956832462,10168211200,0,Lokmanya Tilak Road,secondary,2,8.2,0.0,2550.0,0.0,0.7,0.7,0
10265648784,10266164932,0,,trunk,3,425.6,0.0,4845.0,0.0,25.5,25.5,0
1879817892,1184489481,0,Mahakali Caves Road,secondary,2,8.3,0.0,2550.0,0.0,0.7,0.7,0
1651867292,10880918992,0,Mahakali Caves Road,secondary,2,31.4,0.0,2550.0,0.0,2.5,2.5,0
2125225624,1732612762,0,Link Road,primary,2,92.6,0.0,3060.0,0.0,6.1,6.1,0
1642954392,5841999704,0,Sion Panvel Highway,trunk,5,306.6,0.0,8075.0,0.0,18.4,18.4,0
10960936599,3878492889,0,Link Road,primary,2,5.6,0.0,3060.0,0.0,0.4,0.4,0
1642954387,1642954383,0,,primary_link,2,34.5,0.0,3060.0,0.0,2.3,2.3,0
10265648784,245667819,0,Flyover,trunk_link,2,265.9,0.0,3230.0,0.0,16.0,16.0,0
9023192699,2222708292,0,,secondary,2,129.9,0.0,2550.0,0.0,10.4,10.4,0
1642954383,10738867822,0,Sewri-Chembur Road,primary,2,352.6,0.0,3060.0,0.0,23.1,23.1,0
1642954383,1642954387,0,,primary_link,2,34.5,0.0,3060.0,0.0,2.3,2.3,0
1642954374,245664779,0,Bhagwan Swaminarayan Flyover,primary,2,520.1,0.0,3060.0,0.0,34.0,34.0,0
3794378368,13840721718,0,,secondary,2,74.0,0.0,2550.0,0.0,5.9,5.9,0
3794378366,13844086531,0,,secondary,2,70.6,0.0,2550.0,0.0,5.6,5.6,0
9023192700,9023192699,0,,secondary,2,7.7,0.0,2550.0,0.0,0.6,0.6,0
1879817892,1879817893,0,Mahakali Caves Road,secondary,2,14.3,0.0,2550.0,0.0,1.1,1.1,0
1879817892,1879817894,0,Sant Gadge Maharaj Marg,primary,3,15.9,0.0,4590.0,0.0,1.0,1.0,0
1879817893,1879817892,0,Mahakali Caves Road,secondary,2,14.3,0.0,2550.0,0.0,1.1,1.1,0
1879817893,2236679475,0,Jogeshwari Vikhroli Link Road,primary,3,313.9,0.0,4590.0,0.0,20.5,20.5,0
1879817894,10277636665,0,Sant Gadge Maharaj Marg,primary,3,624.1,0.0,4590.0,0.0,40.8,40.8,0
245669554,6430487998,0,Swami Vivekanand Road,primary,2,77.6,0.0,3060.0,0.0,5.1,5.1,0
10583826104,9903871431,0,Adi Sankaracharya Marg,primary,3,791.0,0.0,4590.0,0.0,51.8,51.8,0
1879817913,1879817912,0,Jogeshwari Vikhroli Link Road,primary,3,10.8,0.0,4590.0,0.0,0.7,0.7,0
1879817912,10277636665,0,Sardar Vallabhbhai Patel Road,secondary,2,15.9,0.0,2550.0,0.0,1.3,1.3,0
1879817912,5937604864,0,Jogeshwari Vikhroli Link Road,primary,3,206.6,0.0,4590.0,0.0,13.5,13.5,0
2377711294,1365949516,0,Sant Rohidas Marg,primary,2,34.0,0.0,3060.0,0.0,2.2,2.2,0
10266164932,13077461203,0,,trunk,3,1270.3,0.0,4845.0,0.0,76.2,76.2,0
493240007,4342420729,0,Jawaharlal Nehru Road,secondary,2,120.5,0.0,2550.0,0.0,9.6,9.6,0
13649362632,12882834634,0,,primary_link,2,28.7,0.0,3060.0,0.0,1.9,1.9,0
6598737611,11052195977,0,Sahar Road,secondary,2,96.2,0.0,2550.0,0.0,11.5,11.5,0
5938773707,996421466,0,General A K Vaidya Marg,secondary,2,13.0,0.0,2550.0,0.0,1.0,1.0,0
2125225677,13855693181,0,Link Road,primary,2,23.5,0.0,3060.0,0.0,1.5,1.5,0
9023192700,13786441511,0,Bhoomi Park Road,secondary,2,38.8,0.0,2550.0,0.0,3.1,3.1,0
9023192699,7345377659,0,Bhoomi Park Road,secondary,2,13.8,0.0,2550.0,0.0,1.1,1.1,0
13460028978,10277277855,0,Swami Vivekanand Road,primary,2,36.9,0.0,3060.0,0.0,2.4,2.4,0
13984947792,13984947791,0,,secondary_link,2,17.8,0.0,2550.0,0.0,1.4,1.4,0
1879817825,1879817815,0,Adi Sankaracharya Marg,primary,3,275.8,0.0,4590.0,0.0,18.1,18.1,0
1879817825,7362994444,0,,primary_link,2,29.3,0.0,3060.0,0.0,1.9,1.9,0
13626310240,13626310242,0,,secondary,2,19.8,0.0,2550.0,0.0,1.6,1.6,0
13626310240,9694187773,0,,secondary,2,12.7,0.0,2550.0,0.0,1.0,1.0,0
245677658,1174335635,0,Mahatma Gandhi Road,secondary,2,75.0,0.0,2550.0,0.0,6.0,6.0,0
1879817815,9903871430,0,Adi Sankaracharya Marg,primary,3,5.1,0.0,4590.0,0.0,0.3,0.3,0
13984947792,623223512,0,Vaikunthlal Mehta Road,secondary,2,233.0,0.0,2550.0,0.0,18.6,18.6,0
6429408888,6430474708,0,,secondary,2,41.1,0.0,2550.0,0.0,3.3,3.3,0
13984947791,13984947792,0,,secondary_link,2,17.8,0.0,2550.0,0.0,1.4,1.4,0
1879817802,1879817892,0,Adi Sankaracharya Marg Flyover,primary,3,969.3,0.0,4590.0,0.0,63.4,63.4,0
13652254282,2221979490,0,,secondary,2,67.8,0.0,2550.0,0.0,5.4,5.4,0
13652254282,7345377657,0,,secondary_link,2,13.4,0.0,2550.0,0.0,1.1,1.1,0
245677627,1174325946,0,Mahatma Gandhi Road,secondary,2,87.9,0.0,2550.0,0.0,7.0,7.0,0
13437517363,6117461538,0,,primary_link,2,27.7,0.0,3060.0,0.0,1.8,1.8,0
13626310242,9694187776,0,,secondary,2,267.1,0.0,2550.0,0.0,21.4,21.4,0
13626310242,9694187773,0,,secondary,2,19.6,0.0,2550.0,0.0,1.6,1.6,0
13626310243,13626310251,0,Mahakali Caves Road,secondary,2,10.6,0.0,2550.0,0.0,0.8,0.8,0
13626310246,13626310254,0,Krantiveer Lakhuji Salve Marg,secondary,2,22.4,0.0,2550.0,0.0,1.8,1.8,0
13626310247,13626310246,0,Krantiveer Lakhuji Salve Marg,secondary,2,7.3,0.0,2550.0,0.0,0.6,0.6,0
13626310248,13626310249,0,Krantiveer Lakhuji Salve Marg,secondary,2,9.3,0.0,2550.0,0.0,0.7,0.7,0
13626310251,13626310243,0,Mahakali Caves Road,secondary,2,10.6,0.0,2550.0,0.0,0.8,0.8,0
13626310251,3797889425,0,Mahakali Caves Road,secondary,2,187.1,0.0,2550.0,0.0,15.0,15.0,0
13626310251,13626310254,0,,secondary_link,2,32.0,0.0,2550.0,0.0,2.6,2.6,0
2804481645,13351135363,0,,secondary,3,54.9,0.0,3825.0,0.0,4.4,4.4,0
2804481645,2897024861,0,Santa Cruz – Chembur Link Road,trunk,3,8.8,0.0,4845.0,0.0,0.5,0.5,0
10738867822,10738867823,0,,primary_link,2,8.3,0.0,3060.0,0.0,0.5,0.5,0
10738867822,13689201526,0,Sewri-Chembur Road,primary,2,132.8,0.0,3060.0,0.0,8.7,8.7,0
10738867823,10738867822,0,,primary_link,2,8.3,0.0,3060.0,0.0,0.5,0.5,0
10738867823,1642954374,0,,primary,2,206.3,0.0,3060.0,0.0,13.5,13.5,0
13626310254,5936572210,0,Krantiveer Lakhuji Salve Marg,secondary,2,163.9,0.0,2550.0,0.0,13.1,13.1,0
2804481652,12334925193,0,Santa Cruz – Chembur Link Road,trunk,3,362.7,0.0,4845.0,0.0,21.8,21.8,0
13521149004,8323355831,0,,secondary_link,2,7.7,0.0,2550.0,0.0,0.6,0.6,0
13521149003,13521149002,0,,secondary_link,2,9.8,0.0,2550.0,0.0,0.8,0.8,0
13521149003,7298842042,0,Carter Road,secondary,4,91.8,0.0,5100.0,0.0,7.3,7.3,0
3794262396,245679479,0,,secondary,2,18.0,0.0,2550.0,0.0,1.4,1.4,0
245668222,13518920667,0,Swami Vivekanand Road,primary,2,44.9,0.0,3060.0,0.0,2.9,2.9,0
3794262397,1343002718,0,Kachipada Ramchandra Lane,secondary,2,102.4,0.0,2550.0,0.0,8.2,8.2,0
3794262397,11021412068,0,Kachipada Ramchandra Lane,secondary,2,255.1,0.0,2550.0,0.0,20.4,20.4,0
13855693181,13855693180,0,,primary_link,2,9.5,0.0,3060.0,0.0,0.6,0.6,0
13855693181,884429983,0,Link Road,primary,2,96.5,0.0,3060.0,0.0,6.3,6.3,0
3794262396,3794269279,0,Link Road,primary,2,484.4,0.0,3060.0,0.0,31.7,31.7,0
245668221,3803645421,0,Linking Road,secondary,2,114.6,0.0,2550.0,0.0,9.2,9.2,0
9901775210,7362227721,0,Marol Maroshi Road,secondary,2,112.3,0.0,2550.0,0.0,9.0,9.0,0
13855693180,13855693181,0,,primary_link,2,9.5,0.0,3060.0,0.0,0.6,0.6,0
623040889,2610805155,0,Guru Nanak Road,secondary,2,47.7,0.0,2550.0,0.0,3.8,3.8,0
623040889,866835029,0,Bhakti Vendanta Swami Marg,primary,2,11.0,0.0,3060.0,0.0,0.7,0.7,0
10044201331,12243225438,0,Santa Cruz – Chembur Link Road,trunk,3,31.4,0.0,4845.0,0.0,1.9,1.9,0
2249202028,12430273137,0,Western Express Highway,trunk,3,131.5,0.0,4845.0,0.0,7.9,7.9,0
2249202027,590544164,0,Western Express Highway,trunk,3,226.8,0.0,4845.0,0.0,13.6,13.6,0
6429718915,471556494,0,Linking Road,secondary,2,98.5,0.0,2550.0,0.0,7.9,7.9,0
13446257029,1646746657,0,Behrambaug Road,primary,2,52.2,0.0,3060.0,0.0,3.4,3.4,0
9681688972,13534656947,0,Hill Road,secondary,2,45.0,0.0,2550.0,0.0,5.4,5.4,0
9681688973,9916444554,0,Hill Road,secondary,2,82.7,0.0,2550.0,0.0,9.9,9.9,0
9681688974,2841960950,0,Mehboob Kahn Chowk,secondary,2,50.3,0.0,2550.0,0.0,4.0,4.0,0
9681688977,13009284661,0,Hill Road,secondary,2,23.1,0.0,2550.0,0.0,1.9,1.9,0
9681688983,346633397,0,Hill Road,secondary,2,76.8,0.0,2550.0,0.0,9.2,9.2,0
9681688986,9681688973,0,Hill Road,secondary,2,72.8,0.0,2550.0,0.0,8.7,8.7,0
9681688988,10770749309,0,Hill Road,secondary,2,66.1,0.0,2550.0,0.0,7.9,7.9,0
9681688994,13565951412,0,Hill Road,secondary,2,34.0,0.0,2550.0,0.0,4.1,4.1,0
2610805155,245672377,0,Guru Nanak Road,secondary,2,177.7,0.0,2550.0,0.0,14.2,14.2,0
9681688995,9681688994,0,Hill Road,secondary,2,101.1,0.0,2550.0,0.0,12.1,12.1,0
9681688997,9681688986,0,Hill Road,secondary,2,77.7,0.0,2550.0,0.0,9.3,9.3,0
9681688998,9681688983,0,Hill Road,secondary,2,105.5,0.0,2550.0,0.0,12.7,12.7,0
9681688999,9681689000,0,,secondary_link,2,8.2,0.0,2550.0,0.0,0.7,0.7,0
9681688999,4364457175,0,Hill Road,secondary,2,106.8,0.0,2550.0,0.0,12.8,12.8,0
9681689000,9681688999,0,,secondary_link,2,8.2,0.0,2550.0,0.0,0.7,0.7,0
9901775210,2236679363,0,Marol Maroshi Road,secondary,2,350.7,0.0,2550.0,0.0,28.1,28.1,0
2249202021,2249202028,0,Western Express Highway,trunk,3,226.5,0.0,4845.0,0.0,13.6,13.6,0
9681689002,10603240109,0,Hill Road,secondary,2,108.2,0.0,2550.0,0.0,13.0,13.0,0
9901775159,5936572199,0,Krantiveer Lakhuji Salve Marg,secondary,2,108.3,0.0,2550.0,0.0,8.7,8.7,0
2222709056,13648926262,0,Hanuman Mandir Marg,secondary,2,26.4,0.0,2550.0,0.0,2.1,2.1,0
9684318528,9684318527,0,,primary_link,2,18.8,0.0,3060.0,0.0,1.2,1.2,0
9684318527,6204119841,0,Link Road,primary,2,244.0,0.0,3060.0,0.0,16.0,16.0,0
9684318527,9684318528,0,,primary_link,2,18.8,0.0,3060.0,0.0,1.2,1.2,0
5342165308,6292777302,0,Gurunanak Marg,secondary,1,29.3,0.0,1275.0,0.0,2.3,2.3,0
5342165306,12079592111,0,Gurunanak Marg,secondary,1,23.6,0.0,1275.0,0.0,1.9,1.9,0
5342165303,6489866778,0,Gurunanak Marg,secondary,1,84.0,0.0,1275.0,0.0,6.7,6.7,0
2249202017,10277277855,0,,trunk_link,3,117.1,0.0,4845.0,0.0,7.0,7.0,0
9901775155,1184123626,0,Krantiveer Lakhuji Salve Marg,secondary,2,105.5,0.0,2550.0,0.0,8.4,8.4,0
6495099186,6495099185,0,,secondary_link,2,10.5,0.0,2550.0,0.0,0.8,0.8,0
6495099185,6495099186,0,,secondary_link,2,10.5,0.0,2550.0,0.0,0.8,0.8,0
2249201967,2249202000,0,Western Express Highway,trunk,3,450.2,0.0,4845.0,0.0,27.0,27.0,0
2249201967,11389889510,0,,trunk_link,3,179.2,0.0,4845.0,0.0,10.8,10.8,0
2249201958,2249201967,0,Western Express Highway,trunk,3,256.9,0.0,4845.0,0.0,15.4,15.4,0
2222709056,629017401,0,,secondary,2,11.1,0.0,2550.0,0.0,0.9,0.9,0
6493927745,6493927744,0,,primary_link,2,16.8,0.0,3060.0,0.0,1.1,1.1,0
6493927745,7372175037,0,Lal Bahadur Shastri Marg,primary,2,160.7,0.0,3060.0,0.0,10.5,10.5,0
5342165315,5342165303,0,Gurunanak Marg,secondary,1,15.3,0.0,1275.0,0.0,1.2,1.2,0
6493927744,6493927745,0,,primary_link,2,16.8,0.0,3060.0,0.0,1.1,1.1,0
6493927744,6494909533,0,Lal Bahadur Shastri Marg,primary,2,166.8,0.0,3060.0,0.0,10.9,10.9,0
12698155337,12125883926,0,N S Phadke Marg,primary,2,10.1,0.0,3060.0,0.0,0.7,0.7,0
245668175,13518920660,0,Swami Vivekanand Road,primary,2,48.4,0.0,3060.0,0.0,3.2,3.2,0
2249202000,2249202008,0,Western Express Highway,trunk,3,276.3,0.0,4845.0,0.0,16.6,16.6,0
9198778709,6494896736,0,Lal Bahadur Shastri Marg,primary,2,249.7,0.0,3060.0,0.0,16.3,16.3,0
2131982680,1179199558,0,Chunabhatti Road,secondary,2,93.0,0.0,2550.0,0.0,7.4,7.4,0
2131982680,4415528859,0,Chunabhatti Road,secondary,2,59.8,0.0,2550.0,0.0,4.8,4.8,0
2249202008,2249202017,0,,trunk_link,3,41.2,0.0,4845.0,0.0,2.5,2.5,0
2249202008,2249202021,0,Western Express Highway,trunk,3,302.7,0.0,4845.0,0.0,18.2,18.2,0
11472722268,10882615923,0,,secondary_link,2,7.2,0.0,2550.0,0.0,0.6,0.6,0
11472722268,10279564678,0,Maroshi Village Road,secondary,2,75.4,0.0,2550.0,0.0,6.0,6.0,0
9132865887,7353843025,0,Jai Prakash Road,secondary,3,219.3,0.0,3825.0,0.0,17.5,17.5,0
9681689000,13523326236,0,Hill Road,secondary,2,29.0,0.0,2550.0,0.0,3.5,3.5,0
10225596845,884429977,0,Bhau Tatoba Toraskar Marg,primary,2,135.8,0.0,3060.0,0.0,8.9,8.9,0
13819263269,13819263268,0,,secondary_link,2,6.6,0.0,2550.0,0.0,0.5,0.5,0
14019451453,2244962408,0,Maroshi Village Road,secondary,2,49.5,0.0,2550.0,0.0,4.0,4.0,0
866835014,4357170883,0,Guru Nanak Road,secondary,2,78.2,0.0,2550.0,0.0,6.3,6.3,0
13769259590,13769259593,0,,primary_link,2,22.6,0.0,3060.0,0.0,1.5,1.5,0
13769259590,884430084,0,,secondary,2,15.3,0.0,2550.0,0.0,1.2,1.2,0
7238785603,630298123,0,Sardar Vallabhbhai Patel Road,secondary,2,161.2,0.0,2550.0,0.0,12.9,12.9,0
13925653056,10225596845,0,Bhau Tatoba Toraskar Marg,primary,2,9.9,0.0,3060.0,0.0,0.6,0.6,0
14019451454,14019451449,0,Maroshi Village Road,secondary,2,8.6,0.0,2550.0,0.0,0.7,0.7,0
14019451450,3708879285,0,Mathuradas Vasanji Road (Andheri Kurla Road),primary,2,233.8,0.0,3060.0,0.0,15.3,15.3,0
472840749,9681688974,0,Mehboob Kahn Chowk,secondary,2,8.2,0.0,2550.0,0.0,0.7,0.7,0
14019451450,14019451447,0,Maroshi Village Road,secondary,2,21.2,0.0,2550.0,0.0,1.7,1.7,0
14019451449,14019451450,0,Maroshi Village Road,secondary,2,195.2,0.0,2550.0,0.0,15.6,15.6,0
245668399,10081148282,0,Jawaharlal Nehru Road,secondary,2,39.2,0.0,2550.0,0.0,3.1,3.1,0
14019451447,3708879297,0,Mathuradas Vasanji Road (Andheri Kurla Road),primary,2,9.4,0.0,3060.0,0.0,0.6,0.6,0
1511529014,6602367954,0,,primary,2,207.4,0.0,3060.0,0.0,13.6,13.6,0
11953322545,11953322544,0,,secondary_link,2,12.6,0.0,2550.0,0.0,1.0,1.0,0
13769259593,13457918778,0,Link Road,primary,2,138.3,0.0,3060.0,0.0,9.1,9.1,0
12079741513,2897024615,0,Street 3,secondary,2,17.6,0.0,2550.0,0.0,1.4,1.4,0
12079741513,6552594957,0,Bandra Kurla Complex Road,primary,3,398.7,0.0,4590.0,0.0,26.1,26.1,0
245668427,2250992725,0,Jawaharlal Nehru Road,secondary,2,202.5,0.0,2550.0,0.0,16.2,16.2,0
2804548108,13799110864,0,Santa Cruz – Chembur Link Road,trunk,3,14.9,0.0,4845.0,0.0,0.9,0.9,0
866835027,13992260957,0,Guru Nanak Road,secondary,2,89.2,0.0,2550.0,0.0,7.1,7.1,0
519469651,13757945178,0,Bhau Tatoba Toraskar Marg,primary,2,7.0,0.0,3060.0,0.0,0.5,0.5,0
866835029,1934768150,0,Kamalakar Pant Walawalkar Marg,primary,2,11.8,0.0,3060.0,0.0,0.8,0.8,0
10214300247,12338983678,0,,secondary,2,48.0,0.0,2550.0,0.0,3.8,3.8,0
7372036698,7372036720,0,,primary,2,9.1,0.0,3060.0,0.0,0.6,0.6,0
7372036698,2381984473,0,Sion Bandra Link Road,primary,2,272.0,0.0,3060.0,0.0,17.8,17.8,0
6380173915,4233692849,0,General A K Vaidya Marg,secondary,2,30.0,0.0,2550.0,0.0,2.4,2.4,0
245668448,245668427,0,Jawaharlal Nehru Road,secondary,2,90.6,0.0,2550.0,0.0,7.3,7.3,0
2246662755,3797889475,0,Marol Maroshi Village Road,secondary,2,58.2,0.0,2550.0,0.0,4.7,4.7,0
7238785641,10920909532,0,,secondary,2,13.5,0.0,2550.0,0.0,1.1,1.1,0
7238785641,3803784190,0,,secondary,2,101.2,0.0,2550.0,0.0,8.1,8.1,0
7257905770,519469651,0,Bhau Tatoba Toraskar Marg,primary,2,124.6,0.0,3060.0,0.0,8.2,8.2,0
472840749,13009284666,0,Hill Road,secondary,2,74.5,0.0,2550.0,0.0,6.0,6.0,0
245668398,4342420724,0,Jawaharlal Nehru Road,secondary,2,39.5,0.0,2550.0,0.0,3.2,3.2,0
10225596847,884429979,0,Bhau Tatoba Toraskar Marg,primary,2,26.9,0.0,3060.0,0.0,1.8,1.8,0
11022383601,10154356055,0,Mathuradas Vasanji Road,secondary,2,77.2,0.0,2550.0,0.0,6.2,6.2,0
10089667071,346644270,0,General Arun Kumar Vaidya Marg,secondary,2,84.9,0.0,2550.0,0.0,6.8,6.8,0
10089667071,5494560187,0,General Arun Kumar Vaidya Marg,secondary,2,21.3,0.0,2550.0,0.0,1.7,1.7,0
13734025715,13729961460,0,,secondary,2,126.4,0.0,2550.0,0.0,10.1,10.1,0
13734025715,13734025714,0,,secondary_link,2,7.9,0.0,2550.0,0.0,0.6,0.6,0
13734025714,5483788799,0,Service Road,secondary,2,187.2,0.0,2550.0,0.0,15.0,15.0,0
13734025714,13734025715,0,,secondary_link,2,7.9,0.0,2550.0,0.0,0.6,0.6,0
245668329,245668397,0,Swami Vivekanand Road,primary,2,70.1,0.0,3060.0,0.0,4.6,4.6,0
245668397,12393472130,0,Swami Vivekanand Road,primary,2,56.0,0.0,3060.0,0.0,3.7,3.7,0
13617732052,1398117085,0,Bandra Kurla Complex Road,primary,5,16.6,0.0,7650.0,0.0,1.1,1.1,0
5172459965,13857111123,0,Achutrao Patwardhan Marg,secondary,2,7.1,0.0,2550.0,0.0,0.6,0.6,0
5172459964,10107630357,0,Achutrao Patwardhan Marg,secondary,2,6.9,0.0,2550.0,0.0,0.6,0.6,0
6430497206,13947151154,0,Sant Rohidas Marg,primary,2,77.8,0.0,3060.0,0.0,5.1,5.1,0
6430497206,245664037,0,90 Feet Road,secondary,2,10.0,0.0,2550.0,0.0,0.8,0.8,0
245676468,10225596847,0,Bhau Tatoba Toraskar Marg,primary,2,116.7,0.0,3060.0,0.0,7.6,7.6,0
10089667076,10657225553,0,,secondary,2,7.1,0.0,2550.0,0.0,0.6,0.6,0
10089667078,10089667079,0,,secondary,2,9.1,0.0,2550.0,0.0,0.7,0.7,0
10089667078,347042532,0,K C Marg,secondary,2,151.6,0.0,2550.0,0.0,12.1,12.1,0
10089667079,7206407288,0,K C Marg,secondary,2,7.8,0.0,2550.0,0.0,0.6,0.6,0
13733935624,1178625409,0,,secondary,2,287.6,0.0,2550.0,0.0,23.0,23.0,0
13733935625,13733935624,0,,secondary,2,12.1,0.0,2550.0,0.0,1.0,1.0,0
245668379,245668494,0,Linking Road,secondary,2,125.7,0.0,2550.0,0.0,10.1,10.1,0
2294364706,7459252380,0,Lady Jamshedji Road,primary,2,169.0,0.0,3060.0,0.0,11.1,11.1,0
4699003433,5938773146,0,General A K Vaidya Marg,secondary,2,59.1,0.0,2550.0,0.0,4.7,4.7,0
2294364713,2294364706,1,Lady Jamshedji Road,primary,2,88.9,0.0,3060.0,0.0,5.8,5.8,0
13522606638,245668764,0,Juhu Tara Road,secondary,2,87.7,0.0,2550.0,0.0,7.0,7.0,0
13522606638,13522606639,0,,secondary_link,2,9.3,0.0,2550.0,0.0,0.7,0.7,0
13522606639,4335012906,0,Juhu Tara Road,secondary,2,77.9,0.0,2550.0,0.0,6.2,6.2,0
13522606639,13522606638,0,,secondary_link,2,9.3,0.0,2550.0,0.0,0.7,0.7,0
11953322544,11953322545,0,,secondary_link,2,12.6,0.0,2550.0,0.0,1.0,1.0,0
619166256,1180378612,0,,primary,2,41.9,0.0,3060.0,0.0,2.7,2.7,0
619166256,10294767394,0,,primary,2,115.9,0.0,3060.0,0.0,7.6,7.6,0
13819263269,13819263271,0,,secondary,2,17.8,0.0,2550.0,0.0,1.4,1.4,0
13819263271,1351183149,0,,secondary,2,51.5,0.0,2550.0,0.0,4.1,4.1,0
13521149002,13521149003,0,,secondary_link,2,9.8,0.0,2550.0,0.0,0.8,0.8,0
10277304517,245682025,0,,secondary,2,6.5,0.0,2550.0,0.0,0.5,0.5,0
1936627911,3979605666,0,CD Barfiwala Road,primary,2,117.0,0.0,3060.0,0.0,7.7,7.7,0
2222708933,6616479905,0,Mahatma Gandhi Road,secondary,2,12.0,0.0,2550.0,0.0,1.0,1.0,0
2221979848,10936586334,0,Gorai Link Road,secondary,2,68.2,0.0,2550.0,0.0,5.5,5.5,0
245668039,10925931781,0,Jawaharlal Nehru Road,secondary,2,8.3,0.0,2550.0,0.0,0.7,0.7,0
245668039,7404711447,0,Jawaharlal Nehru Road,secondary,2,18.9,0.0,2550.0,0.0,1.5,1.5,0
10277304517,10738408905,0,,secondary,2,42.8,0.0,2550.0,0.0,3.4,3.4,0
1936627909,1936627937,0,CD Barfiwala Road,secondary,2,29.3,0.0,2550.0,0.0,2.3,2.3,0
10277304511,10277304510,0,Kasturba Gandhi Road,secondary,2,76.1,0.0,2550.0,0.0,6.1,6.1,0
1936627909,1936627976,0,Swami Vivekanand Road,primary,2,37.5,0.0,3060.0,0.0,2.5,2.5,0
10277304515,10277304514,0,Kasturba Gandhi Road,secondary,2,46.0,0.0,2550.0,0.0,3.7,3.7,0
10277304514,10277304513,0,Kasturba Gandhi Road,secondary,2,54.1,0.0,2550.0,0.0,4.3,4.3,0
10277304514,245682398,0,,secondary_link,2,8.8,0.0,2550.0,0.0,0.7,0.7,0
10277304513,10277304511,0,Kasturba Gandhi Road,secondary,2,83.1,0.0,2550.0,0.0,6.6,6.6,0
1936627903,1936627968,0,G K Gokhale Flyover,primary,3,135.9,0.0,4590.0,0.0,16.3,16.3,0
2222708940,2222708955,0,Mahatma Gandhi Road,secondary,2,128.5,0.0,2550.0,0.0,10.3,10.3,0
13799110863,13799110864,0,,trunk_link,3,26.6,0.0,4845.0,0.0,1.6,1.6,0
13799110863,10772904760,0,Santa Cruz – Chembur Link Road,trunk,3,130.1,0.0,4845.0,0.0,7.8,7.8,0
13799110864,13799110863,0,,trunk_link,3,26.6,0.0,4845.0,0.0,1.6,1.6,0
13799110864,13799110866,0,Santa Cruz – Chembur Link Road,trunk,3,114.7,0.0,4845.0,0.0,6.9,6.9,0
13799110864,13799110866,1,,trunk,3,113.7,0.0,4845.0,0.0,6.8,6.8,0
13799110866,13351135368,0,Santa Cruz – Chembur Link Road,trunk,3,2.8,0.0,4845.0,0.0,0.2,0.2,0
2222708955,7345380802,0,Mahatma Gandhi Road,secondary,2,101.1,0.0,2550.0,0.0,8.1,8.1,0
6491085020,2629436047,0,Sion Bandra Link Road,primary,2,176.5,0.0,3060.0,0.0,11.6,11.6,0
1936627937,1936627943,0,CD Barfiwala Road,secondary,2,44.7,0.0,2550.0,0.0,3.6,3.6,0
13473200355,1934779427,0,Kamalakar Pant Walawalkar Marg,primary,2,5.1,0.0,3060.0,0.0,0.3,0.3,0
1936627942,7371029962,0,CD Barfiwala Road,primary,2,307.3,0.0,3060.0,0.0,20.1,20.1,0
1936627943,12293414015,0,,secondary_link,2,26.1,0.0,2550.0,0.0,2.1,2.1,0
1936627943,13758246173,0,CD Barfiwala Road,secondary,2,288.3,0.0,2550.0,0.0,23.1,23.1,0
2610804984,2610805155,0,,secondary_link,2,74.6,0.0,2550.0,0.0,6.0,6.0,0
2610804984,623040889,0,Bhakti Vendanta Swami Marg,primary,2,58.6,0.0,3060.0,0.0,3.8,3.8,0
13819263224,1646854024,0,,secondary,2,68.3,0.0,2550.0,0.0,5.5,5.5,0
1936627903,13758246173,0,CD Barfiwala Road,primary,2,514.3,0.0,3060.0,0.0,61.7,61.7,0
10277304510,10277265408,0,Kasturba Gandhi Road,secondary,2,88.6,0.0,2550.0,0.0,7.1,7.1,0
13819263232,13819263253,0,,secondary_link,2,4.9,0.0,2550.0,0.0,0.4,0.4,0
7357634711,11919768585,0,Service Road,secondary,2,58.3,0.0,2550.0,0.0,4.7,4.7,0
245668003,2622177289,0,Santa Cruz – Chembur Link Road,trunk_link,2,10.8,0.0,3230.0,0.0,0.6,0.6,0
5887563939,2629418499,0,Linking Road,secondary,2,190.1,0.0,2550.0,0.0,15.2,15.2,0
5887563939,5887563940,0,,secondary_link,2,11.3,0.0,2550.0,0.0,0.9,0.9,0
6616479905,2222708940,0,Mahatma Gandhi Road,secondary,2,120.4,0.0,2550.0,0.0,9.6,9.6,0
7357634717,13840721729,0,Miragaon Road,secondary,2,43.5,0.0,2550.0,0.0,3.5,3.5,0
1936627865,12698155337,0,N S Phadke Marg,primary,2,28.7,0.0,3060.0,0.0,1.9,1.9,0
7357634711,7357634710,0,,secondary,2,12.5,0.0,2550.0,0.0,1.0,1.0,0
7397333179,1177146270,0,,secondary,2,14.0,0.0,2550.0,0.0,1.1,1.1,0
1936627863,13754239251,0,N S Phadke Marg,primary,2,7.3,0.0,3060.0,0.0,0.5,0.5,0
7357634710,2249163858,0,Western Express Highway,trunk,3,1398.7,0.0,4845.0,0.0,83.9,83.9,0
10057734283,2244961768,0,Mathuradas Vasanji Road (Andheri Kurla Road),primary,2,68.8,0.0,3060.0,0.0,4.5,4.5,0
10057734283,2246473329,0,Mathuradas Vasanji Road (Andheri Kurla Road),primary,2,16.6,0.0,3060.0,0.0,1.1,1.1,0
13130856586,866807402,0,Gulmohar Road,primary,2,13.4,0.0,3060.0,0.0,0.9,0.9,0
13130856586,2439615338,0,Vaikunthlal Mehta Road,secondary,2,330.8,0.0,2550.0,0.0,26.5,26.5,0
245668003,13799160902,0,Lal Bahadur Shastri Marg,primary,2,14.2,0.0,3060.0,0.0,0.9,0.9,0
5887563940,5887563939,0,,secondary_link,2,11.3,0.0,2550.0,0.0,0.9,0.9,0
5887563940,347194068,0,Linking Road,secondary,2,58.1,0.0,2550.0,0.0,4.7,4.7,0
10564712615,6204119850,0,Link Road,primary,2,90.5,0.0,3060.0,0.0,5.9,5.9,0
7397333159,7397336286,0,Chakravarty Ashok Road,secondary,2,8.4,0.0,2550.0,0.0,0.7,0.7,0
245668011,245668175,0,Swami Vivekanand Road,primary,2,176.4,0.0,3060.0,0.0,11.5,11.5,0
2221979819,2221887661,0,RDP Road No 5,secondary,2,84.7,0.0,2550.0,0.0,7.6,7.6,0
7397333164,13760893289,0,Chakravarty Ashok Road,secondary,2,9.8,0.0,2550.0,0.0,0.8,0.8,0
245668015,7404711447,0,Jawaharlal Nehru Road,secondary,2,9.5,0.0,2550.0,0.0,0.8,0.8,0
245668015,13619400535,0,Vidya Nagari Marg,secondary,2,36.8,0.0,2550.0,0.0,2.9,2.9,0
13525948592,13525948591,0,,primary_link,2,7.0,0.0,3060.0,0.0,0.5,0.5,0
13525948592,9985506415,0,PV Avasare Marg,primary,2,84.8,0.0,3060.0,0.0,5.6,5.6,0
13525948591,13525948592,0,,primary_link,2,7.0,0.0,3060.0,0.0,0.5,0.5,0
12125911215,2249268505,0,,secondary,2,22.1,0.0,2550.0,0.0,1.8,1.8,0
10591500468,7298841998,0,Danda Boulevard,secondary,2,31.1,0.0,2550.0,0.0,2.5,2.5,0
9801267378,245668499,0,Swami Vivekanand Road,primary,2,76.8,0.0,3060.0,0.0,5.0,5.0,0
245668023,245668221,0,Linking Road,secondary,2,181.2,0.0,2550.0,0.0,14.5,14.5,0
1936627968,1936627976,0,Swami Vivekanand Road,primary_link,2,13.0,0.0,3060.0,0.0,0.9,0.9,0
13819263232,13819263251,0,Bhoomi Park Road,secondary,2,65.3,0.0,2550.0,0.0,5.2,5.2,0
13819263271,13819263270,0,,secondary_link,2,6.5,0.0,2550.0,0.0,0.5,0.5,0
13819263260,13819263259,0,,secondary_link,2,8.0,0.0,2550.0,0.0,0.6,0.6,0
13819263259,13819263260,0,,secondary_link,2,8.0,0.0,2550.0,0.0,0.6,0.6,0
13819263259,13819263257,0,Bhoomi Park Road,secondary,2,33.7,0.0,2550.0,0.0,2.7,2.7,0
13819263262,13819263266,0,,secondary,2,26.2,0.0,2550.0,0.0,2.1,2.1,0
13819263262,13819263261,0,,secondary_link,2,7.2,0.0,2550.0,0.0,0.6,0.6,0
13819263261,13819263262,0,,secondary_link,2,7.2,0.0,2550.0,0.0,0.6,0.6,0
13819263261,13819263263,0,Bhoomi Park Road,secondary,2,22.3,0.0,2550.0,0.0,1.8,1.8,0
13819263260,13819263264,0,,secondary,2,19.8,0.0,2550.0,0.0,1.6,1.6,0
13819263255,13819263254,0,,secondary_link,2,4.7,0.0,2550.0,0.0,0.4,0.4,0
13648828699,13774426556,0,Fr. Justin D'Souza Road,secondary,2,114.7,0.0,2550.0,0.0,9.2,9.2,0
13648828699,13649033303,0,Chunilal Giridharlal Road,secondary,2,13.1,0.0,2550.0,0.0,1.1,1.1,0
2249201946,2224504065,0,,primary,2,98.1,0.0,3060.0,0.0,6.4,6.4,0
13819263257,13819263258,0,,secondary_link,2,7.7,0.0,2550.0,0.0,0.6,0.6,0
13819263257,13819263235,0,Bhoomi Park Road,secondary,2,20.7,0.0,2550.0,0.0,1.7,1.7,0
13819263256,13819263235,0,,secondary_link,2,7.6,0.0,2550.0,0.0,0.6,0.6,0
13819263258,13819263260,0,,secondary,2,33.7,0.0,2550.0,0.0,2.7,2.7,0
13819263258,13819263257,0,,secondary_link,2,7.7,0.0,2550.0,0.0,0.6,0.6,0
13819263265,13819263266,0,,secondary_link,2,6.9,0.0,2550.0,0.0,0.6,0.6,0
13819263265,13819263261,0,Bhoomi Park Road,secondary,2,26.7,0.0,2550.0,0.0,2.1,2.1,0
13819263266,13819263265,0,,secondary_link,2,6.9,0.0,2550.0,0.0,0.6,0.6,0
13819263266,13819263267,0,,secondary,2,27.6,0.0,2550.0,0.0,2.2,2.2,0
9739950371,9739950372,0,,secondary,2,13.5,0.0,2550.0,0.0,1.1,1.1,0
9739950372,4328035957,0,Swami Vivekanand Road,primary,2,11.4,0.0,3060.0,0.0,0.7,0.7,0
9739950372,9681688995,0,Hill Road,secondary,2,88.9,0.0,2550.0,0.0,10.7,10.7,0
9739950373,8589026517,0,Bandra Station Road,secondary,2,102.2,0.0,2550.0,0.0,8.2,8.2,0
13819263270,13819263268,0,Bhoomi Park Road,secondary,2,17.2,0.0,2550.0,0.0,1.4,1.4,0
13819263270,13819263271,0,,secondary_link,2,6.5,0.0,2550.0,0.0,0.5,0.5,0
13819263268,13819263238,0,Bhoomi Park Road,secondary,2,24.3,0.0,2550.0,0.0,1.9,1.9,0
13819263268,13819263269,0,,secondary_link,2,6.6,0.0,2550.0,0.0,0.5,0.5,0
13819263272,10564488590,0,Bhoomi Park Road,secondary,2,28.7,0.0,2550.0,0.0,2.3,2.3,0
13819263267,13819263238,0,,secondary_link,2,8.0,0.0,2550.0,0.0,0.6,0.6,0
13819263267,13819263269,0,,secondary,2,24.1,0.0,2550.0,0.0,1.9,1.9,0
13819263256,13819263258,0,,secondary,2,21.0,0.0,2550.0,0.0,1.7,1.7,0
13819263255,1351183157,0,,secondary,2,27.6,0.0,2550.0,0.0,2.2,2.2,0
6430382337,10882768320,0,,secondary_link,2,7.1,0.0,2550.0,0.0,0.6,0.6,0
2249201922,2249201933,0,Western Express Highway,trunk,4,648.3,0.0,6460.0,0.0,38.9,38.9,0
1184069898,11472722268,0,Maroshi Village Road,secondary,2,65.2,0.0,2550.0,0.0,5.2,5.2,0
13819263242,13819263272,0,Bhoomi Park Road,secondary,2,75.5,0.0,2550.0,0.0,6.0,6.0,0
13819263241,13654758673,0,,secondary,2,62.6,0.0,2550.0,0.0,5.0,5.0,0
13819263241,13819263246,0,Bhoomi Park Road,secondary,2,11.1,0.0,2550.0,0.0,0.9,0.9,0
1936627976,1936627937,0,Swami Vivekanand Road,primary_link,2,29.5,0.0,3060.0,0.0,1.9,1.9,0
1936627976,245672659,0,Swami Vivekanand Road,primary,2,15.2,0.0,3060.0,0.0,1.0,1.0,0
13819263238,13819263267,0,,secondary_link,2,8.0,0.0,2550.0,0.0,0.6,0.6,0
13819263254,13819263232,0,Bhoomi Park Road,secondary,2,41.8,0.0,2550.0,0.0,3.3,3.3,0
13819263238,13819263265,0,Bhoomi Park Road,secondary,2,28.7,0.0,2550.0,0.0,2.3,2.3,0
6430382336,10882768320,0,,secondary_link,2,39.0,0.0,2550.0,0.0,3.1,3.1,0
6430382336,13852795720,0,L K Mehta Marg,secondary,2,78.4,0.0,2550.0,0.0,6.3,6.3,0
6430382336,10882702403,0,,secondary_link,2,9.6,0.0,2550.0,0.0,0.8,0.8,0
13819263235,13819263247,0,Bhoomi Park Road,secondary,2,63.6,0.0,2550.0,0.0,5.1,5.1,0
13819263235,13819263256,0,,secondary_link,2,7.6,0.0,2550.0,0.0,0.6,0.6,0
347183370,583309182,0,Rajiv Gandhi Sea Link,motorway,4,1107.0,0.0,6800.0,0.0,49.8,49.8,0
1936627981,245672659,0,CD Barfiwala Road,secondary,2,22.3,0.0,2550.0,0.0,1.8,1.8,0
1936627981,1392429440,0,CD Barfiwala Road,secondary_link,2,54.5,0.0,2550.0,0.0,4.4,4.4,0
3105782029,1939192588,0,Gorai Road,secondary,2,70.9,0.0,2550.0,0.0,5.7,5.7,0
3105782026,6615911591,0,Link Road,primary,2,128.7,0.0,3060.0,0.0,8.4,8.4,0
13819263246,1351183149,0,Malad Marve Road,secondary,2,6.2,0.0,2550.0,0.0,0.5,0.5,0
13819263246,13819263270,0,Bhoomi Park Road,secondary,2,52.3,0.0,2550.0,0.0,4.2,4.2,0
1184069905,10279564679,0,Maroshi Village Road,secondary,2,50.2,0.0,2550.0,0.0,4.0,4.0,0
2249201933,2249268703,0,,primary,2,236.1,0.0,3060.0,0.0,15.5,15.5,0
2249201933,2249201958,0,Western Express Highway,trunk,3,542.5,0.0,4845.0,0.0,32.5,32.5,0
13819263251,13819263252,0,,secondary_link,2,6.8,0.0,2550.0,0.0,0.5,0.5,0
13819263251,13819263242,0,Bhoomi Park Road,secondary,2,149.8,0.0,2550.0,0.0,12.0,12.0,0
13819263252,13819263251,0,,secondary_link,2,6.8,0.0,2550.0,0.0,0.5,0.5,0
13819263252,13819263253,0,,secondary,2,65.5,0.0,2550.0,0.0,5.2,5.2,0
13819263253,13819263232,0,,secondary_link,2,4.9,0.0,2550.0,0.0,0.4,0.4,0
13819263253,13819263255,0,,secondary,2,43.3,0.0,2550.0,0.0,3.5,3.5,0
13819263254,13819263255,0,,secondary_link,2,4.7,0.0,2550.0,0.0,0.4,0.4,0
7372036720,1647747137,0,,primary,2,14.8,0.0,3060.0,0.0,1.0,1.0,0
7372036720,7374085670,0,Sion Bandra Link Road,primary,2,117.7,0.0,3060.0,0.0,7.7,7.7,0
245668466,9801267378,0,Swami Vivekanand Road,primary,2,8.8,0.0,3060.0,0.0,0.6,0.6,0
7206394773,12347814314,0,K C Marg,secondary,2,11.4,0.0,2550.0,0.0,0.9,0.9,0
245668764,1936355451,0,Juhu Tara Road,secondary,2,10.2,0.0,2550.0,0.0,0.8,0.8,0
245668763,13522606638,0,Juhu Tara Road,secondary,2,78.1,0.0,2550.0,0.0,6.2,6.2,0
3359112086,245675627,0,Balasaheb Devras Road,secondary,2,242.4,0.0,2550.0,0.0,19.4,19.4,0
7206394771,7206394784,0,K C Marg,secondary,2,71.6,0.0,2550.0,0.0,5.7,5.7,0
7206394775,7206394774,0,K C Marg,secondary,2,59.8,0.0,2550.0,0.0,4.8,4.8,0
7206394774,7206394771,0,K C Marg,secondary,2,59.1,0.0,2550.0,0.0,4.7,4.7,0
7206394772,7206394775,0,K C Marg,secondary,2,145.1,0.0,2550.0,0.0,11.6,11.6,0
9201441659,9201441658,0,Jai Prakash Road,secondary,3,95.8,0.0,3825.0,0.0,7.7,7.7,0
1975073683,471566285,0,Swami Vivekanand Road,primary,2,79.8,0.0,3060.0,0.0,5.2,5.2,0
6429588363,2622177275,0,Lal Bahadur Shastri Marg,primary,2,75.6,0.0,3060.0,0.0,4.9,4.9,0
6429588363,6429588362,0,,primary_link,2,13.8,0.0,3060.0,0.0,0.9,0.9,0
6429588362,6429588363,0,,primary_link,2,13.8,0.0,3060.0,0.0,0.9,0.9,0
6429588362,6430474048,0,Lal Bahadur Shastri Marg,primary,2,102.9,0.0,3060.0,0.0,6.7,6.7,0
1651800966,2233649155,0,Station Road,secondary,2,16.3,0.0,2550.0,0.0,1.3,1.3,0
245668764,245668847,0,Swami Vivekanand Road,primary,2,142.3,0.0,3060.0,0.0,9.3,9.3,0
7206394784,10089667079,0,K C Marg,secondary,2,150.8,0.0,2550.0,0.0,12.1,12.1,0
296852386,10277590767,0,,secondary_link,2,9.5,0.0,2550.0,0.0,0.8,0.8,0
296852386,296851160,0,Ceasar Road,secondary,2,108.4,0.0,2550.0,0.0,8.7,8.7,0
245668776,2629418536,0,Juhu Tara Road,secondary,2,9.5,0.0,2550.0,0.0,0.8,0.8,0
245668776,7379219481,0,Linking Road,secondary,2,146.1,0.0,2550.0,0.0,11.7,11.7,0
1651801000,3203218272,0,,secondary,2,243.8,0.0,2550.0,0.0,19.5,19.5,0
296852396,296852386,0,Ceasar Road,secondary,2,131.2,0.0,2550.0,0.0,10.5,10.5,0
13095713714,7158617889,0,,secondary,2,32.2,0.0,2550.0,0.0,2.6,2.6,0
13984906168,866839628,0,,secondary_link,2,12.5,0.0,2550.0,0.0,1.0,1.0,0
13984906168,2442374465,0,Juhu Tara Road,secondary,2,45.9,0.0,2550.0,0.0,3.7,3.7,0
1174272954,1174192767,0,Mahatma Gandhi Road,secondary,2,20.9,0.0,2550.0,0.0,1.7,1.7,0
2222709690,2221887667,0,RDP Road No 5,secondary,2,32.6,0.0,2550.0,0.0,2.9,2.9,0
1651801022,6430540214,0,Sardar Vallabhbhai Patel Road,secondary,2,83.5,0.0,2550.0,0.0,6.7,6.7,0
12310289349,12310289350,0,,primary_link,2,21.7,0.0,3060.0,0.0,1.4,1.4,0
1481079753,1481080650,0,Kasturba Gandhi Road,secondary,2,109.4,0.0,2550.0,0.0,8.8,8.8,0
1481079756,245682026,0,Mahatma Gandhi Marg,secondary,2,61.4,0.0,2550.0,0.0,4.9,4.9,0
3110861696,245682488,0,Devidas Road,primary,2,51.0,0.0,3060.0,0.0,3.3,3.3,0
3110861694,3793874755,0,,primary,2,50.7,0.0,3060.0,0.0,3.3,3.3,0
13518920660,245668222,0,Swami Vivekanand Road,primary,2,20.4,0.0,3060.0,0.0,1.3,1.3,0
13797636940,13797636941,0,,secondary_link,2,9.4,0.0,2550.0,0.0,0.8,0.8,0
11042397018,10880826054,0,Shahaji raje marg,secondary,2,106.5,0.0,2550.0,0.0,8.5,8.5,0
9201441624,9201441623,0,Jai Prakash Road,secondary,3,30.2,0.0,3825.0,0.0,2.4,2.4,0
9201441623,9201441620,0,Jai Prakash Road,secondary,3,76.7,0.0,3825.0,0.0,6.1,6.1,0
9201441620,9201422013,0,Jai Prakash Road,secondary,3,248.9,0.0,3825.0,0.0,19.9,19.9,0
13797636943,10277700925,0,N S Mankikar Marg,secondary,2,77.3,0.0,2550.0,0.0,6.2,6.2,0
13797636943,13797636942,0,,secondary_link,2,9.6,0.0,2550.0,0.0,0.8,0.8,0
13797636940,13797636943,0,N S Mankikar Marg,secondary,2,26.0,0.0,2550.0,0.0,2.1,2.1,0
3110861693,245682679,0,Link Road,primary,2,416.5,0.0,3060.0,0.0,27.3,27.3,0
10657225553,13514297394,0,,secondary,2,93.2,0.0,2550.0,0.0,7.5,7.5,0
10657225553,10657225552,0,General Arun Kumar Vaidya Marg,secondary,2,8.5,0.0,2550.0,0.0,0.7,0.7,0
10657225552,10089667071,0,General Arun Kumar Vaidya Marg,secondary,2,84.7,0.0,2550.0,0.0,6.8,6.8,0
10657225552,346644270,0,KC Marg,secondary,2,7.1,0.0,2550.0,0.0,0.6,0.6,0
13797636942,13797636943,0,,secondary_link,2,9.6,0.0,2550.0,0.0,0.8,0.8,0
13797636942,13797636941,0,,secondary,2,26.1,0.0,2550.0,0.0,2.1,2.1,0
1194195803,1936499715,0,Ram Mandir Road,secondary,2,8.5,0.0,2550.0,0.0,0.7,0.7,0
3203218272,1651801084,0,,secondary,2,26.8,0.0,2550.0,0.0,2.1,2.1,0
1919753058,10879477376,0,Link Road,primary,2,3.8,0.0,3060.0,0.0,0.2,0.2,0
9201441634,9201441660,0,Jai Prakash Road,secondary,3,49.5,0.0,3825.0,0.0,4.0,4.0,0
1651800935,1651800946,0,,secondary,2,21.3,0.0,2550.0,0.0,1.7,1.7,0
1365949289,13845998562,0,90 Feet Road,secondary,2,64.6,0.0,2550.0,0.0,5.2,5.2,0
1365949289,13845955059,0,,secondary_link,2,9.3,0.0,2550.0,0.0,0.7,0.7,0
2128608111,11023557375,0,SL Raheja Hospital Marg,secondary,2,32.3,0.0,2550.0,0.0,2.6,2.6,0
9201441647,11017614405,0,Jai Prakash Road,secondary,3,49.5,0.0,3825.0,0.0,4.0,4.0,0
1651800945,1651800955,0,Station Road,secondary,2,102.6,0.0,2550.0,0.0,8.2,8.2,0
1651800946,13484135809,0,,secondary,2,115.5,0.0,2550.0,0.0,9.2,9.2,0
9201441656,1646827551,0,Swami Vivekanand Road,primary,2,142.7,0.0,3060.0,0.0,9.3,9.3,0
9201441656,9201441647,0,Jai Prakash Road,secondary,3,117.7,0.0,3825.0,0.0,9.4,9.4,0
9201441658,12452806902,0,Jai Prakash Road,secondary,3,389.3,0.0,3825.0,0.0,31.1,31.1,0
1651800955,1651800966,0,Station Road,secondary,2,49.6,0.0,2550.0,0.0,4.0,4.0,0
9201441660,9201441624,0,Jai Prakash Road,secondary,3,237.9,0.0,3825.0,0.0,19.0,19.0,0
3110861693,7331439052,0,,primary,2,19.3,0.0,3060.0,0.0,1.3,1.3,0
7401192400,13795940227,0,Mathuradas Vasanji Road (Andheri Kurla Road),primary,2,127.9,0.0,3060.0,0.0,8.4,8.4,0
8507096021,7331456316,0,C S Link Road,primary,2,72.7,0.0,3060.0,0.0,4.8,4.8,0
6494952052,6494881118,0,Lal Bahadur Shastri Marg,primary,2,45.0,0.0,3060.0,0.0,2.9,2.9,0
13736729653,13853486131,0,Sant Rohidas Marg,primary,2,47.9,0.0,3060.0,0.0,3.1,3.1,0
3742399545,482296973,0,Dayaldas Road,primary,2,90.8,0.0,3060.0,0.0,5.9,5.9,0
1654348854,11143613408,0,,trunk_link,2,9.8,0.0,3230.0,0.0,0.6,0.6,0
10595441721,1646685601,0,,secondary,2,8.5,0.0,2550.0,0.0,0.7,0.7,0
1654348856,2247989204,0,Hill Road,secondary,2,89.2,0.0,2550.0,0.0,10.7,10.7,0
13736729652,2629418414,0,Sant Rohidas Marg,primary,2,78.6,0.0,3060.0,0.0,5.1,5.1,0
13736729652,13736729653,0,,primary_link,2,4.9,0.0,3060.0,0.0,0.3,0.3,0
13736729653,13736729652,0,,primary_link,2,4.9,0.0,3060.0,0.0,0.3,0.3,0
13778926638,13778926639,0,,secondary_link,2,11.7,0.0,2550.0,0.0,0.9,0.9,0
1651530803,13844086534,0,,secondary,2,1.2,0.0,2550.0,0.0,0.1,0.1,0
6428843059,10264617837,0,I A Project Road,secondary,2,10.6,0.0,2550.0,0.0,0.9,0.9,0
10248977459,1353467800,0,Boraspada Road,secondary,2,178.6,0.0,2550.0,0.0,14.3,14.3,0
13774429234,7388110222,0,Fr. Justin D'Souza Road,secondary,2,41.8,0.0,2550.0,0.0,3.3,3.3,0
13778926639,13778926638,0,,secondary_link,2,11.7,0.0,2550.0,0.0,0.9,0.9,0
13778926639,13654758670,0,Malad Marve Road,secondary,2,43.5,0.0,2550.0,0.0,3.5,3.5,0
13382974525,1343002718,0,Kachipada Ramchandra Lane,secondary,2,158.0,0.0,2550.0,0.0,12.6,12.6,0
13382974525,245679479,0,Kachipada Ramchandra Lane,secondary,2,71.9,0.0,2550.0,0.0,5.8,5.8,0
13479795775,2622177292,0,Lal Bahadur Shastri Marg,primary,2,58.4,0.0,3060.0,0.0,3.8,3.8,0
6494919745,10291159358,0,Mahakali Caves Road,secondary,2,66.5,0.0,2550.0,0.0,5.3,5.3,0
6494919745,630298114,0,Mahakali Caves Road,secondary,2,57.9,0.0,2550.0,0.0,4.6,4.6,0
4323064898,3708879357,0,Guru Hargovindji Road,primary,2,253.4,0.0,3060.0,0.0,16.6,16.6,0
2222292035,2222291983,0,Gorai Link Road,secondary,2,86.2,0.0,2550.0,0.0,6.9,6.9,0
10882702403,6430382336,0,,secondary_link,2,9.6,0.0,2550.0,0.0,0.8,0.8,0
10882702403,10882768313,0,L K Mehta Marg,secondary,2,359.9,0.0,2550.0,0.0,28.8,28.8,0
1939192901,7357726526,0,Gorai Road,secondary,2,117.1,0.0,2550.0,0.0,9.4,9.4,0
13799160902,13353026439,0,Lal Bahadur Shastri Marg,primary,2,86.2,0.0,3060.0,0.0,5.6,5.6,0
13799160902,13799160901,0,,primary_link,2,10.8,0.0,3060.0,0.0,0.7,0.7,0
7416650822,11023557403,0,Mahim Sion Link Road,secondary,2,192.7,0.0,2550.0,0.0,15.4,15.4,0
7357652039,9118087857,0,,secondary_link,2,11.0,0.0,2550.0,0.0,0.9,0.9,0
7357652039,7944344486,0,Jai Prakash Road,secondary,2,292.1,0.0,2550.0,0.0,23.4,23.4,0
13185481798,1174192826,0,Mahatma Gandhi Road,secondary,2,43.4,0.0,2550.0,0.0,3.5,3.5,0
13521149002,347169478,0,Carter Road,secondary,4,25.8,0.0,5100.0,0.0,2.1,2.1,0
6438640687,3878367744,0,Andheri Station Road,secondary,2,147.0,0.0,2550.0,0.0,11.8,11.8,0
13778926638,7388110234,0,Malad Marve Road,secondary,2,53.0,0.0,2550.0,0.0,4.2,4.2,0
13518920667,245668329,0,Swami Vivekanand Road,primary,2,60.7,0.0,3060.0,0.0,4.0,4.0,0
1184070632,3797889296,0,Maroshi Village Road,secondary,2,126.7,0.0,2550.0,0.0,10.1,10.1,0
245668847,245668959,0,Swami Vivekanand Road,primary,2,142.4,0.0,3060.0,0.0,9.3,9.3,0
10112883691,10112883690,0,,trunk_link,3,13.3,0.0,4845.0,0.0,0.8,0.8,0
13922163688,11043318802,0,Link Road,primary,2,288.5,0.0,3060.0,0.0,18.9,18.9,0
10112883690,10112883691,0,,trunk_link,3,13.3,0.0,4845.0,0.0,0.8,0.8,0
10112883690,11329781477,0,Sion Panvel Highway,trunk,4,257.2,0.0,6460.0,0.0,15.4,15.4,0
1184070632,11043685304,0,Maroshi Village Road,secondary,2,18.8,0.0,2550.0,0.0,1.5,1.5,0
1646746597,296852396,0,Ceasar Road,secondary,2,45.0,0.0,2550.0,0.0,3.6,3.6,0
1654348841,10936829391,0,Chunabhatti Road,secondary,2,147.7,0.0,2550.0,0.0,11.8,11.8,0
1184070629,10882674721,0,Maroshi Village Road,secondary,2,153.3,0.0,2550.0,0.0,12.3,12.3,0
1184070629,11043685304,0,Maroshi Village Road,secondary,2,24.5,0.0,2550.0,0.0,2.0,2.0,0
1184070627,2244962506,0,Maroshi Village Road,secondary,2,175.3,0.0,2550.0,0.0,14.0,14.0,0
1646746591,296853248,0,Swami Vivekanand Road,primary,2,197.2,0.0,3060.0,0.0,12.9,12.9,0
1646746589,6430875931,0,Jai Prakash Road,secondary,2,76.3,0.0,2550.0,0.0,6.1,6.1,0
245668828,3803645679,0,Juhu Tara Road,secondary,2,16.2,0.0,2550.0,0.0,1.3,1.3,0
1646746610,621284900,0,Swami Vivekanand Road,primary,2,92.3,0.0,3060.0,0.0,6.0,6.0,0
1365949435,245663848,0,Sion Bandra Link Road,primary,2,35.8,0.0,3060.0,0.0,2.3,2.3,0
1651801084,621244019,0,Station Road,secondary,2,13.9,0.0,2550.0,0.0,1.1,1.1,0
1651801084,3203218272,1,Station Road,secondary_link,2,41.6,0.0,2550.0,0.0,3.3,3.3,0
1654348796,1654348806,0,St Sebastian Road,secondary,2,20.7,0.0,2550.0,0.0,1.7,1.7,0
1654348796,472858907,0,Mount Carmel Road,secondary,2,114.0,0.0,2550.0,0.0,9.1,9.1,0
1654348806,1654348796,0,St Sebastian Road,secondary,2,20.7,0.0,2550.0,0.0,1.7,1.7,0
1654348806,10685130180,0,St Sebastian Road,secondary,2,20.0,0.0,2550.0,0.0,1.6,1.6,0
11919768585,13842517978,0,Service Road,secondary,2,171.8,0.0,2550.0,0.0,13.7,13.7,0
1365949451,13845955061,0,90 Feet Road,secondary,2,78.0,0.0,2550.0,0.0,6.2,6.2,0
2222291983,1646037474,0,Gorai Link Road,secondary,2,22.7,0.0,2550.0,0.0,1.8,1.8,0
629021717,6204119853,0,Mahatma Gandhi Road,secondary,2,20.4,0.0,2550.0,0.0,1.6,1.6,0
619183126,13723183140,0,General A K Vaidya Marg,secondary,2,3.2,0.0,2550.0,0.0,0.3,0.3,0
619183126,5938773141,0,General A K Vaidya Marg,secondary,2,13.1,0.0,2550.0,0.0,1.0,1.0,0
1646746657,2629436075,0,,primary_link,2,9.4,0.0,3060.0,0.0,0.6,0.6,0
1646746657,13856311302,0,Behrambaug Road,primary,2,60.4,0.0,3060.0,0.0,4.0,4.0,0
1654348841,2131950307,0,Chunabhatti Road,secondary,2,133.2,0.0,2550.0,0.0,10.7,10.7,0
13797636941,13797636940,0,,secondary_link,2,9.4,0.0,2550.0,0.0,0.8,0.8,0
13797636941,13797636939,0,,secondary,2,38.8,0.0,2550.0,0.0,3.1,3.1,0
13797636931,13797636932,0,N S Mankikar Marg,secondary,2,119.6,0.0,2550.0,0.0,9.6,9.6,0
245668543,10653592689,0,Jawaharlal Nehru Road,secondary,2,10.5,0.0,2550.0,0.0,0.8,0.8,0
10880826047,5488442677,0,Sahar Road,secondary,2,22.0,0.0,2550.0,0.0,1.8,1.8,0
10880826049,10880826050,0,Shahaji raje marg,secondary,2,51.0,0.0,2550.0,0.0,4.1,4.1,0
10880826051,10880826052,0,Shahaji raje marg,secondary,2,102.6,0.0,2550.0,0.0,8.2,8.2,0
10880826050,10880826051,0,Shahaji raje marg,secondary,2,131.8,0.0,2550.0,0.0,10.5,10.5,0
10880826048,1344357227,0,Sahar Road,secondary,2,7.0,0.0,2550.0,0.0,0.6,0.6,0
10880826048,10880826049,0,Shahaji raje marg,secondary,2,119.9,0.0,2550.0,0.0,9.6,9.6,0
11038603967,1361567947,0,Datta Mandir Road,secondary,2,98.9,0.0,2550.0,0.0,7.9,7.9,0
10603240107,9681688977,0,Hill Road,secondary,2,39.0,0.0,2550.0,0.0,3.1,3.1,0
2222709438,1375170790,0,Kadsiddheshwar Marg,secondary,2,135.3,0.0,2550.0,0.0,10.8,10.8,0
10956905146,1178681137,0,Flyover,secondary,2,974.5,0.0,2550.0,0.0,78.0,78.0,0
9118087857,9118087826,0,Jai Prakash Road,secondary,3,82.0,0.0,3825.0,0.0,6.6,6.6,0
9118087857,7357652039,0,,secondary_link,2,11.0,0.0,2550.0,0.0,0.9,0.9,0
2246662830,10279564667,0,Marol Maroshi Village Road,secondary,2,21.6,0.0,2550.0,0.0,1.7,1.7,0
10603240109,10603240107,0,Hill Road,secondary,2,12.6,0.0,2550.0,0.0,1.0,1.0,0
10880826047,10880826048,0,,secondary,2,8.9,0.0,2550.0,0.0,0.7,0.7,0
10880826054,10880826060,0,Shahaji raje marg,secondary,2,172.3,0.0,2550.0,0.0,13.8,13.8,0
3878492870,13867818989,0,Link Road,primary,2,109.8,0.0,3060.0,0.0,7.2,7.2,0
10880826052,11042397018,0,Shahaji raje marg,secondary,2,98.5,0.0,2550.0,0.0,7.9,7.9,0
10880826060,13985470041,0,Shahaji raje marg,secondary,2,5.5,0.0,2550.0,0.0,0.4,0.4,0
7104101070,13433910625,0,Santa Cruz – Chembur Link Road,trunk,3,95.5,0.0,4845.0,0.0,5.7,5.7,0
3878492881,4352401911,0,Link Road,primary,2,17.5,0.0,3060.0,0.0,1.1,1.1,0
1353464530,628597982,0,Boraspada Road,secondary,2,161.2,0.0,2550.0,0.0,12.9,12.9,0
3878492885,13867831512,0,Link Road,primary,2,4.2,0.0,3060.0,0.0,0.3,0.3,0
1353464534,10248977459,0,Boraspada Road,secondary,2,11.6,0.0,2550.0,0.0,0.9,0.9,0
13542439639,245669145,0,Swami Vivekanand Road,primary,2,195.5,0.0,3060.0,0.0,12.8,12.8,0
6435723991,6430408536,0,Krantiveer Lakhuji Salve Marg,secondary,2,93.6,0.0,2550.0,0.0,7.5,7.5,0
12124306136,7370915345,0,Cross Road C,secondary,2,12.1,0.0,2550.0,0.0,1.0,1.0,0
12124306136,7362430636,0,Vijay Nagar Flyover,secondary,2,375.2,0.0,2550.0,0.0,30.0,30.0,0
3878492886,10960936599,0,Link Road,primary,2,312.9,0.0,3060.0,0.0,20.5,20.5,0
3878492891,4362404313,0,Link Road,primary,2,28.8,0.0,3060.0,0.0,1.9,1.9,0
10920909532,7238785641,0,,secondary,2,13.5,0.0,2550.0,0.0,1.1,1.1,0
10603240108,347106948,0,Hill Road,secondary,2,115.7,0.0,2550.0,0.0,13.9,13.9,0
10603240106,10603240108,0,Hill Road,secondary,2,12.1,0.0,2550.0,0.0,1.0,1.0,0
13797636937,13797636935,0,,secondary,2,49.1,0.0,2550.0,0.0,3.9,3.9,0
245668480,245668448,0,Jawaharlal Nehru Road,secondary,2,270.6,0.0,2550.0,0.0,21.6,21.6,0
866835090,866835091,0,Guru Nanak Road,secondary,2,194.6,0.0,2550.0,0.0,15.6,15.6,0
245668494,245668571,0,Linking Road,secondary,2,72.9,0.0,2550.0,0.0,5.8,5.8,0
7238785677,5936572203,0,Krantiveer Lakhuji Salve Marg,secondary,2,140.5,0.0,2550.0,0.0,11.2,11.2,0
4461968005,1920242403,0,CD Barfiwala Road,primary,2,232.0,0.0,3060.0,0.0,15.2,15.2,0
4461968005,9137843243,0,,primary_link,2,17.8,0.0,3060.0,0.0,1.2,1.2,0
13852416643,10277477759,0,Datta Mandir Road,secondary,2,117.3,0.0,2550.0,0.0,9.4,9.4,0
1185815163,10921238993,0,Chincholi Bunder Road,secondary,2,63.5,0.0,2550.0,0.0,5.1,5.1,0
10098735779,3803784186,0,New Nagardas Road,secondary,2,142.6,0.0,2550.0,0.0,11.4,11.4,0
1185815163,4347108651,0,Chincholi Bunder Road,secondary,2,160.1,0.0,2550.0,0.0,12.8,12.8,0
3663657595,866806765,0,Swami Vivekanand Road,primary,2,23.6,0.0,3060.0,0.0,1.5,1.5,0
13900429945,13900429946,0,,motorway_link,3,25.9,0.0,5100.0,0.0,1.2,1.2,0
6494952054,9198778709,0,Lal Bahadur Shastri Marg,primary,2,91.5,0.0,3060.0,0.0,6.0,6.0,0
2246662773,10279564666,0,Marol Maroshi Village Road,secondary,2,121.6,0.0,2550.0,0.0,9.7,9.7,0
6494952052,2622177265,0,,primary_link,2,8.9,0.0,3060.0,0.0,0.6,0.6,0
245668499,245668594,0,Swami Vivekanand Road,primary,2,80.9,0.0,3060.0,0.0,5.3,5.3,0
9118087826,9121870533,0,Jai Prakash Road,secondary,3,12.6,0.0,3825.0,0.0,1.0,1.0,0
9118087826,623230183,0,Balasaheb Sawant Road,secondary,2,121.4,0.0,2550.0,0.0,9.7,9.7,0
13888182933,3793874754,0,,primary,2,19.7,0.0,3060.0,0.0,1.3,1.3,0
866835091,866835095,0,Guru Nanak Road,secondary,2,146.7,0.0,2550.0,0.0,11.7,11.7,0
866835095,866835027,0,Guru Nanak Road,secondary,2,156.7,0.0,2550.0,0.0,12.5,12.5,0
245668504,245668480,0,Jawaharlal Nehru Road,secondary,2,140.6,0.0,2550.0,0.0,11.2,11.2,0
13877484185,1156134791,0,,secondary,1,53.2,0.0,1275.0,0.0,4.3,4.3,0
4357151383,13598885114,0,,primary_link,2,7.5,0.0,3060.0,0.0,0.5,0.5,0
13877484187,6618748009,0,,secondary,1,155.1,0.0,1275.0,0.0,12.4,12.4,0
13877484184,13877484185,0,,trunk_link,3,20.2,0.0,4845.0,0.0,1.2,1.2,0
9764141725,9764141726,0,,trunk_link,3,17.1,0.0,4845.0,0.0,1.0,1.0,0
9764141725,6046553754,0,,trunk,3,80.3,0.0,4845.0,0.0,4.8,4.8,0
9764141726,9764141725,0,,trunk_link,3,17.1,0.0,4845.0,0.0,1.0,1.0,0
969803897,1936499559,0,,secondary,2,8.8,0.0,2550.0,0.0,0.7,0.7,0
969803897,2233648537,0,Swami Vivekanand Road,primary,2,112.9,0.0,3060.0,0.0,7.4,7.4,0
245668515,6497154927,0,Lal Bahadur Shastri Marg,primary,2,46.5,0.0,3060.0,0.0,3.0,3.0,0
10920909532,2629945972,0,,secondary,2,22.4,0.0,2550.0,0.0,1.8,1.8,0
245668571,13523465896,0,Linking Road,secondary,2,21.5,0.0,2550.0,0.0,1.7,1.7,0
3878492894,7394181672,0,Link Road,primary,2,235.7,0.0,3060.0,0.0,15.4,15.4,0
1651800884,1651800900,0,Squatters Colony Road,secondary,2,63.4,0.0,2550.0,0.0,5.1,5.1,0
5792168761,245664865,0,Vasantarao Naik Marg,secondary,2,42.0,0.0,2550.0,0.0,3.4,3.4,0
5792168761,8909137845,0,Sion Panvel Highway,trunk,5,126.8,0.0,8075.0,0.0,7.6,7.6,0
10772904760,11054517750,0,Santa Cruz – Chembur Link Road,trunk,3,102.3,0.0,4845.0,0.0,6.1,6.1,0
13754235703,5494560187,0,Chapel Road,secondary,4,45.1,0.0,5100.0,0.0,3.6,3.6,0
13754235703,346619785,0,Chapel Road,secondary,4,11.0,0.0,5100.0,0.0,0.9,0.9,0
6204119860,6204119861,0,Goregaon Link Road,primary,2,113.5,0.0,3060.0,0.0,7.4,7.4,0
10772904746,10772904744,0,Flyover,trunk_link,3,329.1,0.0,4845.0,0.0,19.7,19.7,0
3878492889,3878492891,0,Link Road,primary,2,78.8,0.0,3060.0,0.0,5.2,5.2,0
10772904746,10772904760,0,Flyover,trunk,2,803.3,0.0,3230.0,0.0,57.8,57.8,0
6204119857,10548119158,0,Goregaon Link Road,primary,2,66.8,0.0,3060.0,0.0,4.4,4.4,0
10921540397,9739285675,0,Gurunanak Marg (Turner Road),secondary,1,248.8,0.0,1275.0,0.0,19.9,19.9,0
6204119855,6204119857,0,Goregaon Link Road,primary,2,117.0,0.0,3060.0,0.0,7.7,7.7,0
6204119854,6608887926,0,Goregaon Link Road,primary,2,255.0,0.0,3060.0,0.0,16.7,16.7,0
6204119853,7345211329,0,Mahatma Gandhi Road,secondary,2,76.3,0.0,2550.0,0.0,6.1,6.1,0
4366129978,5836311789,0,N S Mankikar Marg,secondary,2,19.5,0.0,2550.0,0.0,1.6,1.6,0
4366129978,5346805346,0,Sion Panvel Highway,primary,4,76.9,0.0,6120.0,0.0,5.0,5.0,0
6204119862,7345211352,0,Goregaon Link Road,primary,2,15.1,0.0,3060.0,0.0,1.0,1.0,0
6204119862,628597983,0,Kadsiddheshwar Marg,secondary,2,47.8,0.0,2550.0,0.0,3.8,3.8,0
6204119861,6204119862,0,Goregaon Link Road,primary,2,56.1,0.0,3060.0,0.0,3.7,3.7,0
6204119861,628597983,0,,primary_link,2,42.7,0.0,3060.0,0.0,2.8,2.8,0
13641030459,13641030467,0,Jawaharlal Nehru Road,secondary,2,25.7,0.0,2550.0,0.0,2.1,2.1,0
10287373118,1936627983,0,CD Barfiwala Road,secondary,2,105.2,0.0,2550.0,0.0,8.4,8.4,0
7370668860,1344357227,0,Chatrapati Shivaji Road,secondary,2,120.5,0.0,2550.0,0.0,9.6,9.6,0
6204119875,9115783843,0,Link Road,primary,2,13.2,0.0,3060.0,0.0,0.9,0.9,0
1651800900,1651800945,0,Squatters Colony Road,secondary,2,85.1,0.0,2550.0,0.0,6.8,6.8,0
13797636932,10882945923,0,,secondary_link,2,10.8,0.0,2550.0,0.0,0.9,0.9,0
13797636932,13797636933,0,N S Mankikar Marg,secondary,2,48.3,0.0,2550.0,0.0,3.9,3.9,0
13797636935,13797636934,0,,secondary,2,80.2,0.0,2550.0,0.0,6.4,6.4,0
13797636936,6606994871,0,N S Mankikar Marg,secondary,2,52.4,0.0,2550.0,0.0,4.2,4.2,0
13797636936,13797636937,0,,secondary_link,2,9.0,0.0,2550.0,0.0,0.7,0.7,0
13797636937,13797636936,0,,secondary_link,2,9.0,0.0,2550.0,0.0,0.7,0.7,0
6204119853,7345211334,0,Goregaon Link Road,primary,2,15.9,0.0,3060.0,0.0,1.0,1.0,0
10772904744,245667447,0,Santa Cruz – Chembur Link Road,trunk,3,187.3,0.0,4845.0,0.0,11.2,11.2,0
1365949227,7416644609,0,Mahim Sion Link Road,secondary,2,119.9,0.0,2550.0,0.0,9.6,9.6,0
10277591787,10277591782,0,,secondary,2,9.5,0.0,2550.0,0.0,0.8,0.8,0
3878492898,4590897380,0,Goregaon Link Road,primary,2,77.5,0.0,3060.0,0.0,5.1,5.1,0
3878492898,245677658,0,Mahatma Gandhi Road,secondary,2,11.9,0.0,2550.0,0.0,1.0,1.0,0
2131950307,2077290154,0,Chunabhatti Road,secondary,2,88.3,0.0,2550.0,0.0,7.1,7.1,0
2131950307,1654348841,0,Chunabhatti Road,secondary,2,133.2,0.0,2550.0,0.0,10.7,10.7,0
3878492900,3878492902,0,Goregaon Link Road,primary,2,76.9,0.0,3060.0,0.0,5.0,5.0,0
10277591779,12776491888,0,Ceasar Road,secondary,2,58.6,0.0,2550.0,0.0,4.7,4.7,0
3878492902,3878492904,0,Goregaon Link Road,primary,2,238.8,0.0,3060.0,0.0,15.6,15.6,0
10277591783,10277591787,0,,secondary,2,12.9,0.0,2550.0,0.0,1.0,1.0,0
10277591783,10173255207,0,,secondary,2,71.5,0.0,2550.0,0.0,5.7,5.7,0
3878492904,3878492905,0,Goregaon Link Road,primary,2,75.3,0.0,3060.0,0.0,4.9,4.9,0
10277591782,10277591783,0,,secondary,2,10.6,0.0,2550.0,0.0,0.8,0.8,0
10277591782,296864887,0,,secondary,2,14.8,0.0,2550.0,0.0,1.2,1.2,0
3878492906,9171782289,0,Goregaon Link Road,primary,2,71.8,0.0,3060.0,0.0,4.7,4.7,0
10277591787,10277591783,0,,secondary,2,12.9,0.0,2550.0,0.0,1.0,1.0,0
3878492908,7241667064,0,Goregaon Link Road,primary,2,11.1,0.0,3060.0,0.0,0.7,0.7,0
6204119850,6608750674,0,Link Road,primary,2,296.1,0.0,3060.0,0.0,19.4,19.4,0
3878492905,3878492906,0,Goregaon Link Road,primary,2,75.9,0.0,3060.0,0.0,5.0,5.0,0
1975048942,245665786,0,Swami Vivekanand Road,primary,2,50.6,0.0,3060.0,0.0,3.3,3.3,0
3878492911,6117653724,0,Goregaon Link Road,primary,2,11.6,0.0,3060.0,0.0,0.8,0.8,0
471554800,245667457,0,Swami Vivekanand Road,primary,2,159.7,0.0,3060.0,0.0,10.4,10.4,0
245668594,4335012905,0,Swami Vivekanand Road,primary,2,156.5,0.0,3060.0,0.0,10.2,10.2,0
10308639482,13649079117,0,Kadsiddheshwar Marg,secondary,2,32.2,0.0,2550.0,0.0,2.3,2.3,0
4357151498,7397958787,0,Balasaheb Sawant Road,secondary,2,139.0,0.0,2550.0,0.0,11.1,11.1,0
1939192588,10277333722,0,Gorai Road,secondary,2,144.4,0.0,2550.0,0.0,11.6,11.6,0
13037017870,3794378170,0,Western Express Highway,trunk,3,324.1,0.0,4845.0,0.0,19.4,19.4,0
6204119841,245678918,0,Chincholi Bunder Road,secondary,2,16.0,0.0,2550.0,0.0,1.3,1.3,0
6204119841,12408665372,0,Goregaon Link Road,primary,2,222.4,0.0,3060.0,0.0,14.6,14.6,0
6204119845,7353935271,0,Link Road,primary,2,12.2,0.0,3060.0,0.0,0.8,0.8,0
10654153512,10882918284,0,90 Feet Road,secondary,2,7.4,0.0,2550.0,0.0,0.6,0.6,0
10654153513,10654153512,0,90 Feet Road,secondary,2,37.6,0.0,2550.0,0.0,3.0,3.0,0
1361564545,1361564502,0,Datta Mandir Road,secondary,2,128.6,0.0,2550.0,0.0,10.3,10.3,0
3797889425,1184134142,0,Mahakali Caves Road,secondary,2,110.5,0.0,2550.0,0.0,8.8,8.8,0
590607231,2973125832,0,S Sagar Chowk,secondary,2,6.4,0.0,2550.0,0.0,0.5,0.5,0
10564298261,3708879330,0,Mathuradas Vasanji Road (Andheri Kurla Road),primary,2,12.1,0.0,3060.0,0.0,0.8,0.8,0
2236679734,7361925203,0,Aarey Colony Road,secondary,2,340.5,0.0,2550.0,0.0,27.2,27.2,0
7749797422,8928692504,0,BKC - Sealink Road,motorway,2,924.5,0.0,3400.0,0.0,83.2,83.2,0
2244961834,245669780,0,Mathuradas Vasanji Road (Andheri Kurla Road),primary,2,10.9,0.0,3060.0,0.0,0.7,0.7,0
2173732380,348126302,0,Carter Road,secondary,4,108.0,0.0,5100.0,0.0,8.6,8.6,0
10272736790,7043548004,0,Swami Vivekanand Road,primary,2,112.1,0.0,3060.0,0.0,7.3,7.3,0
10272736790,5342165308,0,,primary,2,12.0,0.0,3060.0,0.0,0.8,0.8,0
1184073234,6552203219,0,Mathuradas Vasanji Road (Andheri Kurla Road),primary,2,17.9,0.0,3060.0,0.0,1.2,1.2,0
2236679734,7362227721,0,Marol Maroshi Road,secondary,2,207.2,0.0,2550.0,0.0,16.6,16.6,0
348125911,11041728467,0,Carter Road,secondary,4,75.0,0.0,5100.0,0.0,6.0,6.0,0
13460030987,3794378006,0,Swami Vivekanand Road,secondary,2,7.6,0.0,2550.0,0.0,0.6,0.6,0
619185674,1194136043,0,Goregaon Mulund Link Road,secondary,2,24.4,0.0,2550.0,0.0,2.0,2.0,0
6431155720,5936572189,0,Krantiveer Lakhuji Salve Marg,secondary,2,412.0,0.0,2550.0,0.0,33.0,33.0,0
6431155720,6431155719,0,,secondary_link,2,9.9,0.0,2550.0,0.0,0.8,0.8,0
6431155719,1158617054,0,Krantiveer Lakhuji Salve Marg,secondary,2,514.4,0.0,2550.0,0.0,41.2,41.2,0
2236679734,2236679618,0,Aarey Colony Road,secondary,2,328.9,0.0,2550.0,0.0,26.3,26.3,0
2244961849,2244961834,0,Mathuradas Vasanji Road (Andheri Kurla Road),primary,2,48.3,0.0,3060.0,0.0,3.2,3.2,0
6430016907,13769598236,0,Lal Bahadur Shastri Marg,primary,2,319.3,0.0,3060.0,0.0,20.9,20.9,0
2233648735,630298114,0,Mahakali Caves Road,secondary,2,13.8,0.0,2550.0,0.0,1.1,1.1,0
5346805346,10882945928,0,Road No 1,secondary,2,8.0,0.0,2550.0,0.0,0.6,0.6,0
5346805346,5346805341,0,Sion Panvel Highway,primary,4,74.9,0.0,6120.0,0.0,4.9,4.9,0
13476464226,245667605,0,Chitrakar Dhurandar Road,secondary,2,18.9,0.0,2550.0,0.0,1.5,1.5,0
7325017697,1939192901,0,Gorai Road,secondary,2,72.9,0.0,2550.0,0.0,5.8,5.8,0
7325017696,7325017697,0,Gorai Road,secondary,2,74.9,0.0,2550.0,0.0,6.0,6.0,0
2233648735,14072018077,0,Mahakali Caves Road,secondary,2,132.4,0.0,2550.0,0.0,10.6,10.6,0
7325017694,10277333721,0,Gorai Road,secondary,2,286.7,0.0,2550.0,0.0,22.9,22.9,0
4696720955,9884748090,0,Jai Prakash Road,secondary,2,339.8,0.0,2550.0,0.0,27.2,27.2,0
7325017694,10277333723,0,,secondary_link,2,11.4,0.0,2550.0,0.0,0.9,0.9,0
7749797456,631507964,0,Avenue 3,secondary,2,211.4,0.0,2550.0,0.0,16.9,16.9,0
7749797456,8443498448,0,,secondary_link,2,36.6,0.0,2550.0,0.0,2.9,2.9,0
1184122435,7370915345,0,Cross Road C,secondary,2,117.2,0.0,2550.0,0.0,9.4,9.4,0
1184122435,1184124456,0,Cross Road C,secondary,2,280.3,0.0,2550.0,0.0,22.4,22.4,0
10941564481,3794269318,0,Malad Marve Road,secondary,2,65.6,0.0,2550.0,0.0,5.2,5.2,0
6431155719,6431155720,0,,secondary_link,2,9.9,0.0,2550.0,0.0,0.8,0.8,0
346605046,13516967378,0,K C Marg,secondary,2,56.3,0.0,2550.0,0.0,4.5,4.5,0
1180378612,1642886278,0,,primary,2,100.8,0.0,3060.0,0.0,6.6,6.6,0
13729998234,13729998233,0,,primary_link,2,5.7,0.0,3060.0,0.0,0.4,0.4,0
245671354,10277909614,0,Mathuradas Vasanji Road (Andheri Kurla Road),primary,2,32.1,0.0,3060.0,0.0,2.1,2.1,0
245671354,10564298261,0,,secondary,2,20.1,0.0,2550.0,0.0,1.6,1.6,0
3803645363,245667826,0,Chitrakar Dhurandar Road,secondary,2,48.5,0.0,2550.0,0.0,3.9,3.9,0
6292784553,347178928,0,Linking Road,secondary,2,41.5,0.0,2550.0,0.0,3.3,3.3,0
7353935271,9882627953,0,Link Road,primary,2,406.9,0.0,3060.0,0.0,26.6,26.6,0
245671328,1154211731,0,Sahar Road,secondary,2,38.7,0.0,2550.0,0.0,3.1,3.1,0
13729998233,13729998234,0,,primary_link,2,5.7,0.0,3060.0,0.0,0.4,0.4,0
3803645421,2629418532,0,Linking Road,secondary,2,51.4,0.0,2550.0,0.0,4.1,4.1,0
2233648537,1646746591,0,Swami Vivekanand Road,primary,2,52.3,0.0,3060.0,0.0,3.4,3.4,0
12334925204,12334925193,0,,trunk_link,3,324.2,0.0,4845.0,0.0,19.5,19.5,0
12334925204,10265648784,0,,trunk,2,1893.3,0.0,3230.0,0.0,113.6,113.6,0
2242610577,2242610548,0,Jai Prakash Road,secondary,2,97.7,0.0,2550.0,0.0,7.8,7.8,0
2567775632,1646850398,0,Kamalakar Pant Walawalkar Marg,primary,2,39.2,0.0,3060.0,0.0,2.6,2.6,0
6430016908,7372175045,0,Lal Bahadur Shastri Marg,primary,2,101.2,0.0,3060.0,0.0,6.6,6.6,0
6428722624,4342420894,0,Jawaharlal Nehru Road,secondary,2,74.7,0.0,2550.0,0.0,6.0,6.0,0
2236679618,2236679734,0,Aarey Colony Road,secondary,2,328.9,0.0,2550.0,0.0,26.3,26.3,0
10685130180,346611218,0,Mehboob Kahn Chowk,secondary,2,53.6,0.0,2550.0,0.0,4.3,4.3,0
10685130180,2841960950,0,Mehboob Kahn Chowk,secondary_link,2,20.7,0.0,2550.0,0.0,1.7,1.7,0
245671370,11052195979,0,Sahar Road,secondary,2,12.5,0.0,2550.0,0.0,1.0,1.0,0
10936829391,245664865,0,Chunabhatti Road,secondary,2,218.2,0.0,2550.0,0.0,17.5,17.5,0
10936829391,1654348841,0,Chunabhatti Road,secondary,2,147.7,0.0,2550.0,0.0,11.8,11.8,0
10880918992,14072018077,0,Mahakali Caves Road,secondary,2,60.2,0.0,2550.0,0.0,4.8,4.8,0
10880918992,10880919003,0,Mahakali Caves Road,secondary,2,30.2,0.0,2550.0,0.0,2.4,2.4,0
10878019034,10878019035,0,Baji Pasalkar Marg (Saki Vihar Road),primary,2,79.8,0.0,3060.0,0.0,5.2,5.2,0
10880919003,11027079291,0,Mahakali Caves Road,secondary,2,118.9,0.0,2550.0,0.0,9.5,9.5,0
10878019035,10878019036,0,Baji Pasalkar Marg (Saki Vihar Road),primary,2,80.1,0.0,3060.0,0.0,5.2,5.2,0
10878019036,245670344,0,Mathuradas Vasanji Road (Andheri Kurla Road),primary,2,15.9,0.0,3060.0,0.0,1.0,1.0,0
2244961768,13795940227,0,Mathuradas Vasanji Road (Andheri Kurla Road),primary,2,8.5,0.0,3060.0,0.0,0.6,0.6,0
2244961768,10057734283,0,Mathuradas Vasanji Road (Andheri Kurla Road),primary,2,68.8,0.0,3060.0,0.0,4.5,4.5,0
619193834,630303556,0,Aarey Colony Road,secondary,2,41.5,0.0,2550.0,0.0,3.3,3.3,0
619193834,1184006695,0,Aarey Colony Road,secondary,2,224.5,0.0,2550.0,0.0,18.0,18.0,0
9787156063,346633203,0,Hill Road,secondary,2,66.5,0.0,2550.0,0.0,8.0,8.0,0
5346805349,5346805345,0,Sion Panvel Highway,primary,4,99.3,0.0,6120.0,0.0,6.5,6.5,0
5346805345,5836311789,0,Sion Panvel Highway,primary,4,93.6,0.0,6120.0,0.0,6.1,6.1,0
7362430636,7416574444,0,,secondary,2,87.1,0.0,2550.0,0.0,7.0,7.0,0
9697896119,12125911215,0,,secondary,2,176.7,0.0,2550.0,0.0,14.1,14.1,0
6435423923,245668515,0,Lal Bahadur Shastri Marg,primary,2,27.4,0.0,3060.0,0.0,1.8,1.8,0
6435423923,2622177294,0,Magan Nathuram Road,primary,2,14.2,0.0,3060.0,0.0,0.9,0.9,0
4233692849,6581112461,0,General A K Vaidya Marg,secondary,2,44.5,0.0,2550.0,0.0,3.6,3.6,0
12415264430,245673271,0,,secondary,2,52.4,0.0,2550.0,0.0,4.2,4.2,0
7362430636,12124306136,0,Vijay Nagar Flyover,secondary,2,375.2,0.0,2550.0,0.0,30.0,30.0,0
4357170859,867276779,0,Saint Louis Convent Marg,secondary,2,48.1,0.0,2550.0,0.0,3.8,3.8,0
13856261797,13856261799,0,Behrambaug Road,primary,2,19.5,0.0,3060.0,0.0,1.3,1.3,0
13856261799,13856261798,0,,primary_link,2,9.5,0.0,3060.0,0.0,0.6,0.6,0
13856261799,12330423895,0,Behrambaug Road,primary,2,25.1,0.0,3060.0,0.0,1.6,1.6,0
3893167782,10942300937,0,Jogeshwari Vikhroli Link Road,primary,3,59.1,0.0,4590.0,0.0,3.9,3.9,0
13856261800,13856311301,0,,primary_link,2,9.5,0.0,3060.0,0.0,0.6,0.6,0
13856261800,13446257029,0,Behrambaug Road,primary,2,30.1,0.0,3060.0,0.0,2.0,2.0,0
13856261798,13856261799,0,,primary_link,2,9.5,0.0,3060.0,0.0,0.6,0.6,0
9697896120,1648168311,0,,secondary,2,15.0,0.0,2550.0,0.0,1.2,1.2,0
10227877561,13521149006,0,Danda Boulevard,secondary,2,45.7,0.0,2550.0,0.0,3.7,3.7,0
6430607035,6430607036,0,,trunk_link,3,27.2,0.0,4845.0,0.0,1.6,1.6,0
6430607036,6430607035,0,,trunk_link,3,27.2,0.0,4845.0,0.0,1.6,1.6,0
6430607036,5841999703,0,Sion Panvel Highway,trunk,4,180.0,0.0,6460.0,0.0,10.8,10.8,0
4357170877,864964221,0,Kamalakar Pant Walawalkar Marg,primary,2,41.9,0.0,3060.0,0.0,2.7,2.7,0
4357170881,2610805004,0,Guru Nanak Road,secondary,2,33.6,0.0,2550.0,0.0,2.7,2.7,0
4357170883,4357170881,0,Guru Nanak Road,secondary,2,63.9,0.0,2550.0,0.0,5.1,5.1,0
245671626,2242610270,0,Chatrapati Shivaji Road,secondary,2,129.2,0.0,2550.0,0.0,10.3,10.3,0
1906829003,2250992758,0,,trunk_link,1,71.3,0.0,1615.0,0.0,4.3,4.3,0
13786441503,13652213003,0,Bhoomi Park Road,secondary,2,35.4,0.0,2550.0,0.0,2.8,2.8,0
13786441503,13786441502,0,,secondary_link,2,6.7,0.0,2550.0,0.0,0.5,0.5,0
2233648859,7238785603,0,Sardar Vallabhbhai Patel Road,secondary,2,116.6,0.0,2550.0,0.0,9.3,9.3,0
11021412068,3795056169,0,Kachipada Ramchandra Lane,secondary,2,51.9,0.0,2550.0,0.0,4.2,4.2,0
11021412068,3794262397,0,Kachipada Ramchandra Lane,secondary,2,255.1,0.0,2550.0,0.0,20.4,20.4,0
13786441506,2222186277,0,Bhoomi Park Road,secondary,2,23.5,0.0,2550.0,0.0,1.9,1.9,0
13786441506,13786441507,0,,secondary_link,2,6.7,0.0,2550.0,0.0,0.5,0.5,0
13856261797,13856261796,0,,primary_link,2,9.5,0.0,3060.0,0.0,0.6,0.6,0
13856261796,13856261797,0,,primary_link,2,9.5,0.0,3060.0,0.0,0.6,0.6,0
7325017700,7325017702,0,Gorai Road,secondary,2,66.6,0.0,2550.0,0.0,5.3,5.3,0
13703251566,7353775774,0,Achutrao Patwardhan Marg,secondary,2,28.8,0.0,2550.0,0.0,2.3,2.3,0
1361561210,10277477766,0,Datta Mandir Road,secondary,2,53.6,0.0,2550.0,0.0,4.3,4.3,0
1361561210,1632712320,0,Datta Mandir Road,secondary,2,11.0,0.0,2550.0,0.0,0.9,0.9,0
9410872952,245669680,0,Juhu Tara Road,secondary,2,271.4,0.0,2550.0,0.0,21.7,21.7,0
9410872950,2128595450,0,Juhu Tara Road,secondary,2,162.3,0.0,2550.0,0.0,13.0,13.0,0
10548119158,9115783837,0,Goregaon Link Road,primary,2,135.7,0.0,3060.0,0.0,8.9,8.9,0
2244961895,11066937872,0,Mathuradas Vasanji Road (Andheri Kurla Road),primary,2,2.7,0.0,3060.0,0.0,0.2,0.2,0
13703251565,5172459964,0,Achutrao Patwardhan Marg,secondary,2,148.3,0.0,2550.0,0.0,11.9,11.9,0
13856261795,13856261794,0,,primary_link,2,8.8,0.0,3060.0,0.0,0.6,0.6,0
7325017703,7325017694,0,Gorai Road,secondary,2,411.2,0.0,2550.0,0.0,32.9,32.9,0
7325017703,628998774,0,Gorai Link Road,secondary,2,8.7,0.0,2550.0,0.0,0.7,0.7,0
9410872936,9410872931,0,Juhu Tara Road,secondary,2,316.3,0.0,2550.0,0.0,25.3,25.3,0
7325017704,7331358921,0,,primary,2,12.9,0.0,3060.0,0.0,0.8,0.8,0
7325017704,2224023927,0,Link Road,primary,2,210.3,0.0,3060.0,0.0,13.8,13.8,0
7325017702,7331358923,0,Gorai Road,secondary,2,91.5,0.0,2550.0,0.0,7.3,7.3,0
1906828925,1913053676,0,,motorway_link,1,12.3,0.0,1700.0,0.0,0.6,0.6,0
10879477376,4352401905,0,Link Road,primary,2,169.8,0.0,3060.0,0.0,11.1,11.1,0
4364584578,2399395056,0,Devidas Road,primary,2,151.3,0.0,3060.0,0.0,9.9,9.9,0
10956744325,1939198095,0,Link Road,primary,2,222.0,0.0,3060.0,0.0,14.5,14.5,0
10956744326,10956744325,0,Link Road,primary,2,9.0,0.0,3060.0,0.0,0.6,0.6,0
4364584583,4364584586,0,Sardar Vallabhbhai Patel Road,secondary,2,12.4,0.0,2550.0,0.0,1.0,1.0,0
3736905353,623040192,0,Krantiveer Lakhuji Salve Marg,secondary,2,136.9,0.0,2550.0,0.0,11.0,11.0,0
4364584586,7366128616,0,Sardar Vallabhbhai Patel Road,secondary,2,68.3,0.0,2550.0,0.0,5.5,5.5,0
10118530702,13537225638,0,,secondary,2,34.1,0.0,2550.0,0.0,2.7,2.7,0
11919771279,2249163570,0,Western Express Highway,trunk,3,285.6,0.0,4845.0,0.0,17.1,17.1,0
11919771280,2249163481,0,Western Express Highway,trunk,3,86.5,0.0,4845.0,0.0,5.2,5.2,0
13437191827,7157873783,0,Link Road,primary,2,40.7,0.0,3060.0,0.0,2.7,2.7,0
7377462936,7377462937,0,Datta Mandir Road,secondary,2,35.6,0.0,2550.0,0.0,2.8,2.8,0
7377462937,2222707623,0,Datta Mandir Road,secondary,2,47.1,0.0,2550.0,0.0,3.8,3.8,0
10172786327,13565951418,0,Hill Road,secondary,2,96.7,0.0,2550.0,0.0,11.6,11.6,0
2244961948,245670043,0,Mathuradas Vasanji Road (Andheri Kurla Road),primary,2,51.3,0.0,3060.0,0.0,3.4,3.4,0
13856261794,13856261795,0,,primary_link,2,8.8,0.0,3060.0,0.0,0.6,0.6,0
6430016908,6430016907,0,,primary_link,2,11.8,0.0,3060.0,0.0,0.8,0.8,0
6430016907,6430016908,0,,primary_link,2,11.8,0.0,3060.0,0.0,0.8,0.8,0
3803645679,245668776,0,Juhu Tara Road,secondary,2,227.7,0.0,2550.0,0.0,18.2,18.2,0
7397336298,7397336303,0,M B Desai Road,secondary,2,65.5,0.0,2550.0,0.0,5.2,5.2,0
13598885114,4357151383,0,,primary_link,2,7.5,0.0,3060.0,0.0,0.5,0.5,0
7397336304,10216903202,0,M B Desai Road,secondary,2,144.2,0.0,2550.0,0.0,11.5,11.5,0
7397336303,7397336304,0,M B Desai Road,secondary,2,66.4,0.0,2550.0,0.0,5.3,5.3,0
7397336299,7397336333,0,Rajguru Flyover,secondary,2,633.7,0.0,2550.0,0.0,50.7,50.7,0
629023979,10310857479,0,R M Road,secondary,2,38.1,0.0,2550.0,0.0,3.0,3.0,0
7397336298,627837222,0,Chakravarty Ashok Road,secondary,2,10.1,0.0,2550.0,0.0,0.8,0.8,0
7397336294,7397333159,0,Chakravarty Ashok Road,secondary,2,137.6,0.0,2550.0,0.0,11.0,11.0,0
13598885116,13598885120,0,Vaikunthlal Mehta Road,secondary,2,8.6,0.0,2550.0,0.0,0.7,0.7,0
7397336293,7397336294,0,Chakravarty Ashok Road,secondary,2,40.4,0.0,2550.0,0.0,3.2,3.2,0
245671140,6552380191,0,V K Krishna Marg,secondary,2,244.3,0.0,2550.0,0.0,19.5,19.5,0
628597986,7345377643,0,Kadsiddheshwar Marg,secondary,2,9.8,0.0,2550.0,0.0,0.7,0.7,0
628597986,13652084594,0,Dr Babasaheb Ambedkar Road,secondary,2,42.6,0.0,2550.0,0.0,3.4,3.4,0
10723296482,864905400,0,Gulmohar Road,primary,2,138.9,0.0,3060.0,0.0,9.1,9.1,0
628597983,13648926264,0,Kadsiddheshwar Marg,secondary,2,118.3,0.0,2550.0,0.0,9.5,9.5,0
13598885114,867276531,0,Kamalakar Pant Walawalkar Marg,primary,2,54.0,0.0,3060.0,0.0,3.5,3.5,0
13598885116,10723311426,0,Guru Nanak Road,secondary,2,163.7,0.0,2550.0,0.0,13.1,13.1,0
12334925193,2804520131,0,Santa Cruz – Chembur Link Road,trunk,3,48.3,0.0,4845.0,0.0,2.9,2.9,0
7397336334,7397336335,0,M B Desai Road,secondary,2,9.2,0.0,2550.0,0.0,0.7,0.7,0
13769598237,6430016908,0,Lal Bahadur Shastri Marg,primary,2,320.4,0.0,3060.0,0.0,21.0,21.0,0
13769598237,13769598236,0,,primary_link,2,9.6,0.0,3060.0,0.0,0.6,0.6,0
13769598236,13769598237,0,,primary_link,2,9.6,0.0,3060.0,0.0,0.6,0.6,0
13769598236,5467677837,0,Lal Bahadur Shastri Marg,primary,2,62.7,0.0,3060.0,0.0,4.1,4.1,0
12434973972,7357632678,0,,secondary,2,18.2,0.0,2550.0,0.0,1.5,1.5,0
884253970,13590816949,0,Purshottam Tondan Marg,secondary,1,79.8,0.0,1275.0,0.0,6.4,6.4,0
7397336333,7392412418,0,,secondary_link,2,41.8,0.0,2550.0,0.0,3.3,3.3,0
884253951,7309530515,0,Purshottam Tondan Marg,secondary,1,195.7,0.0,1275.0,0.0,15.7,15.7,0
7397336333,7397336334,0,M B Desai Road,secondary,2,17.8,0.0,2550.0,0.0,1.4,1.4,0
6429017348,6429017345,0,,secondary_link,2,50.4,0.0,2550.0,0.0,4.0,4.0,0
6429017348,2897022050,0,Avenue 3,secondary,2,75.4,0.0,2550.0,0.0,6.0,6.0,0
3008529668,10636915871,0,Swami Vivekanand Road,primary,2,3.9,0.0,3060.0,0.0,0.3,0.3,0
13598885120,3526719584,0,Vaikunthlal Mehta Road,secondary,2,167.5,0.0,2550.0,0.0,13.4,13.4,0
13598885120,7340067044,0,Guru Nanak Road,secondary,2,11.0,0.0,2550.0,0.0,0.9,0.9,0
628597982,6204119862,0,Kadsiddheshwar Marg,secondary,2,20.3,0.0,2550.0,0.0,1.6,1.6,0
7397336286,7397336298,0,Chakravarty Ashok Road,secondary,2,10.6,0.0,2550.0,0.0,0.8,0.8,0
628597981,1353464530,0,Boraspada Road,secondary,2,142.1,0.0,2550.0,0.0,11.4,11.4,0
13713728683,10277700917,0,Hill Road,secondary,2,46.7,0.0,2550.0,0.0,5.6,5.6,0
13815588030,13815588029,0,,primary_link,2,20.6,0.0,3060.0,0.0,1.3,1.3,0
13815588029,631497242,0,Sion Panvel Highway,primary,4,360.1,0.0,6120.0,0.0,23.6,23.6,0
13815588029,13815588030,0,,primary_link,2,20.6,0.0,3060.0,0.0,1.3,1.3,0
2242610364,3878413321,0,Mathuradas Vasanji Road,secondary,2,28.5,0.0,2550.0,0.0,2.3,2.3,0
2242610363,2242610387,0,Mathuradas Vasanji Road,secondary,2,141.8,0.0,2550.0,0.0,11.3,11.3,0
10564469937,10926044209,0,,trunk_link,3,29.3,0.0,4845.0,0.0,1.8,1.8,0
630301865,630303556,0,Aarey Colony Road,secondary,2,961.9,0.0,2550.0,0.0,77.0,77.0,0
628597978,1353479054,0,Boraspada Road,secondary,2,108.9,0.0,2550.0,0.0,8.7,8.7,0
630301865,630301988,0,Aarey Colony Road,secondary,2,470.6,0.0,2550.0,0.0,37.6,37.6,0
2242610342,13639180051,0,Sahar Road,secondary,2,11.8,0.0,2550.0,0.0,0.9,0.9,0
2629418531,2629418530,0,Linking Road,secondary,2,180.9,0.0,2550.0,0.0,14.5,14.5,0
2629418530,2629418529,0,Linking Road,secondary,2,173.7,0.0,2550.0,0.0,13.9,13.9,0
5467677852,245664680,0,Sion Bandra Link Road,primary,2,469.9,0.0,3060.0,0.0,30.8,30.8,0
1366008983,2246472010,0,Lal Bahadur Shastri Marg,primary,2,51.3,0.0,3060.0,0.0,3.4,3.4,0
13815588030,4366129978,0,Sion Panvel Highway,primary,4,81.2,0.0,6120.0,0.0,5.3,5.3,0
2236679363,9901775210,0,Marol Maroshi Road,secondary,2,355.9,0.0,2550.0,0.0,28.5,28.5,0
2236679363,1184074193,0,Marol Maroshi Road,secondary,2,602.6,0.0,2550.0,0.0,48.2,48.2,0
13875496132,13875496133,0,,trunk_link,3,39.2,0.0,4845.0,0.0,2.4,2.4,0
13875496132,13820044822,0,,trunk_link,3,191.2,0.0,4845.0,0.0,11.5,11.5,0
13875496133,10564469938,0,,trunk_link,1,121.9,0.0,1615.0,0.0,7.3,7.3,0
13875496133,13875496132,0,,trunk_link,3,39.2,0.0,4845.0,0.0,2.4,2.4,0
2242610377,623880468,0,Sahar Road,secondary,2,82.4,0.0,2550.0,0.0,6.6,6.6,0
13882827986,2244962190,0,Mathuradas Vasanji Road (Andheri Kurla Road),primary,2,81.6,0.0,3060.0,0.0,5.3,5.3,0
13882827987,13882918914,0,,primary_link,2,9.5,0.0,3060.0,0.0,0.6,0.6,0
13882827987,13597495215,0,,primary,2,132.7,0.0,3060.0,0.0,8.7,8.7,0
2242610387,13473398848,0,Mathuradas Vasanji Road,secondary,2,135.0,0.0,2550.0,0.0,10.8,10.8,0
5494564054,5494564055,0,Perry Road,secondary,2,80.5,0.0,2550.0,0.0,6.4,6.4,0
5494564055,13521237115,0,Perry Road,secondary,2,29.4,0.0,2550.0,0.0,2.3,2.3,0
8589026517,10257903078,0,Bandra Station Road,secondary,2,85.6,0.0,2550.0,0.0,6.8,6.8,0
2244797657,622060376,0,Santa Cruz – Chembur Link Road,trunk,2,61.5,0.0,3230.0,0.0,3.7,3.7,0
11036583129,1879817913,0,Jogeshwari Vikhroli Link Road,primary,3,13.2,0.0,4590.0,0.0,0.9,0.9,0
630301988,630301865,0,Aarey Colony Road,secondary,2,470.6,0.0,2550.0,0.0,37.6,37.6,0
630301988,5968350606,0,Aarey Colony Road,secondary,2,597.3,0.0,2550.0,0.0,47.8,47.8,0
1366009125,245668003,0,Lal Bahadur Shastri Marg,primary,2,26.2,0.0,3060.0,0.0,1.7,1.7,0
7345415534,7345415532,0,Gorai Link Road,secondary,2,88.6,0.0,2550.0,0.0,7.1,7.1,0
245679479,3794262396,0,,secondary,2,18.0,0.0,2550.0,0.0,1.4,1.4,0
2629682548,13652312884,0,Boraspada Road,secondary,2,156.9,0.0,2550.0,0.0,12.6,12.6,0
2242610548,2242610533,0,Jai Prakash Road,secondary,2,36.5,0.0,2550.0,0.0,2.9,2.9,0
7345415537,7345415536,0,Gorai Link Road,secondary,2,70.0,0.0,2550.0,0.0,5.6,5.6,0
7345415536,10277336200,0,Gorai Link Road,secondary,2,7.1,0.0,2550.0,0.0,0.6,0.6,0
7345415535,7345415534,0,Gorai Link Road,secondary,2,87.4,0.0,2550.0,0.0,7.0,7.0,0
245671277,12430504674,0,V K Krishna Marg,secondary,2,81.2,0.0,2550.0,0.0,6.5,6.5,0
2242610525,7398098987,0,Balasaheb Sawant Road,secondary,2,158.7,0.0,2550.0,0.0,12.7,12.7,0
7345415532,10277336188,0,Gorai Link Road,secondary,2,10.5,0.0,2550.0,0.0,0.8,0.8,0
7345415531,7345415530,0,Gorai Link Road,secondary,2,71.3,0.0,2550.0,0.0,5.7,5.7,0
7345415530,7345415529,0,Gorai Link Road,secondary,2,8.7,0.0,2550.0,0.0,0.7,0.7,0
7345415529,7325017703,0,Gorai Road,secondary,2,9.6,0.0,2550.0,0.0,0.8,0.8,0
11476100456,7394181671,0,,secondary,2,8.7,0.0,2550.0,0.0,0.7,0.7,0
2242610533,4674118964,0,Jai Prakash Road,secondary,2,32.9,0.0,2550.0,0.0,2.6,2.6,0
245679479,13382974525,0,Kachipada Ramchandra Lane,secondary,2,71.9,0.0,2550.0,0.0,5.8,5.8,0
6598264185,7340067044,0,Vaikunthlal Mehta Road,secondary,2,326.1,0.0,2550.0,0.0,26.1,26.1,0
7345415546,9909376357,0,Gorai Link Road,secondary,2,240.9,0.0,2550.0,0.0,19.3,19.3,0
7345415548,7345415546,0,Gorai Link Road,secondary,2,84.9,0.0,2550.0,0.0,6.8,6.8,0
5936571773,9901775159,0,Krantiveer Lakhuji Salve Marg,secondary,2,125.1,0.0,2550.0,0.0,10.0,10.0,0
2804450686,2892843890,0,Santa Cruz – Chembur Link Road,trunk,3,634.8,0.0,4845.0,0.0,38.1,38.1,0
5936571775,11028340735,0,Krantiveer Lakhuji Salve Marg,secondary,2,37.7,0.0,2550.0,0.0,3.0,3.0,0
5936571775,1145401595,0,Krantiveer Lakhuji Salve Marg,secondary,2,11.4,0.0,2550.0,0.0,0.9,0.9,0
7345415553,10936586333,0,Gorai Link Road,secondary,2,7.4,0.0,2550.0,0.0,0.6,0.6,0
7345415554,7345415553,0,RDP Road No 5,secondary,2,70.6,0.0,2550.0,0.0,6.4,6.4,0
7345415555,7345415554,0,RDP Road No 5,secondary,2,32.6,0.0,2550.0,0.0,2.9,2.9,0
1178625409,349131637,0,,secondary,2,83.7,0.0,2550.0,0.0,6.7,6.7,0
1184146819,1184152729,0,Mathuradas Vasanji Road (Andheri Kurla Road),primary,2,63.3,0.0,3060.0,0.0,4.1,4.1,0
7345415556,7345415555,0,RDP Road No 5,secondary,2,39.0,0.0,2550.0,0.0,3.5,3.5,0
7345415557,7345415556,0,RDP Road No 5,secondary,2,84.7,0.0,2550.0,0.0,7.6,7.6,0
2233648520,296864887,0,,secondary,2,50.3,0.0,2550.0,0.0,4.0,4.0,0
2233648520,1936499559,0,,secondary,2,87.3,0.0,2550.0,0.0,7.0,7.0,0
6494881118,6430416811,0,Lal Bahadur Shastri Marg,primary,2,178.3,0.0,3060.0,0.0,11.7,11.7,0
2244797790,276116095,0,Juhu Tara Road,secondary,2,290.7,0.0,2550.0,0.0,23.3,23.3,0
1366009125,11054417895,0,,trunk_link,3,79.7,0.0,4845.0,0.0,4.8,4.8,0
4674118964,1646827550,0,Jai Prakash Road,secondary,2,8.8,0.0,2550.0,0.0,0.7,0.7,0
12072887609,12072887608,0,,trunk_link,3,30.1,0.0,4845.0,0.0,1.8,1.8,0
10277700921,296362014,0,Swami Vivekanand Road,primary,2,112.6,0.0,3060.0,0.0,7.4,7.4,0
12072887608,4415746717,0,Santa Cruz – Chembur Link Road,trunk,3,35.7,0.0,4845.0,0.0,2.1,2.1,0
12072887608,12072887609,0,,trunk_link,3,30.1,0.0,4845.0,0.0,1.8,1.8,0
10277700917,4328035957,0,Hill Road,secondary,2,36.5,0.0,2550.0,0.0,4.4,4.4,0
10277700917,10277700921,0,,primary_link,2,25.8,0.0,3060.0,0.0,1.7,1.7,0
2236679475,3893167782,0,Jogeshwari Vikhroli Link Road,primary,3,12.3,0.0,4590.0,0.0,0.8,0.8,0
6494881117,2622177265,0,Lal Bahadur Shastri Marg,primary,2,43.4,0.0,3060.0,0.0,2.8,2.8,0
12400043313,245683037,0,Chatrapati Shivaji Road,secondary,2,45.1,0.0,2550.0,0.0,3.6,3.6,0
7331456305,7331456314,0,C S Link Road,primary,2,261.1,0.0,3060.0,0.0,17.1,17.1,0
7331456305,7331456303,0,,primary_link,2,16.9,0.0,3060.0,0.0,1.1,1.1,0
7331456303,7331456305,0,,primary_link,2,16.9,0.0,3060.0,0.0,1.1,1.1,0
3803645231,2629418501,0,Linking Road,secondary,2,146.9,0.0,2550.0,0.0,11.7,11.7,0
12392981802,2233871965,0,,secondary,2,74.0,0.0,2550.0,0.0,5.9,5.9,0
12072887609,2244797657,0,Santa Cruz – Chembur Link Road,trunk,2,137.1,0.0,3230.0,0.0,8.2,8.2,0
7331456314,8507096021,0,C S Link Road,primary,2,125.4,0.0,3060.0,0.0,8.2,8.2,0
7331456316,9897455547,0,C S Link Road,primary,2,21.6,0.0,3060.0,0.0,1.4,1.4,0
10277700925,2134856435,0,N S Mankikar Marg,secondary,2,275.1,0.0,2550.0,0.0,22.0,22.0,0
10277700925,13797636942,0,,secondary,2,75.7,0.0,2550.0,0.0,6.1,6.1,0
7331456320,629022717,0,Swami Vivekanand Road,primary,2,40.8,0.0,3060.0,0.0,2.7,2.7,0
7331456320,7331456305,0,C S Link Road,primary,2,39.8,0.0,3060.0,0.0,2.6,2.6,0
7331456326,629022668,0,Link Road,primary,2,33.3,0.0,3060.0,0.0,2.2,2.2,0
7331456327,4233167615,0,Link Road,primary,2,30.4,0.0,3060.0,0.0,2.0,2.0,0
482297168,3742399545,0,Dayaldas Road,primary,2,121.7,0.0,3060.0,0.0,8.0,8.0,0
884254033,7309530516,0,Maharana Pratap Marg,secondary,2,8.7,0.0,2550.0,0.0,0.7,0.7,0
884254033,884244636,0,Purshottam Tondan Marg,secondary,1,188.4,0.0,1275.0,0.0,15.1,15.1,0
12429501779,10168211206,0,Lokmanya Tilak Road,secondary,2,35.3,0.0,2550.0,0.0,2.8,2.8,0
13747643733,245671140,0,V K Krishna Marg,secondary,2,11.0,0.0,2550.0,0.0,0.9,0.9,0
13747643734,13747643733,0,V K Krishna Marg,secondary,2,14.6,0.0,2550.0,0.0,1.2,1.2,0
13747643735,12325306929,0,V K Krishna Marg,secondary,2,86.0,0.0,2550.0,0.0,6.9,6.9,0
1171858781,884364447,0,Achutrao Pawardhan Marg,secondary,2,229.9,0.0,2550.0,0.0,18.4,18.4,0
496183015,482333179,0,Swami Vivekanand Road,primary,2,83.9,0.0,3060.0,0.0,5.5,5.5,0
245671666,245671743,0,Sahar Road,secondary,2,57.1,0.0,2550.0,0.0,4.6,4.6,0
5467677837,5639804519,0,Lal Bahadur Shastri Marg,primary,2,10.3,0.0,3060.0,0.0,0.7,0.7,0
7398098990,7398099002,0,Achutrao Pawardhan Marg,secondary,2,230.1,0.0,2550.0,0.0,18.4,18.4,0
6601803825,6601803824,0,,secondary_link,2,11.3,0.0,2550.0,0.0,0.9,0.9,0
6601803826,6601803824,0,Vallabhabhai Patel Road,secondary,2,26.1,0.0,2550.0,0.0,2.1,2.1,0
6601803826,9871495788,0,Jayavant Sawant Road,secondary,2,9.4,0.0,2550.0,0.0,0.8,0.8,0
7398098993,7398098995,0,Achutrao Patwardhan Marg,secondary,2,93.9,0.0,2550.0,0.0,7.5,7.5,0
6601803824,5988087560,0,Vallabhabhai Patel Road,secondary,2,282.9,0.0,2550.0,0.0,22.6,22.6,0
6601803824,6601803825,0,,secondary_link,2,11.3,0.0,2550.0,0.0,0.9,0.9,0
2244962347,14019451447,0,Mathuradas Vasanji Road (Andheri Kurla Road),primary,2,227.2,0.0,3060.0,0.0,14.9,14.9,0
7398098995,7398098996,0,Achutrao Patwardhan Marg,secondary,2,151.6,0.0,2550.0,0.0,12.1,12.1,0
7398098987,1934768186,0,Balasaheb Sawant Road,secondary,2,7.8,0.0,2550.0,0.0,0.6,0.6,0
13619693606,593119792,0,,motorway_link,3,18.0,0.0,5100.0,0.0,0.8,0.8,0
2244962342,2244962347,0,Mathuradas Vasanji Road (Andheri Kurla Road),primary,2,87.5,0.0,3060.0,0.0,5.7,5.7,0
13723183137,13723183139,0,General A K Vaidya Marg,secondary,2,11.1,0.0,2550.0,0.0,0.9,0.9,0
13723183137,11827002726,0,General A K Vaidya Marg,secondary,2,8.3,0.0,2550.0,0.0,0.7,0.7,0
13723183140,6380103543,0,General A K Vaidya Marg,secondary,2,171.4,0.0,2550.0,0.0,13.7,13.7,0
7398098996,5172459965,0,Achutrao Patwardhan Marg,secondary,2,127.6,0.0,2550.0,0.0,10.2,10.2,0
7398098998,7398098990,0,Achutrao Pawardhan Marg,secondary,2,93.0,0.0,2550.0,0.0,7.4,7.4,0
7345211354,13648926263,0,Kadsiddheshwar Marg,secondary,2,47.3,0.0,2550.0,0.0,3.4,3.4,0
6608750674,6204119853,0,Link Road,primary,2,155.7,0.0,3060.0,0.0,10.2,10.2,0
969803864,969803883,0,R K Paramhans / Old Nagardas Road,secondary,2,77.4,0.0,2550.0,0.0,6.2,6.2,0
6559336536,13947318602,0,Sant Rohidas Marg,primary,2,38.9,0.0,3060.0,0.0,2.5,2.5,0
969803862,3803784055,0,R K Paramhans / Old Nagardas Road,secondary,2,63.2,0.0,2550.0,0.0,5.1,5.1,0
969803862,969803892,0,R K Paramhans / Old Nagardas Road,secondary,2,103.6,0.0,2550.0,0.0,8.3,8.3,0
473040979,619227596,0,,motorway_link,3,153.6,0.0,5100.0,0.0,6.9,6.9,0
473040979,2250795705,0,Swami Vivekanand Road,primary,2,156.7,0.0,3060.0,0.0,10.3,10.3,0
7331006545,4233167621,0,Link Road,primary,2,39.2,0.0,3060.0,0.0,2.6,2.6,0
6491523118,3708879376,0,Guru Hargovindji Road,primary,2,86.1,0.0,3060.0,0.0,5.6,5.6,0
1179199558,2134856435,0,N S Mankikar Marg,secondary,2,57.4,0.0,2550.0,0.0,4.6,4.6,0
1179199558,2131982680,0,Chunabhatti Road,secondary,2,93.0,0.0,2550.0,0.0,7.4,7.4,0
245663814,473040893,0,SL Raheja Hospital Marg,secondary,2,78.2,0.0,2550.0,0.0,6.3,6.3,0
245663814,6165604846,0,Mahim Sion Link Road,secondary,2,9.1,0.0,2550.0,0.0,0.7,0.7,0
7398099002,9117998473,0,Achutrao Pawardhan Marg,secondary,2,144.2,0.0,2550.0,0.0,11.5,11.5,0
2244962360,10277909619,0,Mathuradas Vasanji Road (Andheri Kurla Road),primary,2,144.2,0.0,3060.0,0.0,9.4,9.4,0
13723183140,619183126,0,General A K Vaidya Marg,secondary,2,3.2,0.0,2550.0,0.0,0.3,0.3,0
13773981731,13773981729,0,,secondary,2,27.0,0.0,2550.0,0.0,2.2,2.2,0
13773981731,13773981730,0,,secondary_link,2,10.4,0.0,2550.0,0.0,0.8,0.8,0
12258068458,5938773152,0,General A K Vaidya Marg,secondary,2,65.7,0.0,2550.0,0.0,5.3,5.3,0
13882918914,13882827987,0,,primary_link,2,9.5,0.0,3060.0,0.0,0.6,0.6,0
2233649155,1651800935,0,Station Road,secondary,2,134.3,0.0,2550.0,0.0,10.7,10.7,0
13946963970,11105021579,0,,secondary,2,5.7,0.0,2550.0,0.0,0.5,0.5,0
13882918913,2244962138,0,Mathuradas Vasanji Road (Andheri Kurla Road),primary,2,86.4,0.0,3060.0,0.0,5.7,5.7,0
473040893,2128608111,0,SL Raheja Hospital Marg,secondary,2,34.1,0.0,2550.0,0.0,2.7,2.7,0
471566319,5887563940,0,Linking Road,secondary,2,190.0,0.0,2550.0,0.0,15.2,15.2,0
12434892778,12434892774,0,,secondary,2,17.6,0.0,2550.0,0.0,1.4,1.4,0
13773981730,13773981731,0,,secondary_link,2,10.4,0.0,2550.0,0.0,0.8,0.8,0
12434892778,13817629810,0,Kulupwadi,secondary,2,9.0,0.0,2550.0,0.0,0.7,0.7,0
12434892778,13817629811,0,Kulupwadi,secondary,2,10.3,0.0,2550.0,0.0,0.8,0.8,0
11054417895,12430188033,0,,trunk_link,3,6.0,0.0,4845.0,0.0,0.4,0.4,0
4178790375,13473200355,0,Kamalakar Pant Walawalkar Marg,primary,2,46.2,0.0,3060.0,0.0,3.0,3.0,0
864905191,2610804984,0,Bhakti Vendanta Swami Marg,primary,2,31.4,0.0,3060.0,0.0,2.1,2.1,0
12434892774,1481078175,0,Mahatma Gandhi Marg,secondary,2,274.9,0.0,2550.0,0.0,22.0,22.0,0
13882918914,2244961948,0,Mathuradas Vasanji Road (Andheri Kurla Road),primary,2,262.2,0.0,3060.0,0.0,17.2,17.2,0
13856311301,13856261800,0,,primary_link,2,9.5,0.0,3060.0,0.0,0.6,0.6,0
13856311302,11919460443,0,,primary_link,2,8.8,0.0,3060.0,0.0,0.6,0.6,0
13856311302,1920266050,0,Behrambaug Road,primary,2,71.9,0.0,3060.0,0.0,4.7,4.7,0
13856311303,2233649676,0,Behrambaug Road,primary,2,44.0,0.0,3060.0,0.0,2.9,2.9,0
619169805,7377674117,0,Boraspada Road,secondary,2,15.9,0.0,2550.0,0.0,1.3,1.3,0
10595428376,1154003529,0,Sion Bandra Link Road,motorway_link,1,7.7,0.0,1700.0,0.0,0.3,0.3,0
13723183132,7271727272,0,,secondary,2,24.3,0.0,2550.0,0.0,1.9,1.9,0
13723183133,13723183134,0,,secondary,2,6.9,0.0,2550.0,0.0,0.6,0.6,0
13723183133,2233871937,0,,secondary,2,29.1,0.0,2550.0,0.0,2.3,2.3,0
13723183134,13723183133,0,,secondary,2,6.9,0.0,2550.0,0.0,0.6,0.6,0
13723183134,13723183132,0,,secondary,2,89.2,0.0,2550.0,0.0,7.1,7.1,0
13723183135,2233871937,0,,secondary_link,2,6.1,0.0,2550.0,0.0,0.5,0.5,0
13723183135,13723183134,0,,secondary,2,29.0,0.0,2550.0,0.0,2.3,2.3,0
13773981725,7345377683,0,,secondary,2,77.5,0.0,2550.0,0.0,6.2,6.2,0
13773981729,9023192700,0,,secondary,2,101.2,0.0,2550.0,0.0,8.1,8.1,0
13773981730,13773981725,0,,secondary,2,22.9,0.0,2550.0,0.0,1.8,1.8,0
969803864,3878413343,0,R K Paramhans / Old Nagardas Road,secondary,2,79.4,0.0,2550.0,0.0,6.4,6.4,0
9931393113,473040979,0,Mahim Causeway,primary,2,87.6,0.0,3060.0,0.0,5.7,5.7,0
11919460443,13856311302,0,,primary_link,2,8.8,0.0,3060.0,0.0,0.6,0.6,0
13351135368,13351135363,0,,trunk_link,3,72.9,0.0,4845.0,0.0,4.4,4.4,0
8589101225,8589101224,0,Danda Boulevard (1st Road),secondary,2,49.2,0.0,2550.0,0.0,3.9,3.9,0
8589101224,8589101223,0,Danda Boulevard (1st Road),secondary,2,45.9,0.0,2550.0,0.0,3.7,3.7,0
8589101223,13516051353,0,Danda Boulevard (1st Road),secondary,2,103.1,0.0,2550.0,0.0,8.2,8.2,0
4686235799,13629717587,0,Mathuradas Vasanji Road,secondary,2,61.5,0.0,2550.0,0.0,4.9,4.9,0
245663884,13947008808,0,,primary_link,2,9.0,0.0,3060.0,0.0,0.6,0.6,0
245663884,2370341764,0,Sion Bandra Link Road,primary,2,25.3,0.0,3060.0,0.0,1.7,1.7,0
13351135368,2804481645,0,Santa Cruz – Chembur Link Road,trunk,3,35.0,0.0,4845.0,0.0,2.1,2.1,0
3737045118,13844086533,0,,secondary,2,101.5,0.0,2550.0,0.0,8.1,8.1,0
7345105030,7345211354,0,Kadsiddheshwar Marg,secondary,2,249.6,0.0,2550.0,0.0,18.0,18.0,0
2244962437,1184070629,0,Maroshi Village Road,secondary,2,110.2,0.0,2550.0,0.0,8.8,8.8,0
7345105027,8716456379,0,Kadsiddheshwar Marg,secondary,2,66.5,0.0,2550.0,0.0,4.8,4.8,0
13351135363,13799160904,0,,secondary,3,50.5,0.0,3825.0,0.0,4.0,4.0,0
7345105026,7345105027,0,Kadsiddheshwar Marg,secondary,2,161.3,0.0,2550.0,0.0,11.6,11.6,0
7345105024,7345105026,0,Kadsiddheshwar Marg,secondary,2,104.6,0.0,2550.0,0.0,7.5,7.5,0
8589101227,8589101225,0,Danda Boulevard (1st Road),secondary,2,85.3,0.0,2550.0,0.0,6.8,6.8,0
8589101228,8589101236,0,Danda Boulevard (1st Road),secondary,2,86.6,0.0,2550.0,0.0,6.9,6.9,0
8589101229,8589101228,0,Danda Boulevard (1st Road),secondary,2,107.5,0.0,2550.0,0.0,8.6,8.6,0
13590816940,13590816949,0,,secondary_link,2,7.1,0.0,2550.0,0.0,0.6,0.6,0
13590816940,7309530529,0,Purshottam Tondan Marg,secondary,1,80.4,0.0,1275.0,0.0,6.4,6.4,0
8589101231,8589101230,0,Danda Boulevard (1st Road),secondary,2,58.0,0.0,2550.0,0.0,4.6,4.6,0
13638265004,3878413328,0,Mathuradas Vasanji Road,secondary,2,140.5,0.0,2550.0,0.0,11.2,11.2,0
8589101233,13503549885,0,Chitrakar Dhurandar Road,secondary,2,9.1,0.0,2550.0,0.0,0.7,0.7,0
8589101233,10635534062,0,Chitrakar Durandhar Road (2nd Road),secondary,2,114.6,0.0,2550.0,0.0,9.2,9.2,0
8589101230,8589101229,0,Danda Boulevard (1st Road),secondary,2,93.7,0.0,2550.0,0.0,7.5,7.5,0
11025434803,2249268703,0,,primary,2,233.8,0.0,3060.0,0.0,15.3,15.3,0
864905396,10279333677,0,Gulmohar Road,primary,2,288.2,0.0,3060.0,0.0,25.9,25.9,0
13590816949,13590816940,0,,secondary_link,2,7.1,0.0,2550.0,0.0,0.6,0.6,0
13590816949,884253951,0,Purshottam Tondan Marg,secondary,1,62.8,0.0,1275.0,0.0,5.0,5.0,0
8589101236,8589101235,0,Danda Boulevard (1st Road),secondary,2,43.8,0.0,2550.0,0.0,3.5,3.5,0
8589101235,8589101227,0,Danda Boulevard (1st Road),secondary,2,40.6,0.0,2550.0,0.0,3.2,3.2,0
864905400,864905405,0,Gulmohar Road,primary,2,122.1,0.0,3060.0,0.0,8.0,8.0,0
7345105024,628597986,0,Dr Babasaheb Ambedkar Road,secondary,2,9.9,0.0,2550.0,0.0,0.8,0.8,0
2244962429,2244962437,0,Maroshi Village Road,secondary,2,44.2,0.0,2550.0,0.0,3.5,3.5,0
7331473502,4233167629,0,Link Road,primary,2,102.9,0.0,3060.0,0.0,6.7,6.7,0
2244962408,12333581107,0,Maroshi Village Road,secondary,2,111.3,0.0,2550.0,0.0,8.9,8.9,0
6497126509,2246472366,0,Lal Bahadur Shastri Marg,primary,2,138.5,0.0,3060.0,0.0,9.1,9.1,0
6497126509,6497126508,0,,primary_link,2,9.1,0.0,3060.0,0.0,0.6,0.6,0
6497126508,13799160901,0,Lal Bahadur Shastri Marg,primary,2,97.9,0.0,3060.0,0.0,6.4,6.4,0
6497126508,6497126509,0,,primary_link,2,9.1,0.0,3060.0,0.0,0.6,0.6,0
969803883,969803864,0,R K Paramhans / Old Nagardas Road,secondary,2,77.4,0.0,2550.0,0.0,6.2,6.2,0
969803883,3803784055,0,R K Paramhans / Old Nagardas Road,secondary,2,40.8,0.0,2550.0,0.0,3.3,3.3,0
245663849,245663959,0,Station Road,primary,2,148.1,0.0,3060.0,0.0,9.7,9.7,0
13681043579,10277265401,0,Kasturba Gandhi Road,secondary,2,57.7,0.0,2550.0,0.0,4.6,4.6,0
245663849,1643134506,0,Swami Vallabhdas Road,secondary,2,10.4,0.0,2550.0,0.0,0.8,0.8,0
245663848,11023557408,0,Mahim Sion Link Road,secondary,2,383.3,0.0,2550.0,0.0,30.7,30.7,0
245663848,7416644624,0,Sion Bandra Link Road,primary,2,13.9,0.0,3060.0,0.0,0.9,0.9,0
10026289247,13747643735,0,V K Krishna Marg,secondary,2,11.9,0.0,2550.0,0.0,1.0,1.0,0
969803872,10920909532,0,,secondary,2,23.0,0.0,2550.0,0.0,1.8,1.8,0
2299496543,13521149002,0,Carter Road,secondary,4,92.6,0.0,5100.0,0.0,7.4,7.4,0
2244790383,2249163422,0,Service Road,secondary,2,143.4,0.0,2550.0,0.0,11.5,11.5,0
2244790383,11919771279,0,Western Express Highway,trunk,3,427.4,0.0,4845.0,0.0,25.6,25.6,0
13681043570,13904217919,0,Link Road,primary,2,563.9,0.0,3060.0,0.0,36.9,36.9,0
7345105011,7345105030,0,Kadsiddheshwar Marg,secondary,2,156.6,0.0,2550.0,0.0,11.3,11.3,0
13681043571,13681043570,0,Link Road,primary,2,11.4,0.0,3060.0,0.0,0.7,0.7,0
969803892,10173255202,0,R K Paramhans / Old Nagardas Road,secondary,2,77.6,0.0,2550.0,0.0,6.2,6.2,0
969803892,969803862,0,R K Paramhans / Old Nagardas Road,secondary,2,103.6,0.0,2550.0,0.0,8.3,8.3,0
13681043574,969935130,0,Kasturba Gandhi Road,secondary,2,52.7,0.0,2550.0,0.0,4.2,4.2,0
13681043574,10277265394,0,,secondary_link,2,8.3,0.0,2550.0,0.0,0.7,0.7,0
13681043575,969935130,0,,secondary_link,2,8.2,0.0,2550.0,0.0,0.7,0.7,0
13681043575,10277265394,0,Kasturba Gandhi Road,secondary,2,55.3,0.0,2550.0,0.0,4.4,4.4,0
13681043576,10277265407,0,,secondary_link,2,11.1,0.0,2550.0,0.0,0.9,0.9,0
13681043576,245682194,0,Kasturba Gandhi Road,secondary,2,66.0,0.0,2550.0,0.0,5.3,5.3,0
6292531321,4352220356,0,Perry Road,secondary,2,41.7,0.0,2550.0,0.0,3.3,3.3,0
13681043578,13681043579,0,,secondary_link,2,8.4,0.0,2550.0,0.0,0.7,0.7,0
13681043578,7389343570,0,Kasturba Gandhi Road,secondary,2,59.7,0.0,2550.0,0.0,4.8,4.8,0
13681043579,13681043578,0,,secondary_link,2,8.4,0.0,2550.0,0.0,0.7,0.7,0
245663708,9918730791,0,Senapati Bapat Marg,secondary,2,29.3,0.0,2550.0,0.0,2.3,2.3,0
7345211352,11787007974,0,Goregaon Link Road,primary,2,9.9,0.0,3060.0,0.0,0.6,0.6,0
1906829046,12432945775,0,,trunk_link,3,20.5,0.0,4845.0,0.0,1.2,1.2,0
13840721728,13840721727,0,,secondary,2,4.0,0.0,2550.0,0.0,0.3,0.3,0
3803645761,245669254,0,Linking Road,secondary,2,50.8,0.0,2550.0,0.0,4.1,4.1,0
13840721729,13840721730,0,,secondary,2,11.9,0.0,2550.0,0.0,0.9,0.9,0
13840721727,13840721729,0,,secondary,2,12.1,0.0,2550.0,0.0,1.0,1.0,0
13840721727,1651530815,0,Miragaon Road,secondary,2,191.2,0.0,2550.0,0.0,15.3,15.3,0
13840721730,13840721726,0,,secondary,2,11.3,0.0,2550.0,0.0,0.9,0.9,0
13840721730,10273081203,0,Miragaon Road,secondary,2,127.1,0.0,2550.0,0.0,10.2,10.2,0
245671743,245671799,0,Sahar Road,secondary,2,85.6,0.0,2550.0,0.0,6.8,6.8,0
11038598977,884403702,0,Behrambaug Road,primary,2,123.7,0.0,3060.0,0.0,8.1,8.1,0
3803645759,7379512624,0,Linking Road,secondary,2,56.9,0.0,2550.0,0.0,4.5,4.5,0
13840721726,7357632676,0,,secondary,2,11.3,0.0,2550.0,0.0,0.9,0.9,0
13840721725,10273081204,0,Miragaon Road,secondary,2,83.9,0.0,2550.0,0.0,6.7,6.7,0
12343396156,10214300247,0,,secondary,2,13.1,0.0,2550.0,0.0,1.1,1.1,0
13840721718,13840721710,0,,secondary,2,43.4,0.0,2550.0,0.0,3.5,3.5,0
5936572210,6435723991,0,Krantiveer Lakhuji Salve Marg,secondary,2,177.4,0.0,2550.0,0.0,14.2,14.2,0
13470000968,6608841334,0,,trunk_link,3,16.3,0.0,4845.0,0.0,1.0,1.0,0
5936572231,3878413305,0,Mathuradas Vasanji Road,secondary,2,13.9,0.0,2550.0,0.0,1.1,1.1,0
7345211352,7377674132,0,Boraspada Road,secondary,2,16.6,0.0,2550.0,0.0,1.3,1.3,0
13819263263,13819263259,0,Bhoomi Park Road,secondary,2,19.6,0.0,2550.0,0.0,1.6,1.6,0
13652084593,7345377643,0,Dr Babasaheb Ambedkar Road,secondary,2,41.8,0.0,2550.0,0.0,3.3,3.3,0
10168211185,10168211184,0,Lokmanya Tilak Road,secondary,2,60.7,0.0,2550.0,0.0,4.9,4.9,0
13819263264,13819263263,0,,secondary_link,2,7.6,0.0,2550.0,0.0,0.6,0.6,0
13819263264,13819263262,0,,secondary,2,22.1,0.0,2550.0,0.0,1.8,1.8,0
245671785,14019451453,0,Maroshi Village Road,secondary,2,10.2,0.0,2550.0,0.0,0.8,0.8,0
2233648999,10277636651,0,Sardar Vallabhbhai Patel Road,secondary,2,127.1,0.0,2550.0,0.0,10.2,10.2,0
13819263263,13819263264,0,,secondary_link,2,7.6,0.0,2550.0,0.0,0.6,0.6,0
5936572235,5936572231,0,Mathuradas Vasanji Road,secondary,2,75.6,0.0,2550.0,0.0,6.0,6.0,0
13382797156,13629221962,0,Guru Hargovindji Road,primary,2,174.3,0.0,3060.0,0.0,11.4,11.4,0
10725443426,7331358909,0,Link Road,primary,2,99.6,0.0,3060.0,0.0,6.5,6.5,0
2244962138,13882827986,0,Mathuradas Vasanji Road (Andheri Kurla Road),primary,2,81.1,0.0,3060.0,0.0,5.3,5.3,0
969893715,10277311794,0,Kasturba Gandhi Road,secondary,2,10.9,0.0,2550.0,0.0,0.9,0.9,0
9771116370,296849097,0,Swami Vivekanand Road,primary,2,13.1,0.0,3060.0,0.0,0.9,0.9,0
9771116368,10723296482,0,Gulmohar Road,primary,2,10.8,0.0,3060.0,0.0,0.7,0.7,0
5936572208,7238785677,0,Krantiveer Lakhuji Salve Marg,secondary,2,86.8,0.0,2550.0,0.0,6.9,6.9,0
347178799,347179288,0,Linking Road,secondary,2,105.4,0.0,2550.0,0.0,8.4,8.4,0
13840721710,2249163603,0,,secondary,2,165.5,0.0,2550.0,0.0,13.2,13.2,0
13786441501,13773893032,0,Bhoomi Park Road,secondary,2,31.9,0.0,2550.0,0.0,2.5,2.5,0
5936572193,6431155720,0,Krantiveer Lakhuji Salve Marg,secondary,2,344.9,0.0,2550.0,0.0,27.6,27.6,0
13786441504,13786441505,0,,secondary_link,2,6.7,0.0,2550.0,0.0,0.5,0.5,0
13786441504,13786441506,0,Bhoomi Park Road,secondary,2,32.7,0.0,2550.0,0.0,2.6,2.6,0
13786441502,13786441503,0,,secondary_link,2,6.7,0.0,2550.0,0.0,0.5,0.5,0
13786441502,13786441504,0,Bhoomi Park Road,secondary,2,18.9,0.0,2550.0,0.0,1.5,1.5,0
13786441501,13786434600,0,,secondary_link,2,6.9,0.0,2550.0,0.0,0.5,0.5,0
5936572189,5936571775,0,Krantiveer Lakhuji Salve Marg,secondary,2,12.0,0.0,2550.0,0.0,1.0,1.0,0
13786441507,13786441506,0,,secondary_link,2,6.7,0.0,2550.0,0.0,0.5,0.5,0
13819263247,13819263254,0,Bhoomi Park Road,secondary,2,28.1,0.0,2550.0,0.0,2.2,2.2,0
9985517318,13525948592,0,PV Avasare Marg,primary,2,58.3,0.0,3060.0,0.0,3.8,3.8,0
2244790017,3792949321,0,,trunk_link,3,110.3,0.0,4845.0,0.0,6.6,6.6,0
7384246017,13523465891,0,Linking Road,secondary,2,107.6,0.0,2550.0,0.0,8.6,8.6,0
619202302,1375215365,0,,trunk_link,1,13.9,0.0,1615.0,0.0,0.8,0.8,0
3803645691,6431289415,0,Juhu Tara Road,secondary,2,357.7,0.0,2550.0,0.0,28.6,28.6,0
5936572194,1158617054,0,Cross Road C,secondary,2,12.7,0.0,2550.0,0.0,1.0,1.0,0
5936572194,5936572193,0,Krantiveer Lakhuji Salve Marg,secondary,2,168.5,0.0,2550.0,0.0,13.5,13.5,0
13786441505,13786441503,0,Bhoomi Park Road,secondary,2,19.1,0.0,2550.0,0.0,1.5,1.5,0
13786441505,13786441504,0,,secondary_link,2,6.7,0.0,2550.0,0.0,0.5,0.5,0
13786441508,6618373861,0,Bhoomi Park Road,secondary,2,63.4,0.0,2550.0,0.0,5.1,5.1,0
13786441508,13786441509,0,,secondary_link,2,6.5,0.0,2550.0,0.0,0.5,0.5,0
13786441509,8909135908,0,Bhoomi Park Road,secondary,2,36.6,0.0,2550.0,0.0,2.9,2.9,0
13786441509,13786441508,0,,secondary_link,2,6.5,0.0,2550.0,0.0,0.5,0.5,0
13786441510,9023192699,0,Bhoomi Park Road,secondary,2,35.3,0.0,2550.0,0.0,2.8,2.8,0
13786441510,13786441511,0,,secondary_link,2,6.4,0.0,2550.0,0.0,0.5,0.5,0
13786441511,13786441510,0,,secondary_link,2,6.4,0.0,2550.0,0.0,0.5,0.5,0
13786441511,13774033906,0,Bhoomi Park Road,secondary,2,57.4,0.0,2550.0,0.0,4.6,4.6,0
5936572199,5936572195,0,Krantiveer Lakhuji Salve Marg,secondary,2,76.1,0.0,2550.0,0.0,6.1,6.1,0
5936572195,5936572194,0,Krantiveer Lakhuji Salve Marg,secondary,2,82.8,0.0,2550.0,0.0,6.6,6.6,0
5936572201,5936571773,0,Krantiveer Lakhuji Salve Marg,secondary,2,41.7,0.0,2550.0,0.0,3.3,3.3,0
5936572203,5936572201,0,Krantiveer Lakhuji Salve Marg,secondary,2,63.9,0.0,2550.0,0.0,5.1,5.1,0
13786441507,13786441505,0,Bhoomi Park Road,secondary,2,32.4,0.0,2550.0,0.0,2.6,2.6,0
13652084593,13652084594,0,,secondary_link,2,7.7,0.0,2550.0,0.0,0.6,0.6,0
13652084594,13652084596,0,Dr Babasaheb Ambedkar Road,secondary,2,29.5,0.0,2550.0,0.0,2.4,2.4,0
13652084594,13652084593,0,,secondary_link,2,7.7,0.0,2550.0,0.0,0.6,0.6,0
2251057079,2249268416,0,Asha Nagar Road,secondary,2,11.0,0.0,2550.0,0.0,0.9,0.9,0
2251057087,13875496133,0,,trunk_link,1,242.6,0.0,1615.0,0.0,14.6,14.6,0
10168211200,10767780060,0,Lokmanya Tilak Road,secondary,2,72.8,0.0,2550.0,0.0,5.8,5.8,0
7345211325,7345211338,0,Mahatma Gandhi Road,secondary,2,132.1,0.0,2550.0,0.0,10.6,10.6,0
2251057084,10275432944,0,,secondary,2,305.0,0.0,2550.0,0.0,24.4,24.4,0
2251057083,2251057079,0,,trunk_link,1,47.1,0.0,1615.0,0.0,2.8,2.8,0
2251057081,2251057084,0,,trunk_link,1,44.8,0.0,1615.0,0.0,2.7,2.7,0
8909137845,1642951800,0,Sion Panvel Highway,trunk,5,33.8,0.0,8075.0,0.0,2.0,2.0,0
2224326565,13467861325,0,Swami Vivekanand Road,secondary,2,43.5,0.0,2550.0,0.0,3.5,3.5,0
245663666,5346805349,0,Sion Panvel Highway,primary,4,13.0,0.0,6120.0,0.0,0.9,0.9,0
245663666,245663849,0,Sion Bandra Link Road,primary,2,148.4,0.0,3060.0,0.0,9.7,9.7,0
347178928,347178799,0,Linking Road,secondary,2,104.8,0.0,2550.0,0.0,8.4,8.4,0
6609512367,4352377832,0,Maharana Pratap Marg,secondary,2,50.3,0.0,2550.0,0.0,4.0,4.0,0
1642244014,7298842002,0,Danda Boulevard,secondary,2,50.0,0.0,2550.0,0.0,4.0,4.0,0
3243952040,11238094123,0,Flyover,secondary,2,972.8,0.0,2550.0,0.0,77.8,77.8,0
2251057088,2251057087,0,,trunk_link,1,36.9,0.0,1615.0,0.0,2.2,2.2,0
7345211329,13774802916,0,Mahatma Gandhi Road,secondary,2,35.6,0.0,2550.0,0.0,2.9,2.9,0
7345211329,13649016929,0,,secondary_link,2,12.4,0.0,2550.0,0.0,1.0,1.0,0
2251057093,2249201995,0,,trunk_link,1,35.0,0.0,1615.0,0.0,2.1,2.1,0
2251057093,590493555,0,Western Express Highway,trunk,3,444.2,0.0,4845.0,0.0,26.7,26.7,0
7345211334,7378448192,0,Mahatma Gandhi Road,secondary,2,19.1,0.0,2550.0,0.0,1.5,1.5,0
7345211334,10277304363,0,Goregaon Link Road,primary,2,23.8,0.0,3060.0,0.0,1.6,1.6,0
7345211333,7345211325,0,Mahatma Gandhi Road,secondary,2,127.9,0.0,2550.0,0.0,10.2,10.2,0
2251057097,1480131114,0,,trunk_link,3,156.0,0.0,4845.0,0.0,9.4,9.4,0
7345211338,13649016929,0,Mahatma Gandhi Road,secondary,2,144.7,0.0,2550.0,0.0,11.6,11.6,0
2224326603,6604304801,0,Swami Vivekanand Road,secondary,2,147.0,0.0,2550.0,0.0,11.8,11.8,0
471566285,9979171964,0,Swami Vivekanand Road,primary,2,115.7,0.0,3060.0,0.0,7.6,7.6,0
1169541070,1174145904,0,Mahatma Gandhi Road,secondary,2,49.2,0.0,2550.0,0.0,3.9,3.9,0
1169541074,1169481166,0,Mahatma Gandhi Road,secondary,2,53.7,0.0,2550.0,0.0,4.3,4.3,0
11041728467,7298842041,0,Carter Road,secondary,4,294.6,0.0,5100.0,0.0,23.6,23.6,0
13597681621,9023192700,0,Bhoomi Park Road,secondary,2,13.3,0.0,2550.0,0.0,1.1,1.1,0
13597681621,7345380788,0,,secondary,2,18.4,0.0,2550.0,0.0,1.5,1.5,0
2251057064,1632712364,0,Datta Mandir Road,secondary,2,35.2,0.0,2550.0,0.0,2.8,2.8,0
10209609633,13448278506,0,Sardar Vallabhbhai Patel Road,secondary,2,128.6,0.0,2550.0,0.0,10.3,10.3,0
10273081203,7357634711,0,Miragaon Road,secondary,2,91.5,0.0,2550.0,0.0,7.3,7.3,0
13652084599,13652084600,0,,secondary_link,2,7.6,0.0,2550.0,0.0,0.6,0.6,0
13652084598,13652103602,0,Dr Babasaheb Ambedkar Road,secondary,2,23.5,0.0,2550.0,0.0,1.9,1.9,0
13652084596,13652084595,0,,secondary_link,2,7.0,0.0,2550.0,0.0,0.6,0.6,0
13652084596,13652084598,0,Dr Babasaheb Ambedkar Road,secondary,2,32.5,0.0,2550.0,0.0,2.6,2.6,0
245671799,623039962,0,Sahar Road,secondary,2,65.0,0.0,2550.0,0.0,5.2,5.2,0
13652084600,13652084599,0,,secondary_link,2,7.6,0.0,2550.0,0.0,0.6,0.6,0
13652084600,2221979683,0,Dr Babasaheb Ambedkar Road,secondary,2,60.6,0.0,2550.0,0.0,4.8,4.8,0
13652084599,13652103601,0,Dr Babasaheb Ambedkar Road,secondary,2,35.2,0.0,2550.0,0.0,2.8,2.8,0
10209609626,10209609625,0,Sardar Vallabhbhai Patel Road,secondary,2,163.8,0.0,2550.0,0.0,13.1,13.1,0
6380103543,13723183140,0,General A K Vaidya Marg,secondary,2,171.4,0.0,2550.0,0.0,13.7,13.7,0
6380103543,2236681557,0,General A K Vaidya Marg,secondary,2,27.0,0.0,2550.0,0.0,2.2,2.2,0
2224326517,2224326565,0,Swami Vivekanand Road,secondary,2,229.7,0.0,2550.0,0.0,18.4,18.4,0
10273081204,12452646831,0,Miragaon Road,secondary,2,73.0,0.0,2550.0,0.0,5.8,5.8,0
245679988,2224504049,0,,secondary,2,131.8,0.0,2550.0,0.0,10.5,10.5,0
245679988,7345380801,0,Malad Marve Road,secondary,2,13.7,0.0,2550.0,0.0,1.1,1.1,0
13652084598,13652084597,0,,secondary_link,2,6.3,0.0,2550.0,0.0,0.5,0.5,0
13652084597,13652084595,0,Dr Babasaheb Ambedkar Road,secondary,2,32.4,0.0,2550.0,0.0,2.6,2.6,0
13652084597,13652084598,0,,secondary_link,2,6.3,0.0,2550.0,0.0,0.5,0.5,0
10228066173,631497242,0,Sion Circle Flyover,trunk,3,1139.3,0.0,4845.0,0.0,102.5,102.5,0
13723183139,2233871984,0,General A K Vaidya Marg,secondary,2,125.7,0.0,2550.0,0.0,10.1,10.1,0
10168211189,10168211185,1,Lokmanya Tilak Road,secondary,2,106.8,0.0,2550.0,0.0,8.5,8.5,0
13732603779,7007093657,0,,trunk_link,3,27.9,0.0,4845.0,0.0,1.7,1.7,0
969893765,245682025,0,Kasturba Gandhi Road,secondary,2,115.7,0.0,2550.0,0.0,9.3,9.3,0
10882918283,13845998563,0,90 Feet Road,secondary,2,59.8,0.0,2550.0,0.0,4.8,4.8,0
10882918284,13845998561,0,90 Feet Road,secondary,2,68.2,0.0,2550.0,0.0,5.5,5.5,0
1184089996,13626310248,0,Krantiveer Lakhuji Salve Marg,secondary,2,186.1,0.0,2550.0,0.0,14.9,14.9,0
1936295825,7157873782,0,Jai Prakash Road,secondary,3,116.4,0.0,3825.0,0.0,9.3,9.3,0
10882918291,10882918292,0,90 Feet Road,secondary,2,70.7,0.0,2550.0,0.0,5.7,5.7,0
10882918292,6430497206,0,90 Feet Road,secondary,2,9.8,0.0,2550.0,0.0,0.8,0.8,0
10882918292,2377711294,0,Sant Rohidas Marg,primary,2,99.3,0.0,3060.0,0.0,6.5,6.5,0
1353467800,628597981,0,Boraspada Road,secondary,2,13.1,0.0,2550.0,0.0,1.0,1.0,0
10209609625,10277636668,0,Sardar Vallabhbhai Patel Road,secondary,2,115.4,0.0,2550.0,0.0,9.2,9.2,0
482296973,10274112204,0,Dayaldas Road,primary,2,319.8,0.0,3060.0,0.0,20.9,20.9,0
7397958787,2567773271,0,Balasaheb Sawant Road,secondary,2,149.9,0.0,2550.0,0.0,12.0,12.0,0
10877195128,13807899486,0,,secondary,2,332.8,0.0,2550.0,0.0,26.6,26.6,0
7370744209,884429971,0,Bhau Tatoba Toraskar Marg,primary,2,213.3,0.0,3060.0,0.0,14.0,14.0,0
7331439008,3110861693,0,Link Road,primary,2,11.2,0.0,3060.0,0.0,0.7,0.7,0
3708879264,3708879257,0,Mathuradas Vasanji Road (Andheri Kurla Road),primary,2,85.1,0.0,3060.0,0.0,5.6,5.6,0
3708879257,10653616790,0,Mathuradas Vasanji Road (Andheri Kurla Road),primary,2,362.8,0.0,3060.0,0.0,23.7,23.7,0
7331439000,9899365810,0,Link Road,primary,2,159.7,0.0,3060.0,0.0,10.5,10.5,0
588620180,652613466,0,,primary,2,13.4,0.0,3060.0,0.0,0.9,0.9,0
7345380794,10770482043,0,,secondary,2,7.9,0.0,2550.0,0.0,0.6,0.6,0
245670288,5526822375,0,I A Project Road,secondary,2,350.4,0.0,2550.0,0.0,28.0,28.0,0
12330631592,1646859183,0,Malad Marve Road,secondary,2,10.7,0.0,2550.0,0.0,0.9,0.9,0
471556494,11497379659,0,Linking Road,secondary,2,35.2,0.0,2550.0,0.0,2.8,2.8,0
12527288712,619166256,0,Kasturba Gandhi Road,primary,2,56.6,0.0,3060.0,0.0,3.7,3.7,0
12527288712,12434892774,0,,primary_link,2,9.9,0.0,3060.0,0.0,0.6,0.6,0
622002566,493240007,0,Jawaharlal Nehru Road,secondary,2,32.9,0.0,2550.0,0.0,2.6,2.6,0
3803783548,867003219,0,Swami Vivekanand Road,primary,2,109.3,0.0,3060.0,0.0,7.2,7.2,0
10613531000,9132865887,0,Jai Prakash Road,secondary,3,6.0,0.0,3825.0,0.0,0.5,0.5,0
12330631591,7388110233,0,Malad Marve Road,secondary,2,336.7,0.0,2550.0,0.0,26.9,26.9,0
3708879275,3708879264,0,Mathuradas Vasanji Road (Andheri Kurla Road),primary,2,135.4,0.0,3060.0,0.0,8.9,8.9,0
7378436379,7378436381,0,Mahatma Gandhi Road,secondary,2,163.5,0.0,2550.0,0.0,13.1,13.1,0
3708879297,12408501791,0,Maroshi Village Road,secondary,2,21.5,0.0,2550.0,0.0,1.7,1.7,0
245670344,13882918914,0,Mathuradas Vasanji Road (Andheri Kurla Road),primary,2,129.6,0.0,3060.0,0.0,8.5,8.5,0
13089014213,2249201919,0,,primary,2,275.4,0.0,3060.0,0.0,18.0,18.0,0
13089014213,13089014212,0,,primary_link,2,47.8,0.0,3060.0,0.0,3.1,3.1,0
13089014212,13089014213,0,,primary_link,2,47.8,0.0,3060.0,0.0,3.1,3.1,0
13089014212,12718160994,0,,primary,2,41.6,0.0,3060.0,0.0,2.7,2.7,0
3708879297,1199606539,0,Mathuradas Vasanji Road (Andheri Kurla Road),primary,2,66.8,0.0,3060.0,0.0,4.4,4.4,0
10277339579,10277339576,0,,secondary_link,2,36.6,0.0,2550.0,0.0,2.9,2.9,0
4675903916,1184489481,0,Mahakali Caves Road,secondary,2,751.4,0.0,2550.0,0.0,60.1,60.1,0
10277339576,245680612,0,Mahatma Gandhi Road,secondary,2,84.9,0.0,2550.0,0.0,6.8,6.8,0
6430540214,344582458,0,Sardar Vallabhbhai Patel Road,secondary,2,64.1,0.0,2550.0,0.0,5.1,5.1,0
3708879285,3708879275,0,Mathuradas Vasanji Road (Andheri Kurla Road),primary,2,212.2,0.0,3060.0,0.0,13.9,13.9,0
10277339572,7378436344,0,Mahatma Gandhi Road,secondary,2,22.9,0.0,2550.0,0.0,1.8,1.8,0
10277339572,10277339575,0,,secondary_link,2,27.2,0.0,2550.0,0.0,2.2,2.2,0
4675903916,11066364389,0,Mahakali Caves Road,secondary,2,216.9,0.0,2550.0,0.0,17.3,17.3,0
10613530999,7157873781,0,Jai Prakash Road,secondary,2,175.9,0.0,2550.0,0.0,14.1,14.1,0
884220277,884220243,0,,secondary,2,4.1,0.0,2550.0,0.0,0.3,0.3,0
884220273,884364717,0,,secondary,2,133.3,0.0,2550.0,0.0,10.7,10.7,0
7366246698,6490591813,0,Santa Cruz – Chembur Link Road,trunk,3,48.0,0.0,4845.0,0.0,2.9,2.9,0
13185481799,7394181663,0,Mahatma Gandhi Road,secondary,2,4.1,0.0,2550.0,0.0,0.3,0.3,0
10880461003,10880461000,0,,secondary,2,120.4,0.0,2550.0,0.0,9.6,9.6,0
10291159358,13437572368,0,Mahakali Caves Road,secondary,2,36.8,0.0,2550.0,0.0,2.9,2.9,0
10291159358,6494919745,0,Mahakali Caves Road,secondary,2,66.5,0.0,2550.0,0.0,5.3,5.3,0
296853816,2897024648,0,Bandra Kurla Complex Road,primary,3,27.7,0.0,4590.0,0.0,1.8,1.8,0
3803783476,1920242324,0,Swami Vivekanand Road,primary,2,163.6,0.0,3060.0,0.0,10.7,10.7,0
7366246698,622042582,0,,trunk,3,13.7,0.0,4845.0,0.0,0.8,0.8,0
884220273,884220274,0,,secondary,2,2.9,0.0,2550.0,0.0,0.2,0.2,0
10927865100,7394181670,0,Mahatma Gandhi Road,secondary,2,68.9,0.0,2550.0,0.0,5.5,5.5,0
6598705445,6598737611,0,Sahar Road,secondary,2,75.7,0.0,2550.0,0.0,6.1,6.1,0
7378436382,13658380383,0,Mahatma Gandhi Road,secondary,2,5.8,0.0,2550.0,0.0,0.5,0.5,0
7378436383,7378448185,0,Mahatma Gandhi Road,secondary,2,230.6,0.0,2550.0,0.0,18.5,18.5,0
7378436381,7378436382,0,Mahatma Gandhi Road,secondary,2,63.8,0.0,2550.0,0.0,5.1,5.1,0
472858907,2031470945,0,Mount Carmel Road,secondary,2,43.1,0.0,2550.0,0.0,3.5,3.5,0
10653548875,3217430345,0,,secondary,2,13.2,0.0,2550.0,0.0,1.1,1.1,0
13799160904,13799160903,0,,secondary_link,2,9.6,0.0,2550.0,0.0,0.8,0.8,0
13799160904,6430673825,0,,secondary,3,235.0,0.0,3825.0,0.0,18.8,18.8,0
13467861325,13467861326,0,,secondary_link,2,10.0,0.0,2550.0,0.0,0.8,0.8,0
13467861325,2224326603,0,Swami Vivekanand Road,secondary,2,78.9,0.0,2550.0,0.0,6.3,6.3,0
13467861326,10277277823,0,Swami Vivekanand Road,secondary,2,43.0,0.0,2550.0,0.0,3.4,3.4,0
13467861326,13467861325,0,,secondary_link,2,10.0,0.0,2550.0,0.0,0.8,0.8,0
884220241,884220266,0,,secondary,2,7.0,0.0,2550.0,0.0,0.6,0.6,0
884220243,11710446828,0,Maharana Pratap Marg,secondary,2,319.7,0.0,2550.0,0.0,25.6,25.6,0
884220243,884220241,0,,secondary,2,5.2,0.0,2550.0,0.0,0.4,0.4,0
10281984343,12082663781,0,Jai Prakash Road,secondary,3,39.0,0.0,3825.0,0.0,3.1,3.1,0
4328161625,1647747259,0,Sion Bandra Link Road,primary,2,54.5,0.0,3060.0,0.0,3.6,3.6,0
4328161625,8443491302,0,Sealink Road,motorway_link,2,329.1,0.0,3400.0,0.0,29.6,29.6,0
3803783521,3803783548,0,Swami Vivekanand Road,primary,2,156.8,0.0,3060.0,0.0,10.3,10.3,0
884220266,884220269,0,,secondary,2,8.4,0.0,2550.0,0.0,0.7,0.7,0
884220269,884220273,0,,secondary,2,8.4,0.0,2550.0,0.0,0.7,0.7,0
884220274,884220277,0,,secondary,2,4.1,0.0,2550.0,0.0,0.3,0.3,0
7331439052,3110861694,0,,primary,2,174.3,0.0,3060.0,0.0,11.4,11.4,0
10921238993,1185815163,0,Chincholi Bunder Road,secondary,2,63.5,0.0,2550.0,0.0,5.1,5.1,0
10921238993,13858674669,0,Chincholi Bunder Road,secondary,2,352.3,0.0,2550.0,0.0,28.2,28.2,0
7394181653,13858486372,0,Mahatma Gandhi Road,secondary,2,14.2,0.0,2550.0,0.0,1.1,1.1,0
631497242,6430607036,0,Sion Panvel Highway,trunk,4,525.0,0.0,6460.0,0.0,31.5,31.5,0
7394181657,7394181659,0,Mahatma Gandhi Road,secondary,2,63.6,0.0,2550.0,0.0,5.1,5.1,0
7394181656,7394181657,0,Mahatma Gandhi Road,secondary,2,35.4,0.0,2550.0,0.0,2.8,2.8,0
7394181656,1173894044,0,Mahatma Gandhi Road,secondary,2,34.1,0.0,2550.0,0.0,2.7,2.7,0
7394181654,13858486372,0,Mahatma Gandhi Road,secondary,2,100.0,0.0,2550.0,0.0,8.0,8.0,0
7394181654,7394181642,0,Mahatma Gandhi Road,secondary,2,34.1,0.0,2550.0,0.0,2.7,2.7,0
3708879380,6493265092,0,Mathuradas Vasanji Road (Andheri Kurla Road),primary,2,207.6,0.0,3060.0,0.0,13.6,13.6,0
7394181646,7394181645,0,Mahatma Gandhi Road,secondary,2,51.6,0.0,2550.0,0.0,4.1,4.1,0
3708879380,10653604967,0,Guru Hargovindji Road,primary,2,18.3,0.0,3060.0,0.0,1.2,1.2,0
7394181651,7394181653,0,Mahatma Gandhi Road,secondary,2,49.5,0.0,2550.0,0.0,4.0,4.0,0
3708879376,3797889277,0,Mathuradas Vasanji Road,secondary,2,546.5,0.0,2550.0,0.0,43.7,43.7,0
3708879376,10653604968,0,Guru Hargovindji Road,primary,2,19.2,0.0,3060.0,0.0,1.3,1.3,0
7394181649,10927865100,0,Mahatma Gandhi Road,secondary,2,4.8,0.0,2550.0,0.0,0.4,0.4,0
7394181645,7394181644,0,Mahatma Gandhi Road,secondary,2,53.4,0.0,2550.0,0.0,4.3,4.3,0
7394181659,7394181660,0,Mahatma Gandhi Road,secondary,2,52.1,0.0,2550.0,0.0,4.2,4.2,0
346604059,472814070,0,Western Express Highway,motorway,3,39.7,0.0,5100.0,0.0,1.8,1.8,0
346604059,346604267,0,,secondary,2,341.6,0.0,2550.0,0.0,27.3,27.3,0
6489866778,2629418467,0,Gurunanak Marg,secondary,1,71.7,0.0,1275.0,0.0,5.7,5.7,0
6489866778,6489866777,0,,secondary_link,2,3.0,0.0,2550.0,0.0,0.2,0.2,0
6489866777,6489866778,0,,secondary_link,2,3.0,0.0,2550.0,0.0,0.2,0.2,0
6489866777,13994961552,0,Gurunanak Marg,secondary,1,86.5,0.0,1275.0,0.0,6.9,6.9,0
7394181663,7394181664,0,Mahatma Gandhi Road,secondary,2,55.9,0.0,2550.0,0.0,4.5,4.5,0
7394181660,7394181661,0,Mahatma Gandhi Road,secondary,2,21.3,0.0,2550.0,0.0,1.7,1.7,0
13522436641,9410872952,0,Juhu Tara Road,secondary,2,117.1,0.0,2550.0,0.0,9.4,9.4,0
7394181662,13185481799,0,Mahatma Gandhi Road,secondary,2,43.6,0.0,2550.0,0.0,3.5,3.5,0
7394181661,7394181662,0,Mahatma Gandhi Road,secondary,2,29.9,0.0,2550.0,0.0,2.4,2.4,0
8657576484,10845925895,0,Behrambaug Road,primary,2,6.6,0.0,3060.0,0.0,0.4,0.4,0
7394181668,7394181649,0,Mahatma Gandhi Road,secondary,2,125.4,0.0,2550.0,0.0,10.0,10.0,0
7394181670,7394181672,0,Mahatma Gandhi Road,secondary,2,11.9,0.0,2550.0,0.0,1.0,1.0,0
7394181671,7394181646,0,Mahatma Gandhi Road,secondary,2,9.6,0.0,2550.0,0.0,0.8,0.8,0
1184006695,5968543484,0,Aarey Colony Road,secondary,2,68.6,0.0,2550.0,0.0,5.5,5.5,0
7394181644,7394181651,0,Mahatma Gandhi Road,secondary,2,80.9,0.0,2550.0,0.0,6.5,6.5,0
2804548109,4357358592,0,Shahid Major Kaustubh Rane flyover,trunk_link,2,244.9,0.0,3230.0,0.0,14.7,14.7,0
6430474708,13887009314,0,,secondary,2,4.9,0.0,2550.0,0.0,0.4,0.4,0
1913053670,2242610261,0,Chatrapati Shivaji Road,secondary,2,163.4,0.0,2550.0,0.0,13.1,13.1,0
13845955059,13845955060,0,90 Feet Road,secondary,2,37.6,0.0,2550.0,0.0,3.0,3.0,0
13845955059,1365949289,0,,secondary_link,2,9.3,0.0,2550.0,0.0,0.7,0.7,0
4352401905,884430034,0,Link Road,primary,2,69.5,0.0,3060.0,0.0,4.6,4.6,0
3708879345,3797889114,0,Guru Hargovindji Road,primary,2,35.7,0.0,3060.0,0.0,2.3,2.3,0
3708879341,3879392899,0,Mathuradas Vasanji Road (Andheri Kurla Road),primary,2,182.9,0.0,3060.0,0.0,12.0,12.0,0
245678572,245678584,0,Goregaon Mulund Link Road,secondary,2,158.9,0.0,2550.0,0.0,12.7,12.7,0
3708879330,3708878218,0,Mathuradas Vasanji Road (Andheri Kurla Road),primary,2,203.3,0.0,3060.0,0.0,13.3,13.3,0
2804548109,12072887608,0,Santa Cruz – Chembur Link Road,trunk,3,219.3,0.0,4845.0,0.0,13.2,13.2,0
3708879330,4340967981,0,,secondary,2,19.8,0.0,2550.0,0.0,1.6,1.6,0
14005273057,8443498442,0,BKC Connector,secondary,2,25.5,0.0,2550.0,0.0,2.6,2.6,0
2249269726,2249268415,0,,trunk_link,1,32.4,0.0,1615.0,0.0,1.9,1.9,0
2249269726,2251057084,0,,secondary,2,124.1,0.0,2550.0,0.0,9.9,9.9,0
245678558,3878492911,0,Goregaon Mulund Link Road,secondary,2,20.5,0.0,2550.0,0.0,1.6,1.6,0
4362404313,3878492894,0,Link Road,primary,2,123.7,0.0,3060.0,0.0,8.1,8.1,0
13845955060,13845955061,0,,secondary_link,2,9.1,0.0,2550.0,0.0,0.7,0.7,0
13845955060,10882918291,0,90 Feet Road,secondary,2,76.4,0.0,2550.0,0.0,6.1,6.1,0
13845955061,13845955060,0,,secondary_link,2,9.1,0.0,2550.0,0.0,0.7,0.7,0
13845955061,1365949289,0,90 Feet Road,secondary,2,38.6,0.0,2550.0,0.0,3.1,3.1,0
2841960950,1654348806,0,Mount Carmel Road,secondary,2,22.2,0.0,2550.0,0.0,1.8,1.8,0
2841960950,10685130180,0,Mehboob Kahn Chowk,secondary_link,2,20.7,0.0,2550.0,0.0,1.7,1.7,0
4352401911,3878492885,0,Link Road,primary,2,18.2,0.0,3060.0,0.0,1.2,1.2,0
12084552184,1169541074,0,Mahatma Gandhi Road,secondary,2,52.2,0.0,2550.0,0.0,4.2,4.2,0
245678584,13857139730,0,Goregaon Mulund Link Road,secondary,2,6.7,0.0,2550.0,0.0,0.5,0.5,0
3708879354,3708879346,0,Mathuradas Vasanji Road (Andheri Kurla Road),primary,2,115.9,0.0,3060.0,0.0,7.6,7.6,0
3708879346,3708879341,0,Mathuradas Vasanji Road (Andheri Kurla Road),primary,2,90.8,0.0,3060.0,0.0,5.9,5.9,0
4352401907,3878492886,0,Link Road,primary,2,14.7,0.0,3060.0,0.0,1.0,1.0,0
3708879357,6491523118,0,Guru Hargovindji Road,primary,2,120.0,0.0,3060.0,0.0,7.9,7.9,0
7394181641,13985805433,0,Mahatma Gandhi Road,secondary,2,88.4,0.0,2550.0,0.0,7.1,7.1,0
7394181642,1173894044,0,Mahatma Gandhi Road,secondary,2,22.7,0.0,2550.0,0.0,1.8,1.8,0
7394181642,7394181654,0,Mahatma Gandhi Road,secondary,2,34.1,0.0,2550.0,0.0,2.7,2.7,0
3708879372,4323064898,0,Guru Hargovindji Road,primary,2,433.7,0.0,3060.0,0.0,28.4,28.4,0
6430875931,623881673,0,Jai Prakash Road,secondary,2,26.9,0.0,2550.0,0.0,2.2,2.2,0
7378436375,7378436348,0,Mahatma Gandhi Road,secondary,2,92.0,0.0,2550.0,0.0,7.4,7.4,0
7394181672,3878492898,0,Goregaon Link Road,primary,2,8.4,0.0,3060.0,0.0,0.6,0.6,0
1647747137,6559336536,0,Sant Rohidas Marg,primary,2,132.7,0.0,3060.0,0.0,8.7,8.7,0
3389153367,11066424420,0,Jai Prakash Road,secondary,2,86.0,0.0,2550.0,0.0,6.9,6.9,0
10877132885,11649328225,0,,secondary,2,202.6,0.0,2550.0,0.0,16.2,16.2,0
10877132885,1646690963,0,Swami Vivekanand Road,secondary,2,6.2,0.0,2550.0,0.0,0.5,0.5,0
10277511253,7388123459,0,,secondary_link,2,22.3,0.0,2550.0,0.0,1.8,1.8,0
10277511253,1343017943,0,Chunilal Giridharlal Road,secondary,2,24.0,0.0,2550.0,0.0,1.9,1.9,0
13473398849,3878413323,0,Mathuradas Vasanji Road,secondary,2,146.5,0.0,2550.0,0.0,11.7,11.7,0
1647747137,245664057,0,Dharavi Depot Road,primary,2,9.0,0.0,3060.0,0.0,0.6,0.6,0
10877132886,10877132885,0,,secondary,2,11.5,0.0,2550.0,0.0,0.9,0.9,0
13473398848,623881375,0,Mathuradas Vasanji Road,secondary,2,67.6,0.0,2550.0,0.0,5.4,5.4,0
13473398847,13473398849,0,Mathuradas Vasanji Road,secondary,2,55.1,0.0,2550.0,0.0,4.4,4.4,0
10877132861,13584306188,0,,secondary,2,12.4,0.0,2550.0,0.0,1.0,1.0,0
10877132857,10877132840,0,,secondary,2,92.2,0.0,2550.0,0.0,7.4,7.4,0
10265837619,12430188034,0,,trunk_link,3,158.4,0.0,4845.0,0.0,9.5,9.5,0
10265837614,4357358592,0,Flyover,primary,2,1250.7,0.0,3060.0,0.0,81.9,81.9,0
13584203863,13584203867,0,,secondary,2,32.3,0.0,2550.0,0.0,2.6,2.6,0
10877132886,10277277844,0,Swami Vivekanand Road,secondary,2,104.1,0.0,2550.0,0.0,8.3,8.3,0
13523554740,13523554741,0,,primary_link,2,10.9,0.0,3060.0,0.0,0.7,0.7,0
13584203884,13584203894,0,R M Road,secondary,2,227.4,0.0,2550.0,0.0,18.2,18.2,0
3736985728,13681043578,0,Kasturba Gandhi Road,secondary,2,61.2,0.0,2550.0,0.0,4.9,4.9,0
11027079291,9694187775,0,Mahakali Caves Road,secondary,2,238.3,0.0,2550.0,0.0,19.1,19.1,0
13584203894,10310857472,0,R M Road,secondary,2,85.1,0.0,2550.0,0.0,6.8,6.8,0
6608887926,6204119855,0,Goregaon Link Road,primary,2,9.9,0.0,3060.0,0.0,0.6,0.6,0
1145401595,6431155719,0,Krantiveer Lakhuji Salve Marg,secondary,2,412.3,0.0,2550.0,0.0,33.0,33.0,0
13584203884,13584203881,0,,secondary_link,2,5.3,0.0,2550.0,0.0,0.4,0.4,0
13584203881,13584203873,0,,secondary_link,2,5.3,0.0,2550.0,0.0,0.4,0.4,0
13584203867,10310857481,0,,secondary,2,23.9,0.0,2550.0,0.0,1.9,1.9,0
8882200680,245664576,0,Western Express Highway,motorway,5,410.3,0.0,8500.0,0.0,18.5,18.5,0
13584203878,10310857477,0,,secondary_link,2,6.5,0.0,2550.0,0.0,0.5,0.5,0
13584203873,3793874875,0,,secondary,2,20.2,0.0,2550.0,0.0,1.6,1.6,0
13584203873,13584203888,0,,secondary_link,2,4.6,0.0,2550.0,0.0,0.4,0.4,0
1145401592,1879817825,0,,primary_link,2,30.0,0.0,3060.0,0.0,2.0,2.0,0
10877132888,3794378019,0,Chatrapati Shivaji Road,secondary,2,160.8,0.0,2550.0,0.0,12.9,12.9,0
10265837614,6552758948,0,Bandra Kurla Complex Road,primary,3,274.7,0.0,4590.0,0.0,18.0,18.0,0
1647747116,1647747115,0,Sion Bandra Link Road,primary_link,2,76.1,0.0,3060.0,0.0,5.0,5.0,0
1647747116,7416644622,0,Sion Bandra Link Road,primary,2,53.6,0.0,3060.0,0.0,3.5,3.5,0
2622177294,6435423923,0,Magan Nathuram Road,primary,2,14.2,0.0,3060.0,0.0,0.9,0.9,0
2622177307,12068066417,0,Lal Bahadur Shastri Marg,primary,2,125.7,0.0,3060.0,0.0,8.2,8.2,0
3273736210,2077290161,0,Chunabhatti Road,secondary,2,31.4,0.0,2550.0,0.0,2.5,2.5,0
3273736210,11064596200,0,Chunabhatti Road,secondary,2,48.9,0.0,2550.0,0.0,3.9,3.9,0
2622177297,11060986645,0,Lal Bahadur Shastri Marg,primary,2,131.9,0.0,3060.0,0.0,8.6,8.6,0
2622177294,2622177297,0,Lal Bahadur Shastri Marg,primary,2,183.0,0.0,3060.0,0.0,12.0,12.0,0
2622177294,13353053057,0,Magan Nathuram Road,primary,2,33.6,0.0,3060.0,0.0,2.2,2.2,0
2622177292,10770722930,0,Lal Bahadur Shastri Marg,primary,2,265.2,0.0,3060.0,0.0,17.4,17.4,0
1647747115,13947008808,0,Sion Bandra Link Road,primary,2,64.5,0.0,3060.0,0.0,4.2,4.2,0
1184489481,4675903916,0,Mahakali Caves Road,secondary,2,751.4,0.0,2550.0,0.0,60.1,60.1,0
1184489481,1879817892,0,Mahakali Caves Road,secondary,2,8.3,0.0,2550.0,0.0,0.7,0.7,0
2622177290,622060496,0,Lal Bahadur Shastri Marg,primary,2,23.3,0.0,3060.0,0.0,1.5,1.5,0
2622177290,1366009125,0,Santa Cruz – Chembur Link Road,trunk,3,10.9,0.0,4845.0,0.0,0.7,0.7,0
2622177289,2622177290,0,Lal Bahadur Shastri Marg,primary,2,26.3,0.0,3060.0,0.0,1.7,1.7,0
2622177289,12072887609,0,Santa Cruz – Chembur Link Road,trunk,2,120.3,0.0,3230.0,0.0,7.2,7.2,0
296362012,13528689956,0,Swami Vivekanand Road,primary,2,116.9,0.0,3060.0,0.0,7.7,7.7,0
2622177309,2622177318,0,Lal Bahadur Shastri Marg,primary,2,129.3,0.0,3060.0,0.0,8.5,8.5,0
296362014,347149014,0,Swami Vivekanand Road,primary,2,139.7,0.0,3060.0,0.0,9.1,9.1,0
10877132827,9869792498,0,Chatrapati Shivaji Road,secondary,2,139.5,0.0,2550.0,0.0,11.2,11.2,0
8909135902,13819263224,0,Bhoomi Park Road,secondary,2,18.0,0.0,2550.0,0.0,1.4,1.4,0
10877132833,13579955097,0,Chatrapati Shivaji Road,secondary,2,88.2,0.0,2550.0,0.0,7.1,7.1,0
8909135905,13652213005,0,Bhoomi Park Road,secondary,2,4.8,0.0,2550.0,0.0,0.4,0.4,0
2222186530,9909376358,0,Gorai Link Road,secondary,2,156.9,0.0,2550.0,0.0,12.6,12.6,0
8909135908,13786441507,0,Bhoomi Park Road,secondary,2,23.8,0.0,2550.0,0.0,1.9,1.9,0
296362019,2629418478,0,Swami Vivekanand Road,primary,2,7.5,0.0,3060.0,0.0,0.5,0.5,0
296362019,6280229504,0,Gurunanak Marg,secondary,1,32.8,0.0,1275.0,0.0,2.6,2.6,0
2622177318,619309790,0,Kale Marg,secondary,2,6.8,0.0,2550.0,0.0,0.5,0.5,0
296362023,1936355368,0,,primary_link,2,8.3,0.0,3060.0,0.0,0.5,0.5,0
296362023,245666615,0,Swami Vivekanand Road,primary,2,261.5,0.0,3060.0,0.0,17.1,17.1,0
10877132840,10877132827,0,Chatrapati Shivaji Road Underpass,secondary,2,81.2,0.0,2550.0,0.0,6.5,6.5,0
4347060266,13856961861,0,Chincholi Bunder Road,secondary,2,76.7,0.0,2550.0,0.0,6.1,6.1,0
4347060266,1185812972,0,Chincholi Bunder Road,secondary,2,23.4,0.0,2550.0,0.0,1.9,1.9,0
12393472130,245668466,0,Swami Vivekanand Road,primary,2,10.9,0.0,3060.0,0.0,0.7,0.7,0
346620035,347144010,0,Saint Sebastian Road,secondary,2,60.4,0.0,2550.0,0.0,4.8,4.8,0
4352245896,6493927744,0,Lal Bahadur Shastri Marg,primary,2,114.5,0.0,3060.0,0.0,7.5,7.5,0
1647747270,1647747278,0,Bandra Kurla Complex Road,primary,5,31.5,0.0,7650.0,0.0,2.1,2.1,0
7416594673,7416644609,0,60 Feet Road,secondary,2,9.7,0.0,2550.0,0.0,0.8,0.8,0
13523554733,7043548004,0,,primary_link,2,4.4,0.0,3060.0,0.0,0.3,0.3,0
10542391526,622002566,0,Jawaharlal Nehru Road,secondary,2,78.6,0.0,2550.0,0.0,6.3,6.3,0
10282000612,1188635570,0,Link Road,primary,2,322.5,0.0,3060.0,0.0,21.1,21.1,0
347168989,13523326214,0,Hill Road,secondary,2,33.3,0.0,2550.0,0.0,4.0,4.0,0
1361567947,10277477774,0,Datta Mandir Road,secondary,2,317.7,0.0,2550.0,0.0,25.4,25.4,0
1647747270,296857847,0,Sion Bandra Link Road,primary,2,25.4,0.0,3060.0,0.0,1.7,1.7,0
7271727286,7271727271,0,,secondary,2,9.0,0.0,2550.0,0.0,0.7,0.7,0
4352245947,6429734745,0,Lal Bahadur Shastri Marg,primary,2,94.9,0.0,3060.0,0.0,6.2,6.2,0
1647747259,1647344926,0,Sion Bandra Link Road,primary,2,137.2,0.0,3060.0,0.0,9.0,9.0,0
1375215803,13807899486,0,,secondary,2,200.2,0.0,2550.0,0.0,16.0,16.0,0
1375215803,13877484185,0,,secondary,1,687.9,0.0,1275.0,0.0,55.0,55.0,0
10921550007,9681688972,0,Hill Road,secondary,2,64.4,0.0,2550.0,0.0,7.7,7.7,0
4352245944,2246471934,0,Lal Bahadur Shastri Marg,primary,2,28.6,0.0,3060.0,0.0,1.9,1.9,0
7416594673,7416650822,0,Mahim Sion Link Road,secondary,2,118.7,0.0,2550.0,0.0,9.5,9.5,0
621273334,3803784039,0,Swami Vivekanand Road,primary,2,123.6,0.0,3060.0,0.0,8.1,8.1,0
7378436343,10277339576,0,Mahatma Gandhi Road,secondary,2,25.5,0.0,2550.0,0.0,2.0,2.0,0
7378436344,7378436342,0,Mahatma Gandhi Road,secondary,2,9.0,0.0,2550.0,0.0,0.7,0.7,0
7378436346,1188784397,0,Mahatma Gandhi Road,secondary,2,88.6,0.0,2550.0,0.0,7.1,7.1,0
10698653947,1936580349,0,,primary_link,2,8.7,0.0,3060.0,0.0,0.6,0.6,0
7378436348,7378436379,0,Mahatma Gandhi Road,secondary,2,180.8,0.0,2550.0,0.0,14.5,14.5,0
13514498300,10882715559,0,Perry Road,secondary,2,25.1,0.0,2550.0,0.0,2.0,2.0,0
12452806902,1936295825,0,Jai Prakash Road,secondary,3,197.4,0.0,3825.0,0.0,15.8,15.8,0
7378436363,7378436366,0,Mahatma Gandhi Road,secondary,2,121.8,0.0,2550.0,0.0,9.7,9.7,0
7378436366,7378436369,0,Mahatma Gandhi Road,secondary,2,125.8,0.0,2550.0,0.0,10.1,10.1,0
7378436369,13786664642,0,Mahatma Gandhi Road,secondary,2,169.2,0.0,2550.0,0.0,13.5,13.5,0
13467902226,13467902227,0,,secondary_link,2,12.5,0.0,2550.0,0.0,1.0,1.0,0
13467902226,13460030987,0,Swami Vivekanand Road,secondary,2,81.6,0.0,2550.0,0.0,6.5,6.5,0
13467902227,13467902226,0,,secondary_link,2,12.5,0.0,2550.0,0.0,1.0,1.0,0
13467902227,10277277840,0,Swami Vivekanand Road,secondary,2,116.6,0.0,2550.0,0.0,9.3,9.3,0
13523554740,245667584,0,Swami Vivekanand Road,primary,2,27.7,0.0,3060.0,0.0,1.8,1.8,0
7271727287,7271727260,0,,secondary,2,5.1,0.0,2550.0,0.0,0.4,0.4,0
4352245939,619309814,0,Lal Bahadur Shastri Marg,primary,2,341.5,0.0,3060.0,0.0,22.4,22.4,0
10279657609,7416574457,0,Marol Maroshi Village Road,secondary,2,4.7,0.0,2550.0,0.0,0.4,0.4,0
1375215761,13729961461,0,Service Road,secondary,2,200.5,0.0,2550.0,0.0,16.0,16.0,0
245670043,11066937877,0,Mathuradas Vasanji Road (Andheri Kurla Road),primary,2,73.5,0.0,3060.0,0.0,4.8,4.8,0
245670043,13795940239,0,,primary_link,2,7.9,0.0,3060.0,0.0,0.5,0.5,0
1939194010,3105782029,0,Gorai Road,secondary,2,116.9,0.0,2550.0,0.0,9.3,9.3,0
13888224699,13893259451,0,,primary_link,2,25.0,0.0,3060.0,0.0,1.6,1.6,0
7271727250,12393009513,0,,secondary,2,74.0,0.0,2550.0,0.0,5.9,5.9,0
7271727250,2233871965,0,,secondary_link,2,6.2,0.0,2550.0,0.0,0.5,0.5,0
1375215761,10877195122,0,,secondary,2,9.3,0.0,2550.0,0.0,0.7,0.7,0
4352245939,6494896736,0,,primary_link,2,13.3,0.0,3060.0,0.0,0.9,0.9,0
12330254479,4352245944,0,Lal Bahadur Shastri Marg,primary,2,26.8,0.0,3060.0,0.0,1.8,1.8,0
11052195977,5488442681,0,Sahar Road,secondary,2,12.6,0.0,2550.0,0.0,1.5,1.5,0
11482202251,2173732380,0,Carter Road,secondary,4,74.0,0.0,5100.0,0.0,5.9,5.9,0
11052195979,1920242277,0,Sahar Road,secondary,2,99.8,0.0,2550.0,0.0,8.0,8.0,0
884244616,3359112086,0,Balasaheb Devras Road,secondary,2,21.8,0.0,2550.0,0.0,1.7,1.7,0
884244617,884244616,0,Balasaheb Devras Road,secondary,2,30.2,0.0,2550.0,0.0,2.4,2.4,0
7271727261,2233871907,0,,secondary,2,24.2,0.0,2550.0,0.0,1.9,1.9,0
7271727261,7271727272,0,,secondary,2,6.0,0.0,2550.0,0.0,0.5,0.5,0
627835037,7392412417,0,M B Desai Road,secondary,2,8.5,0.0,2550.0,0.0,0.7,0.7,0
7271727260,7271727261,0,,secondary,2,6.0,0.0,2550.0,0.0,0.5,0.5,0
884244636,884253970,0,Purshottam Tondan Marg,secondary,1,143.7,0.0,1275.0,0.0,11.5,11.5,0
7271727265,7271727286,0,,secondary,2,6.4,0.0,2550.0,0.0,0.5,0.5,0
627835045,13858674669,0,Chincholi Bunder Road,secondary,2,13.1,0.0,2550.0,0.0,1.0,1.0,0
7271727270,7271727287,0,,secondary,2,10.0,0.0,2550.0,0.0,0.8,0.8,0
7271727271,7271727270,0,,secondary,2,9.0,0.0,2550.0,0.0,0.7,0.7,0
7271727272,7271727265,0,,secondary,2,8.7,0.0,2550.0,0.0,0.7,0.7,0
7271727274,7271727275,0,,secondary,2,6.7,0.0,2550.0,0.0,0.5,0.5,0
7271727275,5938773130,0,General A K Vaidya Marg,secondary,2,9.9,0.0,2550.0,0.0,0.8,0.8,0
7271727275,7271727250,0,,secondary,2,152.1,0.0,2550.0,0.0,12.2,12.2,0
1389428908,1389409137,0,General A K Vaidya Marg,secondary,2,137.6,0.0,2550.0,0.0,11.0,11.0,0
13691052205,1343017244,0,Chunilal Giridharlal Road,secondary,2,32.0,0.0,2550.0,0.0,2.6,2.6,0
4352245929,6430416810,0,Lal Bahadur Shastri Marg,primary,2,46.4,0.0,3060.0,0.0,3.0,3.0,0
1647747245,12272825787,0,Dharavi Depot Road,primary,2,563.4,0.0,3060.0,0.0,36.9,36.9,0
1184006695,619193834,0,Aarey Colony Road,secondary,2,224.5,0.0,2550.0,0.0,18.0,18.0,0
1480131114,2249202021,0,,trunk_link,3,24.8,0.0,4845.0,0.0,1.5,1.5,0
7397958785,1934779448,0,Balasaheb Sawant Road,secondary,2,88.8,0.0,2550.0,0.0,7.1,7.1,0
11043685304,1184070632,0,Maroshi Village Road,secondary,2,18.8,0.0,2550.0,0.0,1.5,1.5,0
1936499662,621284871,0,Behrambaug Road,primary,2,9.1,0.0,3060.0,0.0,0.6,0.6,0
13588833224,13947151153,0,Sant Rohidas Marg,primary,2,39.7,0.0,3060.0,0.0,2.6,2.6,0
4233126850,245682764,0,Laxman Mhatre Road,secondary,2,164.6,0.0,2550.0,0.0,13.2,13.2,0
629023678,13579955084,0,R M Road,secondary,2,38.8,0.0,2550.0,0.0,3.1,3.1,0
629023678,9869792498,0,R M Road,secondary,2,9.9,0.0,2550.0,0.0,0.8,0.8,0
629023678,13579955082,0,Chatrapati Shivaji Road,secondary,2,59.1,0.0,2550.0,0.0,4.7,4.7,0
11043685304,1184070629,0,Maroshi Village Road,secondary,2,24.5,0.0,2550.0,0.0,2.0,2.0,0
6602367954,1511531476,0,,primary,2,85.1,0.0,3060.0,0.0,5.6,5.6,0
2236679093,7358417238,0,Maroshi Village Road,secondary,2,58.2,0.0,2550.0,0.0,4.7,4.7,0
1188635570,7379784929,0,Link Road,primary,2,84.4,0.0,3060.0,0.0,5.5,5.5,0
13503275934,13523554737,0,Swami Vivekanand Road,primary,2,58.4,0.0,3060.0,0.0,3.8,3.8,0
627835805,10277511253,0,Chunilal Giridharlal Road,secondary,2,32.9,0.0,2550.0,0.0,2.6,2.6,0
11924652958,867276601,0,Kamalakar Pant Walawalkar Marg,primary,2,6.2,0.0,3060.0,0.0,0.4,0.4,0
1936294814,2909184653,0,Jai Prakash Road,secondary,2,61.1,0.0,2550.0,0.0,4.9,4.9,0
622060496,4357358612,0,Lal Bahadur Shastri Marg,primary,2,59.7,0.0,3060.0,0.0,3.9,3.9,0
1511531476,2249268702,0,,primary,2,50.4,0.0,3060.0,0.0,3.3,3.3,0
10273014620,593054810,0,Bandra Worli Sea Link Flyover,motorway,3,389.8,0.0,5100.0,0.0,11.7,11.7,0
627835897,1343017943,0,,secondary_link,2,29.4,0.0,2550.0,0.0,2.4,2.4,0
3878413310,3878413307,0,Mathuradas Vasanji Road,secondary,2,104.4,0.0,2550.0,0.0,8.3,8.3,0
3803784190,10173255201,0,,secondary,2,180.3,0.0,2550.0,0.0,14.4,14.4,0
3803784190,7238785641,0,,secondary,2,101.2,0.0,2550.0,0.0,8.1,8.1,0
3878413305,10277913370,0,Mathuradas Vasanji Road,secondary,2,14.0,0.0,2550.0,0.0,1.1,1.1,0
3878413307,3878413306,0,Mathuradas Vasanji Road,secondary,2,37.9,0.0,2550.0,0.0,3.0,3.0,0
3878413306,5936572235,0,Mathuradas Vasanji Road,secondary,2,21.8,0.0,2550.0,0.0,1.7,1.7,0
4352377833,884220241,0,Maharana Pratap Marg,secondary,2,314.8,0.0,2550.0,0.0,25.2,25.2,0
1511531477,2249201946,0,,primary,2,43.1,0.0,3060.0,0.0,2.8,2.8,0
4352377833,11710446828,0,,secondary_link,2,8.3,0.0,2550.0,0.0,0.7,0.7,0
4352377832,4352377833,0,Maharana Pratap Marg,secondary,2,107.2,0.0,2550.0,0.0,8.6,8.6,0
4352377830,6609512367,0,Maharana Pratap Marg,secondary,2,79.6,0.0,2550.0,0.0,6.4,6.4,0
4352377830,884254033,0,Main Road,secondary,2,7.4,0.0,2550.0,0.0,0.6,0.6,0
1920246745,245675024,0,Achutrao Pawardhan Marg,secondary,2,92.4,0.0,2550.0,0.0,7.4,7.4,0
13519774681,8589101237,0,Chitrakar Dhurandar Road,secondary,2,71.7,0.0,2550.0,0.0,5.7,5.7,0
10882768316,619227611,0,L K Mehta Marg,secondary,2,122.7,0.0,2550.0,0.0,9.8,9.8,0
10882768316,10882768315,0,,secondary_link,2,17.6,0.0,2550.0,0.0,1.4,1.4,0
7007093657,13732603779,0,,trunk_link,3,27.9,0.0,4845.0,0.0,1.7,1.7,0
1344357227,6428781759,0,,secondary,2,8.9,0.0,2550.0,0.0,0.7,0.7,0
1936499559,969803897,0,,secondary,2,8.8,0.0,2550.0,0.0,0.7,0.7,0
13523657583,13523657582,0,,primary_link,2,7.5,0.0,3060.0,0.0,0.5,0.5,0
13523657582,6430444807,0,Swami Vivekanand Road,primary,2,76.8,0.0,3060.0,0.0,5.0,5.0,0
13523657582,13523657583,0,,primary_link,2,7.5,0.0,3060.0,0.0,0.5,0.5,0
1936499564,296853248,0,Ceasar Road,secondary,2,9.7,0.0,2550.0,0.0,0.8,0.8,0
1344357227,245671666,0,Sahar Road,secondary,2,145.8,0.0,2550.0,0.0,11.7,11.7,0
7389365094,969893765,0,Kasturba Gandhi Road,secondary,2,5.7,0.0,2550.0,0.0,0.5,0.5,0
10882768315,13852795719,0,L K Mehta Marg,secondary,2,33.5,0.0,2550.0,0.0,2.7,2.7,0
3803784039,9201441656,0,Swami Vivekanand Road,primary,2,108.2,0.0,3060.0,0.0,7.1,7.1,0
10264617831,6552380193,0,,secondary_link,2,30.3,0.0,2550.0,0.0,2.4,2.4,0
10264617831,6552380192,0,V K Krishna Marg,secondary,2,15.3,0.0,2550.0,0.0,1.2,1.2,0
9859474278,9681688997,0,Hill Road,secondary,2,42.1,0.0,2550.0,0.0,5.0,5.0,0
7043548004,296362023,0,Swami Vivekanand Road,primary,2,109.4,0.0,3060.0,0.0,7.2,7.2,0
7043548004,13523554733,0,,primary_link,2,4.4,0.0,3060.0,0.0,0.3,0.3,0
1936499559,2233648520,0,,secondary,2,87.3,0.0,2550.0,0.0,7.0,7.0,0
10264617837,10653552916,0,V K Krishna Marg,secondary,2,22.4,0.0,2550.0,0.0,1.8,1.8,0
1936499572,1936580506,0,Swami Vivekanand Road,primary,2,89.5,0.0,3060.0,0.0,5.9,5.9,0
13689201525,13689201526,0,,primary_link,2,15.6,0.0,3060.0,0.0,1.0,1.0,0
13689201525,13980250394,0,,primary,2,58.6,0.0,3060.0,0.0,3.8,3.8,0
13689201526,13689201525,0,,primary_link,2,15.6,0.0,3060.0,0.0,1.0,1.0,0
13689201526,12014245217,0,Padmabushan Vasantdada Patil Marg,primary,2,489.1,0.0,3060.0,0.0,32.0,32.0,0
2244797303,245666879,0,Swami Vivekanand Road,primary,2,135.7,0.0,3060.0,0.0,8.9,8.9,0
3803784055,969803862,0,R K Paramhans / Old Nagardas Road,secondary,2,63.2,0.0,2550.0,0.0,5.1,5.1,0
3803784055,969803883,0,R K Paramhans / Old Nagardas Road,secondary,2,40.8,0.0,2550.0,0.0,3.3,3.3,0
10770482043,7345377678,0,,secondary,2,31.8,0.0,2550.0,0.0,2.5,2.5,0
2249163647,3794378368,0,,secondary,2,218.0,0.0,2550.0,0.0,17.4,17.4,0
13353026439,6497126509,0,Lal Bahadur Shastri Marg,primary,2,12.6,0.0,3060.0,0.0,0.8,0.8,0
2189443978,10277590759,0,Ceasar Road,secondary,2,10.0,0.0,2550.0,0.0,0.8,0.8,0
9985704844,11919771280,0,Western Express Highway,trunk,3,312.6,0.0,4845.0,0.0,18.8,18.8,0
13503275918,13503275934,0,Swami Vivekanand Road,primary,2,7.4,0.0,3060.0,0.0,0.5,0.5,0
10882768315,10882768316,0,,secondary_link,2,17.6,0.0,2550.0,0.0,1.4,1.4,0
3803784186,296864887,0,New Nagardas Road,secondary,2,141.4,0.0,2550.0,0.0,11.3,11.3,0
7416644609,11955399699,0,,secondary,2,10.6,0.0,2550.0,0.0,0.9,0.9,0
4357358592,1647285790,0,Shahid Major Kaustubh Rane flyover,trunk,2,377.3,0.0,3230.0,0.0,13.6,13.6,0
7398089783,7398089778,0,Saint Louis Convent Marg,secondary,2,205.2,0.0,2550.0,0.0,16.4,16.4,0
245670987,10026289247,0,V K Krishna Marg,secondary,2,12.6,0.0,2550.0,0.0,1.0,1.0,0
2249163846,9985704844,0,Western Express Highway,trunk,3,1387.7,0.0,4845.0,0.0,83.3,83.3,0
1936499782,1194136043,0,,secondary_link,2,36.5,0.0,2550.0,0.0,2.9,2.9,0
13437559868,1646746610,0,Swami Vivekanand Road,primary,2,7.7,0.0,3060.0,0.0,0.5,0.5,0
346604601,10273014620,0,Western Freeway,motorway,3,848.2,0.0,5100.0,0.0,25.4,25.4,0
1934779448,3979250638,0,Balasaheb Sawant Road,secondary,2,65.5,0.0,2550.0,0.0,5.2,5.2,0
346604594,346604601,0,,motorway_link,3,221.8,0.0,5100.0,0.0,10.0,10.0,0
245670953,245670933,0,Dadabhai Road,secondary,2,106.4,0.0,2550.0,0.0,8.5,8.5,0
346604594,472814070,0,,secondary,2,372.6,0.0,2550.0,0.0,29.8,29.8,0
7398089778,7398089775,0,Saint Louis Convent Marg,secondary,2,201.4,0.0,2550.0,0.0,16.1,16.1,0
13474169905,10576000694,0,,primary_link,2,70.6,0.0,3060.0,0.0,4.6,4.6,0
13474169905,864905396,0,Gulmohar Road,primary,2,71.5,0.0,3060.0,0.0,6.4,6.4,0
7398089775,4357151498,0,Balasaheb Sawant Road,secondary,2,159.6,0.0,2550.0,0.0,12.8,12.8,0
7398089775,7398098987,0,St Louis Convent Road,secondary,2,10.0,0.0,2550.0,0.0,0.8,0.8,0
2244797516,3308366231,0,Lal Bahadur Shastri Marg,primary,2,200.3,0.0,3060.0,0.0,13.1,13.1,0
619185234,6380173915,0,General A K Vaidya Marg,secondary,2,87.1,0.0,2550.0,0.0,7.0,7.0,0
2242610261,4362592162,0,Chatrapati Shivaji Road,secondary,2,205.5,0.0,2550.0,0.0,16.4,16.4,0
7826711644,7377644655,0,Gorai Link Road,secondary,2,111.6,0.0,2550.0,0.0,8.9,8.9,0
7826711645,7826711651,0,Gorai Link Road,secondary,2,28.3,0.0,2550.0,0.0,2.3,2.3,0
2242610270,7370668860,0,Chatrapati Shivaji Road,secondary,2,53.1,0.0,2550.0,0.0,4.2,4.2,0
11649328225,11068920191,0,,secondary,2,45.0,0.0,2550.0,0.0,3.6,3.6,0
7826711651,2221979848,0,Gorai Link Road,secondary,2,29.4,0.0,2550.0,0.0,2.4,2.4,0
7826711652,7826711644,0,Gorai Link Road,secondary,2,28.6,0.0,2550.0,0.0,2.3,2.3,0
10878501990,2629418497,0,Linking Road,secondary,2,75.3,0.0,2550.0,0.0,6.0,6.0,0
10878501991,2629418495,0,Linking Road,secondary,2,22.9,0.0,2550.0,0.0,1.8,1.8,0
1934779498,1934768200,0,Balasaheb Sawant Road,secondary,2,31.2,0.0,2550.0,0.0,2.5,2.5,0
2382029937,245663884,0,Sion Bandra Link Road,primary,2,79.0,0.0,3060.0,0.0,5.2,5.2,0
245671026,13598885120,0,Guru Nanak Road,secondary,2,164.8,0.0,2550.0,0.0,13.2,13.2,0
1361585270,1361563423,0,Link Road,primary,2,84.7,0.0,3060.0,0.0,5.5,5.5,0
245671031,10277909618,0,,secondary,2,163.5,0.0,2550.0,0.0,13.1,13.1,0
6380225662,13382833995,0,Mathuradas Vasanji Road,secondary,2,250.8,0.0,2550.0,0.0,20.1,20.1,0
11242800174,245664866,0,Sion Panvel Highway,trunk,4,67.8,0.0,6460.0,0.0,4.1,4.1,0
8711234598,7388123457,0,Chunilal Giridharlal Road,secondary,2,63.0,0.0,2550.0,0.0,5.0,5.0,0
4357358592,13479795775,0,SCLR - LBS Marg Connector,primary,1,274.8,0.0,1530.0,0.0,18.0,18.0,0
7416644622,245663848,0,Sion Bandra Link Road,primary,2,14.6,0.0,3060.0,0.0,1.0,1.0,0
4357358612,4357358608,0,Lal Bahadur Shastri Marg,primary,2,59.3,0.0,3060.0,0.0,3.9,3.9,0
7416644625,7416644624,0,60 Feet Road,secondary,2,55.1,0.0,2550.0,0.0,4.4,4.4,0
7416644625,245663968,0,,primary_link,2,77.3,0.0,3060.0,0.0,5.1,5.1,0
4357358608,13479795775,0,Lal Bahadur Shastri Marg,primary,2,30.1,0.0,3060.0,0.0,2.0,2.0,0
3878413328,13473398847,0,Mathuradas Vasanji Road,secondary,2,16.1,0.0,2550.0,0.0,1.3,1.3,0
7416644622,1647747115,0,,primary,2,53.5,0.0,3060.0,0.0,3.5,3.5,0
3878413323,2242610364,0,Mathuradas Vasanji Road,secondary,2,102.7,0.0,2550.0,0.0,8.2,8.2,0
12343305254,864940624,0,Gulmohar Road,primary,2,65.9,0.0,3060.0,0.0,4.3,4.3,0
2244797448,471554800,0,Swami Vivekanand Road,primary,2,229.6,0.0,3060.0,0.0,15.0,15.0,0
3878413321,3878413320,0,Mathuradas Vasanji Road,secondary,2,149.4,0.0,2550.0,0.0,12.0,12.0,0
3878413320,3878413319,0,Mathuradas Vasanji Road,secondary,2,40.6,0.0,2550.0,0.0,3.2,3.2,0
3878413319,3878413316,0,Mathuradas Vasanji Road,secondary,2,61.0,0.0,2550.0,0.0,4.9,4.9,0
3878413316,4686238311,0,Mathuradas Vasanji Road,secondary,2,90.0,0.0,2550.0,0.0,7.2,7.2,0
1936499715,13870621502,0,Ram Mandir Road,secondary,2,21.8,0.0,2550.0,0.0,1.7,1.7,0
348120084,10028699562,0,Juhu Tara Road,secondary,2,1167.5,0.0,2550.0,0.0,93.4,93.4,0
7416644624,7416644622,0,,primary,2,15.7,0.0,3060.0,0.0,1.0,1.0,0
7416644624,245663968,0,Sion Bandra Link Road,primary,2,52.2,0.0,3060.0,0.0,3.4,3.4,0
245670933,10923936105,0,Dadabhai Road,secondary,2,158.7,0.0,2550.0,0.0,12.7,12.7,0
10882696217,13537225637,0,Danda Boulevard,secondary,2,47.6,0.0,2550.0,0.0,3.8,3.8,0
11057906714,9681689002,0,Hill Road,secondary,2,61.5,0.0,2550.0,0.0,7.4,7.4,0
10882696219,13519774681,0,Chitrakar Dhurandar Road,secondary,2,51.4,0.0,2550.0,0.0,4.1,4.1,0
1936499738,11476100456,0,,secondary,2,6.6,0.0,2550.0,0.0,0.5,0.5,0
13919216486,1392429440,0,Swami Vivekanand Road,primary,2,12.3,0.0,3060.0,0.0,0.8,0.8,0
3878413343,623040015,0,R K Paramhans / Old Nagardas Road,secondary,2,16.2,0.0,2550.0,0.0,1.3,1.3,0
3878413343,969803864,0,R K Paramhans / Old Nagardas Road,secondary,2,79.4,0.0,2550.0,0.0,6.4,6.4,0
3878413343,13638265004,0,Mathuradas Vasanji Road,secondary,2,101.2,0.0,2550.0,0.0,8.1,8.1,0
3878413345,3878413343,0,Mathuradas Vasanji Road,secondary,2,13.2,0.0,2550.0,0.0,1.1,1.1,0
3878413345,623040016,0,Mathuradas Vasanji Road,secondary,2,105.6,0.0,2550.0,0.0,8.4,8.4,0
1934779427,623217288,0,Kamalakar Pant Walawalkar Marg,primary,2,11.3,0.0,3060.0,0.0,0.7,0.7,0
1934779427,9969180380,0,Balasaheb Sawant Road,secondary,2,176.9,0.0,2550.0,0.0,14.2,14.2,0
3878413346,10098735779,0,New Nagardas Road,secondary,2,103.0,0.0,2550.0,0.0,8.2,8.2,0
1365949516,13736729653,0,Sant Rohidas Marg,primary,2,42.3,0.0,3060.0,0.0,2.8,2.8,0
10273014620,2250795693,0,,motorway_link,3,36.2,0.0,5100.0,0.0,1.6,1.6,0
2958524971,2958524972,0,Chunilal Giridharlal Road,secondary,2,18.3,0.0,2550.0,0.0,1.5,1.5,0
1646690963,3794378018,0,Swami Vivekanand Road,secondary,2,70.0,0.0,2550.0,0.0,5.6,5.6,0
1646690976,3791183342,0,Link Road,primary,2,315.2,0.0,3060.0,0.0,20.6,20.6,0
1640972957,13519301031,0,Mahim Causeway,primary,2,94.0,0.0,3060.0,0.0,6.2,6.2,0
2249163422,2249163487,0,Service Road,secondary,2,199.3,0.0,2550.0,0.0,15.9,15.9,0
1646690973,2250676354,0,Suhasini Pawaskar Road,trunk_link,1,15.7,0.0,1615.0,0.0,0.9,0.9,0
1174192794,7394181656,0,Mahatma Gandhi Road,secondary,2,34.9,0.0,2550.0,0.0,2.8,2.8,0
1646690963,10277277846,0,Chatrapati Shivaji Road,secondary,2,11.5,0.0,2550.0,0.0,0.9,0.9,0
2629436047,5639804517,0,Sion Bandra Link Road,primary,2,64.2,0.0,3060.0,0.0,4.2,4.2,0
2629436075,1646746657,0,,primary_link,2,9.4,0.0,3060.0,0.0,0.6,0.6,0
2629436046,2629418452,0,Dharavi Depot Road,primary,2,175.7,0.0,3060.0,0.0,11.5,11.5,0
2909184653,4696720955,0,Jai Prakash Road,secondary,2,144.5,0.0,2550.0,0.0,11.6,11.6,0
2629436042,6491549420,0,Lal Bahadur Shastri Marg,primary,2,30.7,0.0,3060.0,0.0,2.0,2.0,0
10274112137,10274112136,0,Dadabhai Road,secondary,2,9.9,0.0,2550.0,0.0,0.8,0.8,0
10274112136,13985470041,0,Captain Vinayak Gore Flyover,secondary,2,331.7,0.0,2550.0,0.0,26.5,26.5,0
10274112136,245670953,0,Dadabhai Road,secondary,2,10.6,0.0,2550.0,0.0,0.9,0.9,0
628998823,2222709690,0,RDP Road No 5,secondary,2,70.5,0.0,2550.0,0.0,6.3,6.3,0
4674355887,1936294814,0,Jai Prakash Road,secondary,2,25.1,0.0,2550.0,0.0,2.0,2.0,0
622060376,6494817881,0,Santa Cruz – Chembur Link Road,trunk,3,71.8,0.0,4845.0,0.0,4.3,4.3,0
296354498,296354479,0,Vaikunthlal Mehta Road,secondary_link,2,56.6,0.0,2550.0,0.0,4.5,4.5,0
347194070,6429718915,0,Linking Road,secondary,2,144.2,0.0,2550.0,0.0,11.5,11.5,0
347194068,9979171948,0,Linking Road,secondary,2,33.2,0.0,2550.0,0.0,2.7,2.7,0
6493430478,621244017,0,Sant Gadge Maharaj Marg,primary,3,439.0,0.0,4590.0,0.0,28.7,28.7,0
347169478,11482202251,0,Carter Road,secondary,4,291.7,0.0,5100.0,0.0,23.3,23.3,0
296354499,3663657595,0,Swami Vivekanand Road,primary,2,12.2,0.0,3060.0,0.0,0.8,0.8,0
296354499,296354479,0,Vaikunthlal Mheta Road,secondary,2,28.6,0.0,2550.0,0.0,2.3,2.3,0
296354498,296354499,0,Swami Vivekanand Road,primary,2,40.2,0.0,3060.0,0.0,2.6,2.6,0
296354479,13984947792,0,Vaikunthlal Mehta Road,secondary,2,24.1,0.0,2550.0,0.0,1.9,1.9,0
471589564,10882715558,0,Gurunanak Marg,secondary,1,120.0,0.0,1275.0,0.0,9.6,9.6,0
10880492220,4233126850,0,Laxman Mhatre Road,secondary,2,24.9,0.0,2550.0,0.0,2.0,2.0,0
1174192826,1174272954,0,Mahatma Gandhi Road,secondary,2,31.0,0.0,2550.0,0.0,2.5,2.5,0
10880492216,11064832387,0,Laxman Mhatre Road,secondary,2,19.3,0.0,2550.0,0.0,1.5,1.5,0
10880492213,4233167591,0,Laxman Mhatre Road,secondary,2,131.0,0.0,2550.0,0.0,10.5,10.5,0
5126333103,629021717,0,Mahatma Gandhi Road,secondary,2,71.5,0.0,2550.0,0.0,5.7,5.7,0
10274112134,10274112132,0,Dadabhai Road,secondary,2,226.4,0.0,2550.0,0.0,18.1,18.1,0
10274112132,10274112137,0,Dadabhai Road,secondary,2,107.7,0.0,2550.0,0.0,8.6,8.6,0
1174192767,4357109779,0,Mahatma Gandhi Road,secondary,2,83.4,0.0,2550.0,0.0,6.7,6.7,0
13797636933,8711322730,0,N S Mankikar Marg,secondary,2,81.6,0.0,2550.0,0.0,6.5,6.5,0
10925572671,13852416643,0,Datta Mandir Road,secondary,2,311.5,0.0,2550.0,0.0,24.9,24.9,0
7391552060,7378436363,0,Mahatma Gandhi Road,secondary,2,57.3,0.0,2550.0,0.0,4.6,4.6,0
13797636934,10882945923,0,,secondary,2,46.8,0.0,2550.0,0.0,3.7,3.7,0
13797636934,13797636933,0,,secondary_link,2,10.9,0.0,2550.0,0.0,0.9,0.9,0
12071395897,6495023334,0,Chunabhatti Road,secondary,2,34.9,0.0,2550.0,0.0,2.8,2.8,0
12071395897,2077290161,0,Chunabhatti Road,secondary,2,9.0,0.0,2550.0,0.0,0.7,0.7,0
13797636933,13797636934,0,,secondary_link,2,10.9,0.0,2550.0,0.0,0.9,0.9,0
628998774,2221887953,0,Gorai Link Road,secondary,2,71.1,0.0,2550.0,0.0,5.7,5.7,0
12325306929,245671277,0,V K Krishna Marg,secondary,2,360.7,0.0,2550.0,0.0,28.9,28.9,0
12325306928,13747643734,0,V K Krishna Marg,secondary,2,82.1,0.0,2550.0,0.0,6.6,6.6,0
13522436650,9410872950,0,Juhu Tara Road,secondary,2,90.6,0.0,2550.0,0.0,7.2,7.2,0
13522436650,245669284,0,,secondary_link,2,9.2,0.0,2550.0,0.0,0.7,0.7,0
10942284330,10882945925,0,N S Mankikar Marg,secondary,2,99.4,0.0,2550.0,0.0,8.0,8.0,0
2958524972,13691052205,0,Chunilal Giridharlal Road,secondary,2,17.7,0.0,2550.0,0.0,1.4,1.4,0
4362576452,296362012,0,Swami Vivekanand Road,primary,2,132.4,0.0,3060.0,0.0,8.7,8.7,0
12330279493,630298099,0,Sher-e-Punjab road,secondary,2,5.5,0.0,2550.0,0.0,0.4,0.4,0
10925572677,10277477773,0,Datta Mandir Road,secondary,2,25.3,0.0,2550.0,0.0,2.0,2.0,0
13797636938,13797636940,0,N S Mankikar Marg,secondary,2,39.0,0.0,2550.0,0.0,3.1,3.1,0
13797636938,13797636939,0,,secondary_link,2,9.2,0.0,2550.0,0.0,0.7,0.7,0
13797636939,11070903959,0,,secondary,2,65.7,0.0,2550.0,0.0,5.3,5.3,0
13797636939,13797636938,0,,secondary_link,2,9.2,0.0,2550.0,0.0,0.7,0.7,0
10093838939,13778926638,0,Malad Marve Road,secondary,2,42.4,0.0,2550.0,0.0,3.4,3.4,0
13510287966,245675138,0,Main Road,secondary,2,10.9,0.0,2550.0,0.0,0.9,0.9,0
13510287966,4357109784,0,Balasaheb Devras Road,secondary,2,151.5,0.0,2550.0,0.0,12.1,12.1,0
6494896736,4352245939,0,,primary_link,2,13.3,0.0,3060.0,0.0,0.9,0.9,0
6494896736,4352245947,0,Lal Bahadur Shastri Marg,primary,2,259.5,0.0,3060.0,0.0,17.0,17.0,0
6133891680,10595428376,0,Sion Bandra Link Road,motorway_link,1,123.0,0.0,1700.0,0.0,5.5,5.5,0
2128594748,13522436650,0,Juhu Tara Road,secondary,2,150.4,0.0,2550.0,0.0,12.0,12.0,0
2249163368,13947125474,1,Western Express Highway,trunk,3,247.9,0.0,4845.0,0.0,14.9,14.9,0
3803783788,1375251720,0,Sahar Road,secondary,2,63.5,0.0,2550.0,0.0,5.1,5.1,0
628998774,7345415530,0,Gorai Road,secondary,2,10.2,0.0,2550.0,0.0,0.8,0.8,0
623223512,13130856586,0,Vaikunthlal Mehta Road,secondary,2,10.1,0.0,2550.0,0.0,0.8,0.8,0
2249163481,13037017870,0,Western Express Highway,trunk,3,18.5,0.0,4845.0,0.0,1.1,1.1,0
2249163487,2249163520,0,Service Road,secondary,2,89.6,0.0,2550.0,0.0,7.2,7.2,0
13947151153,245664037,0,Sant Rohidas Marg,primary,2,73.1,0.0,3060.0,0.0,4.8,4.8,0
13652312885,628597978,0,Boraspada Road,secondary,2,161.5,0.0,2550.0,0.0,12.9,12.9,0
13652312885,13652312884,0,,secondary_link,2,11.7,0.0,2550.0,0.0,0.9,0.9,0
12406104884,12406104883,0,,trunk_link,3,28.2,0.0,4845.0,0.0,1.7,1.7,0
12406104883,10384248274,0,Santa Cruz – Chembur Link Road,trunk,3,258.5,0.0,4845.0,0.0,15.5,15.5,0
13947151154,13947151153,0,,primary_link,2,12.3,0.0,3060.0,0.0,0.8,0.8,0
13947151154,6557556695,0,Sant Rohidas Marg,primary,2,48.5,0.0,3060.0,0.0,3.2,3.2,0
13947151153,13947151154,0,,primary_link,2,12.3,0.0,3060.0,0.0,0.8,0.8,0
11023557408,13847736883,0,60 Feet Road,secondary,2,234.2,0.0,2550.0,0.0,18.7,18.7,0
13947151152,7372036720,0,Sion Bandra Link Road,primary,2,276.9,0.0,3060.0,0.0,18.1,18.1,0
13947151152,2381984473,0,,primary_link,2,8.5,0.0,3060.0,0.0,0.6,0.6,0
6552380198,10264617834,0,,secondary_link,2,42.2,0.0,2550.0,0.0,3.4,3.4,0
6552380198,6428843059,0,I A Project Road,secondary,2,33.1,0.0,2550.0,0.0,2.6,2.6,0
6552380191,12296084706,0,V K Krishna Marg,secondary,2,176.3,0.0,2550.0,0.0,14.1,14.1,0
471581476,10882727463,0,,secondary_link,2,6.6,0.0,2550.0,0.0,0.8,0.8,0
12406104882,10772904746,0,Flyover,trunk,3,1475.1,0.0,4845.0,0.0,106.2,106.2,0
13652312884,13652312885,0,,secondary_link,2,11.7,0.0,2550.0,0.0,0.9,0.9,0
13652312884,13651615237,0,Boraspada Road,secondary,2,74.6,0.0,2550.0,0.0,6.0,6.0,0
12333581106,10882674722,0,Maroshi Village Road,secondary,2,110.8,0.0,2550.0,0.0,8.9,8.9,0
2249163570,7357634710,0,Western Express Highway,trunk,3,23.3,0.0,4845.0,0.0,1.4,1.4,0
2249163570,2249163578,0,,secondary,2,13.8,0.0,2550.0,0.0,1.1,1.1,0
2249163578,7357634711,0,Service Road,secondary,2,12.9,0.0,2550.0,0.0,1.0,1.0,0
2249163578,13840721725,0,Miragaon Road,secondary,2,16.7,0.0,2550.0,0.0,1.3,1.3,0
12333581107,2244962429,0,Maroshi Village Road,secondary,2,10.3,0.0,2550.0,0.0,0.8,0.8,0
12084454212,9469495781,0,Avenue 3: Lane 3,secondary,2,9.2,0.0,2550.0,0.0,0.7,0.7,0
245678918,2233651462,0,Chincholi Bunder Road,secondary,2,10.5,0.0,2550.0,0.0,0.8,0.8,0
245678918,6204119841,0,Chincholi Bunder Road,secondary,2,16.0,0.0,2550.0,0.0,1.3,1.3,0
13852795719,13852795720,0,,secondary_link,2,11.6,0.0,2550.0,0.0,0.9,0.9,0
13852795719,10882702403,0,L K Mehta Marg,secondary,2,73.5,0.0,2550.0,0.0,5.9,5.9,0
13852795720,13852795719,0,,secondary_link,2,11.6,0.0,2550.0,0.0,0.9,0.9,0
13852795720,10882768316,0,L K Mehta Marg,secondary,2,30.8,0.0,2550.0,0.0,2.5,2.5,0
2249163603,3794378233,0,,secondary,2,189.1,0.0,2550.0,0.0,15.1,15.1,0
471581476,13520933670,0,Manuel Gonsalves Road,secondary,2,118.3,0.0,2550.0,0.0,14.2,14.2,0
11023557408,7416594673,0,Mahim Sion Link Road,secondary,2,10.6,0.0,2550.0,0.0,0.9,0.9,0
13795320547,2246473232,0,Mathuradas Vasanji Road (Andheri Kurla Road),primary,2,16.5,0.0,3060.0,0.0,1.1,1.1,0
4233167601,6618295251,0,Link Road,primary,2,26.9,0.0,3060.0,0.0,1.8,1.8,0
4233167615,7331456326,0,Link Road,primary,2,29.0,0.0,3060.0,0.0,1.9,1.9,0
12295856894,6602738091,0,Balasaheb Sawant Road,secondary,2,135.9,0.0,2550.0,0.0,10.9,10.9,0
11023557370,245663708,0,SL Raheja Hospital Marg,secondary,2,221.3,0.0,2550.0,0.0,17.7,17.7,0
7392412407,627837248,0,,secondary_link,2,39.6,0.0,2550.0,0.0,3.2,3.2,0
4233167606,7331456327,0,Link Road,primary,2,51.1,0.0,3060.0,0.0,3.3,3.3,0
1188807414,627838403,0,Chakravarty Ashok Road,secondary,2,39.5,0.0,2550.0,0.0,3.2,3.2,0
4233167598,4233167601,0,Link Road,primary,2,20.5,0.0,3060.0,0.0,1.3,1.3,0
6552380193,4014863218,0,,secondary,2,356.6,0.0,2550.0,0.0,28.5,28.5,0
346604267,346605046,0,,secondary,2,146.9,0.0,2550.0,0.0,11.8,11.8,0
12926034666,347176149,0,Linking Road,secondary,2,182.9,0.0,2550.0,0.0,14.6,14.6,0
12926034666,12926034665,0,,secondary_link,2,19.9,0.0,2550.0,0.0,1.6,1.6,0
12926034665,12926034666,0,,secondary_link,2,19.9,0.0,2550.0,0.0,1.6,1.6,0
4233167591,6469836222,0,Laxman Mhatre Road,secondary,2,11.6,0.0,2550.0,0.0,0.9,0.9,0
13795320547,11066485725,0,Mathuradas Vasanji Road (Andheri Kurla Road),primary,2,45.9,0.0,3060.0,0.0,3.0,3.0,0
11023557375,11023557370,0,SL Raheja Hospital Marg,secondary,2,11.2,0.0,2550.0,0.0,0.9,0.9,0
7392412417,627837248,0,M B Desai Road,secondary,2,20.7,0.0,2550.0,0.0,1.7,1.7,0
2249163520,2249163539,0,Service Road,secondary,2,141.0,0.0,2550.0,0.0,11.3,11.3,0
10603299588,4335012916,0,Juhu Tara Road,secondary,2,359.2,0.0,2550.0,0.0,28.7,28.7,0
4233167621,4233167625,0,Link Road,primary,2,79.4,0.0,3060.0,0.0,5.2,5.2,0
10942300937,1879817825,0,Jogeshwari Vikhroli Link Road,primary,3,298.9,0.0,4590.0,0.0,19.6,19.6,0
4233167625,7330976939,0,Link Road,primary,2,23.9,0.0,3060.0,0.0,1.6,1.6,0
4233167629,1646690976,0,Link Road,primary,2,41.7,0.0,3060.0,0.0,2.7,2.7,0
2249163539,13840721725,0,Service Road,secondary,2,162.7,0.0,2550.0,0.0,13.0,13.0,0
11060986645,2622177307,0,Lal Bahadur Shastri Marg,primary,2,246.7,0.0,3060.0,0.0,16.1,16.1,0
10277913367,10277913370,0,,secondary_link,2,18.9,0.0,2550.0,0.0,1.5,1.5,0
10277913370,4323055307,0,Mathuradas Vasanji Road,secondary,2,196.0,0.0,2550.0,0.0,15.7,15.7,0
11023557403,13366357984,0,Mahim Sion Link Road,secondary,2,127.9,0.0,2550.0,0.0,10.2,10.2,0
4235207452,1651801022,0,Sardar Vallabhbhai Patel Road,secondary,2,107.6,0.0,2550.0,0.0,8.6,8.6,0
476480287,13615156523,0,Street 3,secondary,2,90.3,0.0,2550.0,0.0,7.2,7.2,0
6552380192,6552380193,0,,secondary,2,21.7,0.0,2550.0,0.0,1.7,1.7,0
6552380192,6428843059,0,V K Krishna Marg,secondary,2,22.7,0.0,2550.0,0.0,1.8,1.8,0
8589101237,3803645363,0,Chitrakar Dhurandar Road,secondary,2,45.1,0.0,2550.0,0.0,3.6,3.6,0
864905398,9771116368,0,Gulmohar Road,primary,2,131.1,0.0,3060.0,0.0,8.6,8.6,0
7331358909,7331358917,0,,primary,2,2.7,0.0,3060.0,0.0,0.2,0.2,0
10277277833,10880324971,0,Swami Vivekanand Road,secondary,2,8.6,0.0,2550.0,0.0,0.7,0.7,0
10277277840,10277277836,0,Swami Vivekanand Road,secondary,2,356.6,0.0,2550.0,0.0,28.5,28.5,0
1939198095,12311884147,0,Link Road,primary,2,98.4,0.0,3060.0,0.0,6.4,6.4,0
10277277835,10277277833,0,Swami Vivekanand Road,secondary,2,144.2,0.0,2550.0,0.0,11.5,11.5,0
10277277836,10277277835,0,Swami Vivekanand Road,secondary,2,80.5,0.0,2550.0,0.0,6.4,6.4,0
2233651339,4347108651,0,Chincholi Bunder Road,secondary,2,86.6,0.0,2550.0,0.0,6.9,6.9,0
2233651339,1185821557,0,Chincholi Bunder Road,secondary,2,65.1,0.0,2550.0,0.0,5.2,5.2,0
10277277832,10277277831,0,Swami Vivekanand Road,secondary,2,52.7,0.0,2550.0,0.0,4.2,4.2,0
1174335635,2233650333,0,Mahatma Gandhi Road,secondary,2,124.6,0.0,2550.0,0.0,10.0,10.0,0
10277277831,10277277829,0,Swami Vivekanand Road,secondary,2,114.5,0.0,2550.0,0.0,9.2,9.2,0
296849535,13857111157,0,Jai Prakash Road,secondary,2,288.5,0.0,2550.0,0.0,23.1,23.1,0
10277277829,10277277825,0,Swami Vivekanand Road,secondary,2,145.5,0.0,2550.0,0.0,11.6,11.6,0
10277277823,10277277819,0,Swami Vivekanand Road,secondary,2,231.8,0.0,2550.0,0.0,18.5,18.5,0
347115650,13522294905,0,Perry Road,secondary,2,52.4,0.0,2550.0,0.0,4.2,4.2,0
10570371202,4233167598,0,Link Road,primary,2,270.9,0.0,3060.0,0.0,17.7,17.7,0
7298842042,10882694912,0,Carter Road,secondary,4,148.5,0.0,5100.0,0.0,11.9,11.9,0
10277277844,13463507572,0,Swami Vivekanand Road,secondary,2,7.3,0.0,2550.0,0.0,0.6,0.6,0
13514297393,13514297394,0,,secondary_link,2,8.0,0.0,2550.0,0.0,0.6,0.6,0
7357632676,2244790722,0,,secondary,2,36.3,0.0,2550.0,0.0,2.9,2.9,0
13893259451,13888224699,0,,primary_link,2,25.0,0.0,3060.0,0.0,1.6,1.6,0
245682360,245682376,0,Devidas Road,primary,2,81.3,0.0,3060.0,0.0,5.3,5.3,0
2221887667,2221979819,0,RDP Road No 5,secondary,2,39.0,0.0,2550.0,0.0,3.5,3.5,0
2221887661,2221887647,0,RDP Road No 5,secondary,2,126.0,0.0,2550.0,0.0,11.3,11.3,0
7357632678,13840721728,0,,secondary,2,99.4,0.0,2550.0,0.0,8.0,8.0,0
7357632676,13840721728,0,,secondary,2,11.6,0.0,2550.0,0.0,0.9,0.9,0
10945917093,2222186312,0,Bhoomi Park Road,secondary,2,58.6,0.0,2550.0,0.0,4.7,4.7,0
245682326,245682368,0,Kasturba Gandhi Road,secondary,2,83.3,0.0,2550.0,0.0,6.7,6.7,0
2221887647,7345105024,0,RDP Road No 5,secondary,2,96.6,0.0,2550.0,0.0,8.7,8.7,0
10277277855,10277277850,0,Swami Vivekanand Road,primary,2,171.7,0.0,3060.0,0.0,11.2,11.2,0
10277277855,1480129878,0,,trunk_link,3,12.0,0.0,4845.0,0.0,0.7,0.7,0
10277277850,3794378017,0,Swami Vivekanand Road,secondary,2,235.8,0.0,2550.0,0.0,18.9,18.9,0
10277277850,7331456320,0,C S Link Road,primary,2,11.3,0.0,3060.0,0.0,0.7,0.7,0
10277277846,10877132886,0,Swami Vivekanand Road,secondary,2,6.8,0.0,2550.0,0.0,0.5,0.5,0
10277277825,13467861326,0,Swami Vivekanand Road,secondary,2,76.4,0.0,2550.0,0.0,6.1,6.1,0
347115647,347115644,0,Perry Road,secondary,2,37.9,0.0,2550.0,0.0,3.0,3.0,0
2221887615,13649079113,0,Kadsiddheshwar Marg,secondary,2,161.9,0.0,2550.0,0.0,11.7,11.7,0
10882363458,2233648859,0,Sardar Vallabhbhai Patel Road,secondary,2,129.4,0.0,2550.0,0.0,10.4,10.4,0
7361925203,2236679734,0,Aarey Colony Road,secondary,2,340.5,0.0,2550.0,0.0,27.2,27.2,0
7361925203,7361902368,0,Aarey Colony Road,secondary,2,160.9,0.0,2550.0,0.0,12.9,12.9,0
6431289415,245668828,0,Juhu Tara Road,secondary,2,9.8,0.0,2550.0,0.0,0.8,0.8,0
5130752071,3217430342,0,,secondary,2,11.0,0.0,2550.0,0.0,0.9,0.9,0
5130752067,3217430426,0,,secondary,2,374.0,0.0,2550.0,0.0,29.9,29.9,0
5130752067,11105021580,0,,secondary,2,96.6,0.0,2550.0,0.0,7.7,7.7,0
631525441,6430673820,0,Bandra Kurla Complex Road,primary,3,40.8,0.0,4590.0,0.0,2.7,2.7,0
1375170686,10093838939,0,Malad Marve Road,secondary,2,10.0,0.0,2550.0,0.0,0.8,0.8,0
631525441,296857791,0,,secondary,3,18.7,0.0,3825.0,0.0,1.5,1.5,0
10882363456,10882363458,0,Sardar Vallabhbhai Patel Road,secondary,2,106.9,0.0,2550.0,0.0,8.5,8.5,0
10882363456,630298114,0,Kanhore Marg Road,secondary,2,8.0,0.0,2550.0,0.0,0.6,0.6,0
631525438,2897024798,0,Bandra Kurla Complex Road,primary,3,385.3,0.0,4590.0,0.0,25.2,25.2,0
631525438,245666966,0,Street 7,secondary,2,18.3,0.0,2550.0,0.0,1.5,1.5,0
245665854,2897022073,0,Avenue 3,secondary,2,9.0,0.0,2550.0,0.0,0.7,0.7,0
3797889114,623037777,0,Guru Hargovindji Road,primary,2,403.8,0.0,3060.0,0.0,26.4,26.4,0
10936586333,7345415552,0,Gorai Link Road,secondary,2,68.7,0.0,2550.0,0.0,5.5,5.5,0
10936586334,628998823,0,Gorai Link Road,secondary,2,8.1,0.0,2550.0,0.0,0.6,0.6,0
245682275,245682294,0,Kasturba Gandhi Road,secondary,2,23.7,0.0,2550.0,0.0,1.9,1.9,0
13521149005,13521149006,0,,secondary_link,2,7.4,0.0,2550.0,0.0,0.6,0.6,0
13521149005,7241583735,0,,secondary,2,123.0,0.0,2550.0,0.0,9.8,9.8,0
13519081577,10591500468,0,Danda Boulevard,secondary,2,96.5,0.0,2550.0,0.0,7.7,7.7,0
13519081578,6271834098,0,,secondary,2,90.4,0.0,2550.0,0.0,7.2,7.2,0
3633836136,1343009445,0,Kachipada Ramchandra Lane,secondary,2,56.1,0.0,2550.0,0.0,4.5,4.5,0
3633836136,1343008504,0,Kachipada Ramchandra Lane,secondary,2,67.2,0.0,2550.0,0.0,5.4,5.4,0
10770722930,2622177294,0,Lal Bahadur Shastri Marg,primary,2,30.1,0.0,3060.0,0.0,2.0,2.0,0
13904217919,245682435,0,Link Road,primary,2,6.0,0.0,3060.0,0.0,0.4,0.4,0
245682294,245682326,0,Kasturba Gandhi Road,secondary,2,75.5,0.0,2550.0,0.0,6.0,6.0,0
10277277815,2399367035,0,Swami Vivekanand Road,secondary,2,29.9,0.0,2550.0,0.0,2.4,2.4,0
10277277819,10277277815,0,Swami Vivekanand Road,secondary,2,139.5,0.0,2550.0,0.0,11.2,11.2,0
347115644,13514498300,0,Perry Road,secondary,2,5.4,0.0,2550.0,0.0,0.4,0.4,0
1936355451,4335012905,0,Juhu Tara Road,secondary,2,9.8,0.0,2550.0,0.0,0.8,0.8,0
13893259451,13888227801,0,,primary_link,2,11.0,0.0,3060.0,0.0,0.7,0.7,0
245682366,11031597010,0,Devidas Road,primary,2,9.6,0.0,3060.0,0.0,0.6,0.6,0
296857791,2897024818,0,Bandra Kurla Complex Road,primary,3,13.5,0.0,4590.0,0.0,0.9,0.9,0
13980250394,10738867823,0,,primary,2,72.7,0.0,3060.0,0.0,4.8,4.8,0
4678250805,4678250796,0,Linking Road,secondary,2,46.9,0.0,2550.0,0.0,3.7,3.7,0
4678250796,245669230,0,Linking Road,secondary,2,7.9,0.0,2550.0,0.0,0.6,0.6,0
245682474,3110861696,0,Devidas Road,primary,2,40.4,0.0,3060.0,0.0,2.6,2.6,0
245682470,2224326517,0,Swami Vivekanand Road,secondary,2,141.9,0.0,2550.0,0.0,11.4,11.4,0
1343017244,8606021913,0,Chunilal Giridharlal Road,secondary,2,80.9,0.0,2550.0,0.0,6.5,6.5,0
11012174108,1178623178,0,Asha Nagar Road,secondary,2,22.9,0.0,2550.0,0.0,1.8,1.8,0
10653552916,12296084705,0,V K Krishna Marg,secondary,2,185.6,0.0,2550.0,0.0,14.8,14.8,0
3797889277,10653536589,0,Mathuradas Vasanji Road,secondary,2,205.8,0.0,2550.0,0.0,16.5,16.5,0
10653552916,6552380192,0,,secondary,2,11.4,0.0,2550.0,0.0,0.9,0.9,0
3797889296,1184070632,0,Maroshi Village Road,secondary,2,126.7,0.0,2550.0,0.0,10.1,10.1,0
3797889296,10882615919,0,Maroshi Village Road,secondary,2,7.4,0.0,2550.0,0.0,0.6,0.6,0
2233651462,13856961861,0,Chincholi Bunder Road,secondary,2,87.0,0.0,2550.0,0.0,7.0,7.0,0
2233651462,245678918,0,Chincholi Bunder Road,secondary,2,10.5,0.0,2550.0,0.0,0.8,0.8,0
245682435,7331439008,0,Link Road,primary,2,264.3,0.0,3060.0,0.0,17.3,17.3,0
245682488,6618201525,0,Devidas Road,primary,2,173.6,0.0,3060.0,0.0,11.4,11.4,0
9888993601,7397958785,0,Balasaheb Sawant Road,secondary,2,141.6,0.0,2550.0,0.0,11.3,11.3,0
7388123457,7388123464,0,Chunilal Giridharlal Road,secondary,2,116.5,0.0,2550.0,0.0,9.3,9.3,0
5522264388,5488342593,0,V K Krishna Marg,secondary,2,123.9,0.0,2550.0,0.0,9.9,9.9,0
12395671875,2125225624,0,Link Road,primary,2,38.6,0.0,3060.0,0.0,2.5,2.5,0
7388123464,627835805,0,Chunilal Giridharlal Road,secondary,2,178.5,0.0,2550.0,0.0,14.3,14.3,0
13947318601,1365949524,0,Sant Rohidas Marg,primary,2,39.5,0.0,3060.0,0.0,2.6,2.6,0
13947318601,13947318602,0,,primary_link,2,5.6,0.0,3060.0,0.0,0.4,0.4,0
13947318602,2629418416,0,Sant Rohidas Marg,primary,2,51.0,0.0,3060.0,0.0,3.3,3.3,0
13947318602,13947318601,0,,primary_link,2,5.6,0.0,3060.0,0.0,0.4,0.4,0
2244637004,9691859215,0,Santa Cruz – Chembur Link Road,trunk,3,270.7,0.0,4845.0,0.0,16.2,16.2,0
7388123466,8711234598,0,Chunilal Giridharlal Road,secondary,2,158.7,0.0,2550.0,0.0,12.7,12.7,0
10653536589,623040010,0,Mathuradas Vasanji Road,secondary,2,13.9,0.0,2550.0,0.0,1.1,1.1,0
2246472010,12330254479,0,Lal Bahadur Shastri Marg,primary,2,43.5,0.0,3060.0,0.0,2.8,2.8,0
969781588,10653604967,0,Mathuradas Vasanji Road (Andheri Kurla Road),primary,2,97.5,0.0,3060.0,0.0,6.4,6.4,0
245666141,9469495782,0,Avenue 3: Lane 3,secondary,2,392.7,0.0,2550.0,0.0,31.4,31.4,0
1646850398,11924652958,0,Kamalakar Pant Walawalkar Marg,primary,2,64.2,0.0,3060.0,0.0,4.2,4.2,0
1936355587,1375251723,0,G K Gokhale Flyover,primary,2,172.8,0.0,3060.0,0.0,20.7,20.7,0
9694187775,13626310240,0,Mahakali Caves Road,secondary,2,19.6,0.0,2550.0,0.0,1.6,1.6,0
245682368,245682398,0,Kasturba Gandhi Road,secondary,2,54.0,0.0,2550.0,0.0,4.3,4.3,0
13867831512,4352401907,0,Link Road,primary,2,8.3,0.0,3060.0,0.0,0.5,0.5,0
6495023334,12071395897,0,Chunabhatti Road,secondary,2,34.9,0.0,2550.0,0.0,2.8,2.8,0
13922390230,13922390231,0,,primary_link,2,22.2,0.0,3060.0,0.0,1.5,1.5,0
245682398,10277304514,0,,secondary_link,2,8.8,0.0,2550.0,0.0,0.7,0.7,0
245682398,245682410,0,Kasturba Gandhi Road,secondary,2,46.1,0.0,2550.0,0.0,3.7,3.7,0
1936355548,296354499,0,Vaikunthlal Mheta Road,secondary,2,9.3,0.0,2550.0,0.0,0.7,0.7,0
13867831516,13867831510,0,,primary_link,2,46.6,0.0,3060.0,0.0,3.1,3.1,0
13922390231,1936627903,0,G K Gokhale Flyover,primary,3,380.5,0.0,4590.0,0.0,34.2,34.2,0
9694187776,13626310242,0,,secondary,2,267.1,0.0,2550.0,0.0,21.4,21.4,0
10598764758,6292531321,0,Perry Road,secondary,2,12.1,0.0,2550.0,0.0,1.0,1.0,0
10598764756,10882694913,0,Perry Road,secondary,4,78.9,0.0,5100.0,0.0,6.3,6.3,0
10598764751,10598764756,0,Perry Road,secondary,2,11.7,0.0,2550.0,0.0,0.9,0.9,0
296857806,2897024614,0,Street 3,secondary,2,18.1,0.0,2550.0,0.0,1.4,1.4,0
296857806,2897024601,0,Bandra Kurla Complex Road,primary,3,37.0,0.0,4590.0,0.0,2.4,2.4,0
245682376,10936694574,0,Devidas Road,primary,2,310.4,0.0,3060.0,0.0,20.3,20.3,0
6495023334,7374085551,0,Chunabhatti Road,secondary,2,181.5,0.0,2550.0,0.0,14.5,14.5,0
296857831,296853793,0,Avenue 3,secondary,2,17.9,0.0,2550.0,0.0,1.4,1.4,0
1375170790,2221979756,0,Kadsiddheshwar Marg,secondary,2,153.2,0.0,2550.0,0.0,11.0,11.0,0
2221887719,7826711645,0,Gorai Link Road,secondary,2,110.8,0.0,2550.0,0.0,8.9,8.9,0
245682410,11140920278,0,Kasturba Gandhi Road,secondary,2,69.8,0.0,2550.0,0.0,5.6,5.6,0
1936355567,3008529668,0,Dadabhai Road,secondary,2,6.7,0.0,2550.0,0.0,0.5,0.5,0
9694187761,1184134142,0,Mahakali Caves Road,secondary,2,158.0,0.0,2550.0,0.0,12.6,12.6,0
9694187761,9694187776,0,,secondary,2,40.7,0.0,2550.0,0.0,3.3,3.3,0
10567495925,13335369195,0,Kachipada Ramchandra Lane,secondary,2,52.1,0.0,2550.0,0.0,4.2,4.2,0
10567495925,1343008504,0,Kachipada Ramchandra Lane,secondary,2,57.4,0.0,2550.0,0.0,4.6,4.6,0
1375170805,2222186530,0,Gorai Link Road,secondary,2,73.5,0.0,2550.0,0.0,5.9,5.9,0
296857847,1647747259,0,Bandra Kurla Complex Road,primary,5,12.1,0.0,7650.0,0.0,0.8,0.8,0
296857847,2443139103,0,Sion Bandra Link Road,primary,2,28.2,0.0,3060.0,0.0,1.8,1.8,0
1375170808,2221887926,0,Gorai Link Road,secondary,2,88.0,0.0,2550.0,0.0,7.0,7.0,0
9694187773,3797889583,0,,secondary,2,10.8,0.0,2550.0,0.0,0.9,0.9,0
2246471934,10923772458,0,Lal Bahadur Shastri Marg,primary,2,46.6,0.0,3060.0,0.0,3.0,3.0,0
9694187776,9694187761,0,,secondary,2,40.7,0.0,2550.0,0.0,3.3,3.3,0
13514297393,10657225552,0,KC Marg,secondary,2,94.2,0.0,2550.0,0.0,7.5,7.5,0
13514297394,13514297393,0,,secondary_link,2,8.0,0.0,2550.0,0.0,0.6,0.6,0
3797889381,1184089996,0,Krantiveer Lakhuji Salve Marg,secondary,2,87.3,0.0,2550.0,0.0,7.0,7.0,0
1366028055,1366028051,0,Kale Marg,secondary,2,132.8,0.0,2550.0,0.0,10.6,10.6,0
6491523117,13382931781,0,Guru Hargovindji Road,primary,2,32.9,0.0,3060.0,0.0,2.2,2.2,0
10294767394,12718160995,0,,primary,2,17.4,0.0,3060.0,0.0,1.1,1.1,0
1361563423,10956744326,0,Link Road,primary,2,279.8,0.0,3060.0,0.0,18.3,18.3,0
1920266011,6616421102,0,Swami Vivekanand Road,primary,2,11.1,0.0,3060.0,0.0,0.7,0.7,0
1366028058,2246472919,0,Kale Marg,secondary,2,232.9,0.0,2550.0,0.0,18.6,18.6,0
1366028058,2246472960,0,Mathuradas Vasanji Road (Andheri Kurla Road),primary,2,35.5,0.0,3060.0,0.0,2.3,2.3,0
1366028051,2622177318,0,Kale Marg,secondary,2,125.3,0.0,2550.0,0.0,10.0,10.0,0
10279333671,2439615342,0,Guru Nanak Road,secondary,2,60.6,0.0,2550.0,0.0,4.9,4.9,0
1366028032,619309793,0,Lal Bahadur Shastri Marg,primary,2,178.6,0.0,3060.0,0.0,11.7,11.7,0
12375748351,11025434803,0,,primary,2,103.3,0.0,3060.0,0.0,6.8,6.8,0
13353086718,6430399597,0,Lal Bahadur Shastri Marg,primary,2,9.4,0.0,3060.0,0.0,0.6,0.6,0
1343008504,3633836136,0,Kachipada Ramchandra Lane,secondary,2,67.2,0.0,2550.0,0.0,5.4,5.4,0
1343008504,10567495925,0,Kachipada Ramchandra Lane,secondary,2,57.4,0.0,2550.0,0.0,4.6,4.6,0
3878492883,3878492882,0,,primary_link,2,35.7,0.0,3060.0,0.0,2.3,2.3,0
10279333670,866835090,0,Guru Nanak Road,secondary,2,8.1,0.0,2550.0,0.0,0.6,0.6,0
10279333677,864905398,0,Gulmohar Road,primary,2,7.5,0.0,3060.0,0.0,0.5,0.5,0
13514297394,10089667078,0,,secondary,2,8.1,0.0,2550.0,0.0,0.6,0.6,0
7389343570,245682147,0,Kasturba Gandhi Road,secondary,2,24.1,0.0,2550.0,0.0,1.9,1.9,0
13619400539,245668039,0,,secondary_link,2,29.3,0.0,2550.0,0.0,2.3,2.3,0
13619400539,7404711447,0,Vidya Nagari Marg,secondary,2,27.0,0.0,2550.0,0.0,2.2,2.2,0
245682012,245681971,0,Swami Vivekanand Road,primary,2,123.9,0.0,3060.0,0.0,8.1,8.1,0
996421466,619183126,0,,secondary,2,12.2,0.0,2550.0,0.0,1.0,1.0,0
13619400535,245667863,0,,secondary,2,94.3,0.0,2550.0,0.0,7.5,7.5,0
13619400535,13619400539,0,Vidya Nagari Marg,secondary,2,4.3,0.0,2550.0,0.0,0.3,0.3,0
7378448200,7391552060,0,Mahatma Gandhi Road,secondary,2,71.4,0.0,2550.0,0.0,5.7,5.7,0
7378448185,10277339572,0,Mahatma Gandhi Road,secondary,2,86.6,0.0,2550.0,0.0,6.9,6.9,0
3793874755,13888182933,0,,primary,2,18.6,0.0,3060.0,0.0,1.2,1.2,0
1920266050,13856311303,0,Behrambaug Road,primary,2,43.2,0.0,3060.0,0.0,2.8,2.8,0
13353062211,2246472501,0,Lal Bahadur Shastri Marg,primary,2,44.0,0.0,3060.0,0.0,2.9,2.9,0
3793874754,7358348615,0,Devidas Road,primary,2,239.7,0.0,3060.0,0.0,15.7,15.7,0
7378448192,12311833488,0,Mahatma Gandhi Road,secondary,2,29.9,0.0,2550.0,0.0,2.4,2.4,0
347115324,471589564,0,Gurunanak Marg,secondary,1,175.1,0.0,1275.0,0.0,14.0,14.0,0
13514731253,346633207,0,Hill Road,secondary,2,39.5,0.0,2550.0,0.0,4.7,4.7,0
6491549420,6491549419,0,,primary_link,2,9.6,0.0,3060.0,0.0,0.6,0.6,0
6491549420,5639804518,0,Lal Bahadur Shastri Marg,primary,2,252.2,0.0,3060.0,0.0,16.5,16.5,0
2233650869,4698963784,0,General A K Vaidya Marg,secondary,2,69.1,0.0,2550.0,0.0,5.5,5.5,0
10264514244,1186902566,0,,secondary,2,219.2,0.0,2550.0,0.0,17.5,17.5,0
10277547716,10277547720,0,,primary_link,2,38.3,0.0,3060.0,0.0,2.5,2.5,0
13786664642,7378436375,0,Mahatma Gandhi Road,secondary,2,59.8,0.0,2550.0,0.0,4.8,4.8,0
9201422013,10277590774,0,Jai Prakash Road,secondary,3,11.8,0.0,3825.0,0.0,0.9,0.9,0
9201422012,9201441659,0,Jai Prakash Road,secondary,3,92.2,0.0,3825.0,0.0,7.4,7.4,0
2804584123,2892843893,0,Santa Cruz – Chembur Link Road,trunk,3,69.3,0.0,4845.0,0.0,4.2,4.2,0
2077290161,12071395897,0,Chunabhatti Road,secondary,2,9.0,0.0,2550.0,0.0,0.7,0.7,0
6491549419,2439602112,0,Lal Bahadur Shastri Marg,primary,2,233.0,0.0,3060.0,0.0,15.3,15.3,0
2077290161,3273736210,0,Chunabhatti Road,secondary,2,31.4,0.0,2550.0,0.0,2.5,2.5,0
2077290154,2131950307,0,Chunabhatti Road,secondary,2,88.3,0.0,2550.0,0.0,7.1,7.1,0
2077290154,7374085551,0,Chunabhatti Road,secondary,2,42.1,0.0,2550.0,0.0,3.4,3.4,0
590605977,7366127478,0,Swami Vivekanand Road,primary,2,13.9,0.0,3060.0,0.0,0.9,0.9,0
347106967,5494564054,0,Perry Road,secondary,2,74.3,0.0,2550.0,0.0,5.9,5.9,0
2233650832,1157179858,0,General A K Vaidya Marg,secondary,2,179.0,0.0,2550.0,0.0,14.3,14.3,0
864915144,864905191,0,Bhakti Vendanta Swami Marg,primary,2,89.6,0.0,3060.0,0.0,5.9,5.9,0
10277547721,10277547725,0,,primary_link,2,37.7,0.0,3060.0,0.0,2.5,2.5,0
10277547720,13857379355,0,Goregaon Mulund Link Road,secondary,2,205.5,0.0,2550.0,0.0,16.4,16.4,0
296849097,3803783476,0,Swami Vivekanand Road,primary,2,78.7,0.0,3060.0,0.0,5.2,5.2,0
10277547725,9684318527,0,Link Road,primary,2,399.6,0.0,3060.0,0.0,26.2,26.2,0
10732416719,4364584578,0,Devidas Road,primary,2,90.3,0.0,3060.0,0.0,5.9,5.9,0
10732416720,245682360,0,Devidas Road,primary,2,10.4,0.0,3060.0,0.0,0.7,0.7,0
6638816988,10274112204,0,,primary_link,2,8.9,0.0,3060.0,0.0,0.6,0.6,0
6638816988,6638816990,0,,primary,2,295.4,0.0,3060.0,0.0,19.3,19.3,0
6638816990,9985517318,0,Santa Cruz Flyover,primary,2,791.7,0.0,3060.0,0.0,51.8,51.8,0
10877243105,10877179704,0,Linking Road,secondary,2,57.8,0.0,2550.0,0.0,4.6,4.6,0
10877243108,10877179702,0,Linking Road,secondary,2,15.3,0.0,2550.0,0.0,1.2,1.2,0
10877243109,10877243108,0,Linking Road,secondary,2,46.8,0.0,2550.0,0.0,3.7,3.7,0
10928869092,10956832462,0,Lokmanya Tilak Road,secondary,2,209.7,0.0,2550.0,0.0,16.8,16.8,0
10877243111,10877243112,0,Linking Road,secondary,2,52.0,0.0,2550.0,0.0,4.2,4.2,0
10877243112,10877179697,0,Linking Road,secondary,2,48.8,0.0,2550.0,0.0,3.9,3.9,0
6491549419,6491549420,0,,primary_link,2,9.6,0.0,3060.0,0.0,0.6,0.6,0
865054565,13758246171,0,CD Barfiwala Road,primary,2,6.0,0.0,3060.0,0.0,0.4,0.4,0
245682025,10277304517,0,,secondary,2,6.5,0.0,2550.0,0.0,0.5,0.5,0
245682025,13681043574,0,Kasturba Gandhi Road,secondary,2,47.3,0.0,2550.0,0.0,3.8,3.8,0
8443498438,14005273057,0,Street 3,secondary,2,33.0,0.0,2550.0,0.0,2.6,2.6,0
13842517978,13842517977,0,,secondary_link,2,9.3,0.0,2550.0,0.0,0.7,0.7,0
13842517977,13842517978,0,,secondary_link,2,9.3,0.0,2550.0,0.0,0.7,0.7,0
6552203219,2244962342,0,Mathuradas Vasanji Road (Andheri Kurla Road),primary,2,241.7,0.0,3060.0,0.0,15.8,15.8,0
11031597010,10732416720,0,Devidas Road,primary,2,129.5,0.0,3060.0,0.0,8.5,8.5,0
8443498448,2897022062,0,Avenue 3,secondary,2,13.0,0.0,2550.0,0.0,1.0,1.0,0
8443498442,5841999703,0,BKC Connector,secondary,2,1703.9,0.0,2550.0,0.0,175.3,175.3,0
8443498434,8443498429,0,Avenue 3,secondary,2,28.6,0.0,2550.0,0.0,2.3,2.3,0
245673916,12415264430,0,,secondary,2,88.5,0.0,2550.0,0.0,7.1,7.1,0
8443498434,631507964,0,,secondary_link,2,39.8,0.0,2550.0,0.0,3.2,3.2,0
3793874882,10877132833,0,Chatrapati Shivaji Road Underpass,secondary,2,85.7,0.0,2550.0,0.0,6.9,6.9,0
985092027,985103863,0,Marol-Maroshi Road,secondary,2,38.8,0.0,2550.0,0.0,3.1,3.1,0
9897455547,7331439000,0,Link Road,primary,2,1137.6,0.0,3060.0,0.0,74.5,74.5,0
8443498429,631507968,0,Avenue 3: Lane 2,secondary,2,265.4,0.0,2550.0,0.0,21.2,21.2,0
3793874877,13579955084,0,R M Road,secondary,2,63.3,0.0,2550.0,0.0,5.1,5.1,0
13842517978,2244892332,0,Service Road,secondary,2,157.8,0.0,2550.0,0.0,12.6,12.6,0
13842517982,13842517984,0,,secondary_link,2,8.6,0.0,2550.0,0.0,0.7,0.7,0
13842517984,13842517982,0,,secondary_link,2,8.6,0.0,2550.0,0.0,0.7,0.7,0
13366357985,13366357984,0,,secondary_link,2,9.3,0.0,2550.0,0.0,0.7,0.7,0
13366357985,1365949227,0,Mahim Sion Link Road,secondary,2,322.0,0.0,2550.0,0.0,25.8,25.8,0
13366357984,13366357985,0,,secondary_link,2,9.3,0.0,2550.0,0.0,0.7,0.7,0
13366357984,6165604842,0,Mahim Sion Link Road,secondary,2,269.8,0.0,2550.0,0.0,21.6,21.6,0
245682147,13681043576,0,Kasturba Gandhi Road,secondary,2,81.3,0.0,2550.0,0.0,6.5,6.5,0
13774802916,2222708933,0,Mahatma Gandhi Road,secondary,2,113.1,0.0,2550.0,0.0,9.0,9.0,0
245665786,7244551187,0,Swami Vivekanand Road,primary,2,35.5,0.0,3060.0,0.0,2.3,2.3,0
13584306188,11068658305,0,,secondary,2,71.1,0.0,2550.0,0.0,5.7,5.7,0
13584306189,10877132888,0,Chatrapati Shivaji Road,secondary,2,12.3,0.0,2550.0,0.0,1.0,1.0,0
245682194,245682275,0,Kasturba Gandhi Road,secondary,2,64.5,0.0,2550.0,0.0,5.2,5.2,0
1936355361,296362019,0,Gurunanak Marg,secondary,1,9.1,0.0,1275.0,0.0,0.7,0.7,0
10882674721,12333581106,0,Maroshi Village Road,secondary,2,9.5,0.0,2550.0,0.0,0.8,0.8,0
10882674722,14019451454,0,Maroshi Village Road,secondary,2,49.1,0.0,2550.0,0.0,3.9,3.9,0
1936355368,296362023,0,,primary_link,2,8.3,0.0,3060.0,0.0,0.5,0.5,0
3793874877,10879569089,0,R M Road,secondary,2,22.3,0.0,2550.0,0.0,1.8,1.8,0
3793874875,10880492220,0,Laxman Mhatre Road,secondary,2,110.7,0.0,2550.0,0.0,8.9,8.9,0
245682026,1481080169,0,Mahatma Gandhi Marg,secondary,2,37.3,0.0,2550.0,0.0,3.0,3.0,0
10277590774,10277590773,0,Ceasar Road,secondary,2,15.6,0.0,2550.0,0.0,1.3,1.3,0
10882715558,10882715559,0,Manuel Gonsalves Road,secondary,2,5.8,0.0,2550.0,0.0,0.7,0.7,0
10882715555,13522294904,0,Perry Road,secondary,2,31.0,0.0,2550.0,0.0,2.5,2.5,0
11061112722,6435423923,0,Lal Bahadur Shastri Marg,primary,2,5.6,0.0,3060.0,0.0,0.4,0.4,0
9916444554,10882727465,0,Hill Road,secondary,2,6.3,0.0,2550.0,0.0,0.8,0.8,0
245673864,2567775632,0,Kamalakar Pant Walawalkar Marg,primary,2,7.8,0.0,3060.0,0.0,0.5,0.5,0
10277590774,9201422012,0,Jai Prakash Road,secondary,3,22.4,0.0,3825.0,0.0,1.8,1.8,0
1188654980,6204119879,0,,secondary_link,2,52.8,0.0,2550.0,0.0,4.2,4.2,0
13597495222,13882827987,0,,primary,2,263.8,0.0,3060.0,0.0,17.3,17.3,0
245682051,6601803826,0,Sardar Vallabhbhai Patel Road,secondary,2,13.2,0.0,2550.0,0.0,1.1,1.1,0
2399367035,2399368782,0,Swami Vivekanand Road,secondary,2,23.7,0.0,2550.0,0.0,1.9,1.9,0
7366127478,7366127468,0,Swami Vivekanand Road,primary,2,100.3,0.0,3060.0,0.0,6.6,6.6,0
9882627953,3794262396,0,Link Road,primary,2,116.5,0.0,3060.0,0.0,7.6,7.6,0
7366127468,245682012,0,Swami Vivekanand Road,primary,2,9.6,0.0,3060.0,0.0,0.6,0.6,0
1345343340,10880826048,0,Sahar Road,secondary,2,186.0,0.0,2550.0,0.0,14.9,14.9,0
10882715558,10882727459,0,Manuel Gonsalves Road,secondary,2,9.1,0.0,2550.0,0.0,1.1,1.1,0
10882715558,13514568901,0,Perry Road,secondary,2,26.1,0.0,2550.0,0.0,2.1,2.1,0
10882715559,10882715558,0,Manuel Gonsalves Road,secondary,2,5.8,0.0,2550.0,0.0,0.7,0.7,0
10882715559,5353822013,0,Gurunanak Marg,secondary,1,120.3,0.0,1275.0,0.0,9.6,9.6,0
10882715560,10882715573,0,Perry Road,secondary,2,65.3,0.0,2550.0,0.0,5.2,5.2,0
10882715560,347116059,0,Perry Road,secondary_link,2,7.7,0.0,2550.0,0.0,0.6,0.6,0
10882715562,10882715560,0,Perry Road,secondary,2,109.8,0.0,2550.0,0.0,8.8,8.8,0
10028699562,2442374463,0,Juhu Tara Road,secondary,2,204.8,0.0,2550.0,0.0,16.4,16.4,0
10882715564,10882715563,0,Perry Road,secondary,2,80.4,0.0,2550.0,0.0,6.4,6.4,0
10882715565,13521237106,0,Perry Road,secondary,2,53.8,0.0,2550.0,0.0,4.3,4.3,0
12452646831,12452646836,0,Miragaon Road,secondary,2,9.2,0.0,2550.0,0.0,0.7,0.7,0
13597495215,13882918913,0,,primary,2,12.2,0.0,3060.0,0.0,0.8,0.8,0
10882715566,10882715565,0,Perry Road,secondary,2,80.3,0.0,2550.0,0.0,6.4,6.4,0
10882715563,10882715562,0,Perry Road,secondary,2,74.3,0.0,2550.0,0.0,5.9,5.9,0
10882715571,10882715555,0,Perry Road,secondary,2,35.5,0.0,2550.0,0.0,2.8,2.8,0
12452646836,13840721726,0,Miragaon Road,secondary,2,48.4,0.0,2550.0,0.0,3.9,3.9,0
10882715573,10598764751,0,Perry Road,secondary,2,41.0,0.0,2550.0,0.0,3.3,3.3,0
12082663781,9121870543,0,Jai Prakash Road,secondary,3,130.5,0.0,3825.0,0.0,10.4,10.4,0
13760893285,13760893294,0,Chakravarty Ashok Road,secondary,2,60.4,0.0,2550.0,0.0,4.8,4.8,0
864905405,864905251,0,Gulmohar Road,primary,2,64.3,0.0,3060.0,0.0,4.2,4.2,0
9115783843,10282000622,0,Ramchandra M. Bhattad Road,secondary,2,17.0,0.0,2550.0,0.0,1.4,1.4,0
245682883,245682912,0,Swami Vivekanand Road,secondary,2,90.6,0.0,2550.0,0.0,7.2,7.2,0
12079592111,5342165315,0,Gurunanak Marg,secondary,1,94.0,0.0,1275.0,0.0,7.5,7.5,0
2246472366,619309810,0,Lal Bahadur Shastri Marg,primary,2,372.8,0.0,3060.0,0.0,24.4,24.4,0
13509415591,13009284660,0,Hill Road,secondary,2,61.3,0.0,2550.0,0.0,4.9,4.9,0
1343009445,3795056169,0,Kachipada Ramchandra Lane,secondary,2,52.5,0.0,2550.0,0.0,4.2,4.2,0
1343009445,3633836136,0,Kachipada Ramchandra Lane,secondary,2,56.1,0.0,2550.0,0.0,4.5,4.5,0
9115783843,1361585270,0,Link Road,primary,2,118.2,0.0,3060.0,0.0,7.7,7.7,0
12852654805,12852654806,0,,trunk_link,3,42.0,0.0,4845.0,0.0,2.5,2.5,0
9115783842,6204119875,0,Ramchandra M. Bhattad Road,secondary,2,17.7,0.0,2550.0,0.0,1.4,1.4,0
9115783837,6204119860,0,Goregaon Link Road,primary,2,124.6,0.0,3060.0,0.0,8.2,8.2,0
4415746717,2622177290,0,Santa Cruz – Chembur Link Road,trunk,3,99.4,0.0,4845.0,0.0,6.0,6.0,0
1732612762,10921503625,0,Link Road,primary,2,155.0,0.0,3060.0,0.0,10.1,10.1,0
1920242324,3803783521,0,Swami Vivekanand Road,primary,2,159.6,0.0,3060.0,0.0,10.4,10.4,0
245666448,476480287,0,Street 3,secondary,2,301.3,0.0,2550.0,0.0,24.1,24.1,0
9121870533,10281984343,0,Jai Prakash Road,secondary,3,140.2,0.0,3825.0,0.0,11.2,11.2,0
347149014,1975048942,0,Swami Vivekanand Road,primary,2,186.8,0.0,3060.0,0.0,12.2,12.2,0
13887009326,13887009309,0,,trunk_link,3,11.1,0.0,4845.0,0.0,0.7,0.7,0
13848883938,13848883939,0,,primary_link,2,12.6,0.0,3060.0,0.0,0.8,0.8,0
1920242403,7370620008,0,CD Barfiwala Road,primary,2,10.1,0.0,3060.0,0.0,0.7,0.7,0
347042532,347042177,0,K C Marg,secondary,2,71.7,0.0,2550.0,0.0,5.7,5.7,0
12430504674,245671328,0,V K Krishna Marg,secondary,2,77.0,0.0,2550.0,0.0,6.2,6.2,0
13848883939,1647747137,0,Dharavi Depot Road,primary,2,168.8,0.0,3060.0,0.0,11.0,11.0,0
13848883939,13848883938,0,,primary_link,2,12.6,0.0,3060.0,0.0,0.8,0.8,0
13848883938,12272825786,0,Sion Bandra Link Road,primary,2,30.0,0.0,3060.0,0.0,2.0,2.0,0
245682912,13467902226,0,Swami Vivekanand Road,secondary,2,122.6,0.0,2550.0,0.0,9.8,9.8,0
2381984473,13947151152,0,,primary_link,2,8.5,0.0,3060.0,0.0,0.6,0.6,0
10265662175,12406085638,0,,trunk_link,3,134.0,0.0,4845.0,0.0,8.0,8.0,0
10265662175,10265662174,0,Santa Cruz – Chembur Link Road,trunk,3,41.5,0.0,4845.0,0.0,2.5,2.5,0
10265662174,622042581,0,,trunk_link,3,86.7,0.0,4845.0,0.0,5.2,5.2,0
10265662174,622042582,0,Santa Cruz – Chembur Link Road,trunk,3,45.3,0.0,4845.0,0.0,2.7,2.7,0
1398117085,8928692503,0,Bandra Kurla Complex Road,primary,5,63.8,0.0,7650.0,0.0,4.2,4.2,0
2381984473,2382029937,0,Sion Bandra Link Road,primary,2,42.6,0.0,3060.0,0.0,2.8,2.8,0
1184101000,3797889381,0,Krantiveer Lakhuji Salve Marg,secondary,2,90.9,0.0,2550.0,0.0,7.3,7.3,0
6280229508,2629418478,0,Gurunanak Marg,secondary,1,40.2,0.0,1275.0,0.0,3.2,3.2,0
6280229508,6292784553,0,,secondary_link,1,45.7,0.0,1275.0,0.0,3.7,3.7,0
1154216503,1154216502,0,Mathuradas Vasanji Road,secondary,2,39.2,0.0,2550.0,0.0,3.1,3.1,0
6490591813,2244637004,0,Santa Cruz – Chembur Link Road,trunk,3,120.4,0.0,4845.0,0.0,7.2,7.2,0
1154003522,6243685414,0,Western Express Highway,motorway,3,53.8,0.0,5100.0,0.0,2.4,2.4,0
7159714370,1920246745,0,Achutrao Pawardhan Marg,secondary,2,89.5,0.0,2550.0,0.0,7.2,7.2,0
1154003520,245664695,0,Western Express Highway,motorway,2,701.4,0.0,3400.0,0.0,31.6,31.6,0
13847736885,7416594673,0,60 Feet Road,secondary,2,232.7,0.0,2550.0,0.0,18.6,18.6,0
1154216503,13475648918,0,Mathuradas Vasanji Road,secondary,2,66.6,0.0,2550.0,0.0,5.3,5.3,0
3797889591,12330279493,0,Sher-e-Punjab road,secondary,2,7.6,0.0,2550.0,0.0,0.6,0.6,0
11068658305,10877132857,0,,secondary,2,21.5,0.0,2550.0,0.0,1.7,1.7,0
1154216502,2242610363,0,Mathuradas Vasanji Road,secondary,2,161.1,0.0,2550.0,0.0,12.9,12.9,0
810349108,6552380198,0,I A Project Road,secondary,2,330.7,0.0,2550.0,0.0,26.5,26.5,0
10230592051,3795055136,0,,secondary,2,34.9,0.0,2550.0,0.0,2.8,2.8,0
986518062,2250992804,0,,trunk_link,1,122.8,0.0,1615.0,0.0,7.4,7.4,0
3797889583,3797889591,0,,secondary,2,10.0,0.0,2550.0,0.0,0.8,0.8,0
13887009327,13807899486,0,,secondary_link,2,11.6,0.0,2550.0,0.0,0.9,0.9,0
1154003529,1154003522,0,Sion Bandra Link Road,motorway_link,1,264.5,0.0,1700.0,0.0,11.9,11.9,0
10308989514,1180378618,0,,primary,2,23.8,0.0,3060.0,0.0,1.6,1.6,0
245682764,7325267617,0,Laxman Mhatre Road,secondary,2,97.7,0.0,2550.0,0.0,7.8,7.8,0
864940624,864905412,0,Gulmohar Road,primary,2,66.1,0.0,3060.0,0.0,4.3,4.3,0
245682776,245682792,0,Swami Vivekanand Road,secondary,2,79.1,0.0,2550.0,0.0,6.3,6.3,0
2562413144,590605941,0,Sardar Vallabhbhai Patel Road,secondary,3,76.2,0.0,3825.0,0.0,6.1,6.1,0
2562413149,2562413144,0,Sardar Vallabhbhai Patel Road,secondary,3,49.7,0.0,3825.0,0.0,4.0,4.0,0
1920242277,1345343340,0,Sahar Road,secondary,2,76.9,0.0,2550.0,0.0,6.1,6.1,0
4686238311,10690010454,0,Mathuradas Vasanji Road,secondary,2,96.8,0.0,2550.0,0.0,7.7,7.7,0
245682792,245682883,0,Swami Vivekanand Road,secondary,2,264.0,0.0,2550.0,0.0,21.1,21.1,0
9871495788,245682051,0,Jayavant Sawant Road,secondary,2,8.6,0.0,2550.0,0.0,0.7,0.7,0
9871495788,590605977,0,Swami Vivekanand Road,primary,2,58.4,0.0,3060.0,0.0,3.8,3.8,0
986518125,13732648913,0,General A K Vaidya Marg,secondary,2,193.6,0.0,2550.0,0.0,15.5,15.5,0
12432945774,12432945773,0,,trunk_link,3,20.9,0.0,4845.0,0.0,1.3,1.3,0
13463507572,13467902227,0,Swami Vivekanand Road,secondary,2,83.0,0.0,2550.0,0.0,6.6,6.6,0
276116095,9410872936,0,Juhu Tara Road,secondary,2,545.9,0.0,2550.0,0.0,43.7,43.7,0
6280229504,5353822017,0,Gurunanak Marg,secondary,1,135.1,0.0,1275.0,0.0,10.8,10.8,0
6616421102,13437517358,0,Swami Vivekanand Road,primary,2,249.7,0.0,3060.0,0.0,16.3,16.3,0
2134856435,1179199558,0,N S Mankikar Marg,secondary,2,57.4,0.0,2550.0,0.0,4.6,4.6,0
2134856435,10277700925,0,N S Mankikar Marg,secondary,2,275.1,0.0,2550.0,0.0,22.0,22.0,0
12430193496,12430193495,0,,trunk_link,3,9.7,0.0,4845.0,0.0,0.6,0.6,0
7241601893,13522455350,0,,secondary,2,39.9,0.0,2550.0,0.0,3.2,3.2,0
13807899486,10877195128,0,,secondary,2,332.8,0.0,2550.0,0.0,26.6,26.6,0
13807899486,13887009327,0,,secondary_link,2,11.6,0.0,2550.0,0.0,0.9,0.9,0
245683037,1646690963,0,Chatrapati Shivaji Road,secondary,2,206.6,0.0,2550.0,0.0,16.5,16.5,0
10928214874,6380225662,0,Mathuradas Vasanji Road,secondary,2,93.8,0.0,2550.0,0.0,7.5,7.5,0
12430193496,2804450687,0,Santa Cruz – Chembur Link Road,trunk,3,618.8,0.0,4845.0,0.0,22.3,22.3,0
12430193495,12430193496,0,,trunk_link,3,9.7,0.0,4845.0,0.0,0.6,0.6,0
8708174632,8708174626,0,Jawaharlal Nehru Road,secondary,2,83.0,0.0,2550.0,0.0,6.6,6.6,0
1361564502,1361564545,0,Datta Mandir Road,secondary,2,128.6,0.0,2550.0,0.0,10.3,10.3,0
1361564502,10277477764,0,Datta Mandir Road,secondary,2,11.7,0.0,2550.0,0.0,0.9,0.9,0
9931191124,6243685412,0,,motorway_link,3,294.6,0.0,5100.0,0.0,13.3,13.3,0
245666615,2244797303,0,Swami Vivekanand Road,primary,2,58.7,0.0,3060.0,0.0,3.8,3.8,0
10636989239,1934779427,0,Balasaheb Sawant Road,secondary,2,11.3,0.0,2550.0,0.0,0.9,0.9,0
2246472501,1366009125,0,Lal Bahadur Shastri Marg,primary,2,113.5,0.0,3060.0,0.0,7.4,7.4,0
2439615338,6598264185,0,Vaikunthlal Mehta Road,secondary,2,95.4,0.0,2550.0,0.0,7.6,7.6,0
349131628,2249268387,0,,secondary,2,71.0,0.0,2550.0,0.0,5.7,5.7,0
349131628,2249268394,0,Asha Nagar Road,secondary,2,103.5,0.0,2550.0,0.0,8.3,8.3,0
4014863213,6552261005,0,,secondary,2,27.9,0.0,2550.0,0.0,2.2,2.2,0
4014863213,4104861753,0,,secondary,2,13.1,0.0,2550.0,0.0,1.0,1.0,0
2439615342,2439615340,0,Guru Nanak Road,secondary,2,90.1,0.0,2550.0,0.0,7.2,7.2,0
1389409135,13723183137,0,General A K Vaidya Marg,secondary,2,11.7,0.0,2550.0,0.0,0.9,0.9,0
2439615340,245671026,0,Guru Nanak Road,secondary,2,7.2,0.0,2550.0,0.0,0.6,0.6,0
1389409137,7271727274,0,General A K Vaidya Marg,secondary,2,8.8,0.0,2550.0,0.0,0.7,0.7,0
1389409137,7271727274,1,,secondary,2,12.3,0.0,2550.0,0.0,1.0,1.0,0
10877195122,1375215761,0,,secondary,2,9.3,0.0,2550.0,0.0,0.7,0.7,0
10877195122,13887009314,0,,secondary,2,9.4,0.0,2550.0,0.0,0.8,0.8,0
4014863218,4104861750,0,,secondary,2,424.0,0.0,2550.0,0.0,33.9,33.9,0
10224997234,9115710877,0,Lokmanya Tilak Road,secondary,2,11.4,0.0,2550.0,0.0,0.9,0.9,0
1185821557,2233651339,0,Chincholi Bunder Road,secondary,2,65.1,0.0,2550.0,0.0,5.2,5.2,0
1185821557,1185812972,0,Chincholi Bunder Road,secondary,2,115.4,0.0,2550.0,0.0,9.2,9.2,0
10877195128,13734025715,0,,secondary,2,177.9,0.0,2550.0,0.0,14.2,14.2,0
5911311144,6428722624,0,Jawaharlal Nehru Road,secondary,2,55.8,0.0,2550.0,0.0,4.5,4.5,0
8708174632,10653592689,0,Jawaharlal Nehru Road,secondary,2,126.1,0.0,2550.0,0.0,10.1,10.1,0
12338983678,884430021,0,,secondary,2,40.1,0.0,2550.0,0.0,3.2,3.2,0
5911311114,4342420780,0,Jawaharlal Nehru Road,secondary,2,85.1,0.0,2550.0,0.0,6.8,6.8,0
13520933661,13514568910,0,Manuel Gonsalves Road,secondary,2,20.0,0.0,2550.0,0.0,1.6,1.6,0
13520933660,13520933659,0,,secondary_link,2,6.7,0.0,2550.0,0.0,0.5,0.5,0
13520933660,471587922,0,Manuel Gonsalves Road,secondary,2,55.0,0.0,2550.0,0.0,6.6,6.6,0
13520933659,13520933660,0,,secondary_link,2,6.7,0.0,2550.0,0.0,0.5,0.5,0
13520933659,13520933661,0,Manuel Gonsalves Road,secondary,2,11.1,0.0,2550.0,0.0,0.9,0.9,0
10107630357,1732611670,0,Achutrao Patwardhan Marg,secondary,2,127.3,0.0,2550.0,0.0,10.2,10.2,0
10310857481,629023979,0,,secondary,2,7.4,0.0,2550.0,0.0,0.6,0.6,0
5911311138,13641030459,0,Jawaharlal Nehru Road,secondary,2,13.9,0.0,2550.0,0.0,1.1,1.1,0
10310857479,10310857477,0,R M Road,secondary,2,41.9,0.0,2550.0,0.0,3.4,3.4,0
13456028420,1481079753,0,Kasturba Gandhi Road,secondary,2,58.2,0.0,2550.0,0.0,4.7,4.7,0
10310857477,10310857476,0,,secondary_link,2,4.8,0.0,2550.0,0.0,0.4,0.4,0
10310857476,13584203884,0,,secondary_link,2,5.3,0.0,2550.0,0.0,0.4,0.4,0
5911311107,245668504,0,Jawaharlal Nehru Road,secondary,2,84.4,0.0,2550.0,0.0,6.7,6.7,0
10310857472,3793874877,0,R M Road,secondary,2,13.1,0.0,2550.0,0.0,1.1,1.1,0
13520933661,13520933662,0,,secondary_link,2,6.7,0.0,2550.0,0.0,0.5,0.5,0
13520933662,13520933660,0,Manuel Gonsalves Road,secondary,2,11.1,0.0,2550.0,0.0,1.3,1.3,0
13520933662,13520933661,0,,secondary_link,2,6.7,0.0,2550.0,0.0,0.5,0.5,0
13520933663,10882727462,0,Manuel Gonsalves Road,secondary,2,28.1,0.0,2550.0,0.0,2.2,2.2,0
13520933663,13520933664,0,,secondary_link,2,6.7,0.0,2550.0,0.0,0.5,0.5,0
13520933664,13520933663,0,,secondary_link,2,6.7,0.0,2550.0,0.0,0.5,0.5,0
13520933664,13520933668,0,Manuel Gonsalves Road,secondary,2,58.1,0.0,2550.0,0.0,7.0,7.0,0
8708174626,4342420515,0,Jawaharlal Nehru Road,secondary,2,396.0,0.0,2550.0,0.0,31.7,31.7,0
8708174626,8708174632,0,Jawaharlal Nehru Road,secondary,2,83.0,0.0,2550.0,0.0,6.6,6.6,0
13520933667,13520933668,0,,secondary_link,2,6.6,0.0,2550.0,0.0,0.5,0.5,0
13520933667,13520933663,0,Manuel Gonsalves Road,secondary,2,58.0,0.0,2550.0,0.0,4.6,4.6,0
13520933668,471581476,0,Manuel Gonsalves Road,secondary,2,27.6,0.0,2550.0,0.0,3.3,3.3,0
13520933668,13520933667,0,,secondary_link,2,6.6,0.0,2550.0,0.0,0.5,0.5,0
13520933669,13520933670,0,,secondary_link,2,6.3,0.0,2550.0,0.0,0.5,0.5,0
13520933669,10882727463,0,Manuel Gonsalves Road,secondary,2,118.7,0.0,2550.0,0.0,9.5,9.5,0
13520933670,13520099254,0,Manuel Gonsalves Road,secondary,2,76.9,0.0,2550.0,0.0,9.2,9.2,0
13520933670,13520933669,0,,secondary_link,2,6.3,0.0,2550.0,0.0,0.5,0.5,0
13887009327,4611102160,0,Service Road,secondary,2,20.4,0.0,2550.0,0.0,1.6,1.6,0
1186902567,10230592051,0,,secondary,2,87.3,0.0,2550.0,0.0,7.0,7.0,0
12393009513,13723183135,0,,secondary,2,73.5,0.0,2550.0,0.0,5.9,5.9,0
6552261009,6552261005,0,,secondary,2,39.5,0.0,2550.0,0.0,3.2,3.2,0
1166258594,2249326319,0,,trunk_link,1,180.1,0.0,1615.0,0.0,10.8,10.8,0
6604304801,245682714,0,Swami Vivekanand Road,secondary,2,116.8,0.0,2550.0,0.0,9.3,9.3,0
2221887899,1375170805,0,Gorai Link Road,secondary,2,273.4,0.0,2550.0,0.0,21.9,21.9,0
7345377681,7345377682,0,,secondary,2,30.7,0.0,2550.0,0.0,2.5,2.5,0
3797889425,13626310251,0,Mahakali Caves Road,secondary,2,187.1,0.0,2550.0,0.0,15.0,15.0,0
1936580611,1920266011,0,Swami Vivekanand Road,primary,2,81.8,0.0,3060.0,0.0,5.4,5.4,0
6552261009,4014863213,0,,secondary,2,26.3,0.0,2550.0,0.0,2.1,2.1,0
6581277093,13651615237,0,Boraspada Road,secondary,2,128.0,0.0,2550.0,0.0,10.2,10.2,0
7345377683,7345380801,0,,secondary,2,133.0,0.0,2550.0,0.0,10.6,10.6,0
7345377682,13773981730,0,,secondary,2,27.0,0.0,2550.0,0.0,2.2,2.2,0
1194135953,1936499780,0,,secondary_link,2,52.5,0.0,2550.0,0.0,4.2,4.2,0
7345377680,7345377681,0,,secondary,2,23.7,0.0,2550.0,0.0,1.9,1.9,0
7345377679,7345377659,0,,secondary,2,129.8,0.0,2550.0,0.0,10.4,10.4,0
7345377678,7345380791,0,,secondary,2,86.5,0.0,2550.0,0.0,6.9,6.9,0
6581277093,13651615240,0,Boraspada Road,secondary,2,11.3,0.0,2550.0,0.0,0.9,0.9,0
12347814313,7206407305,0,L K Mehta Marg,secondary,2,7.1,0.0,2550.0,0.0,0.6,0.6,0
9918730791,6165604840,0,Senapati Bapat Marg,secondary,2,181.0,0.0,2550.0,0.0,14.5,14.5,0
13652103604,7345377653,0,Dr Babasaheb Ambedkar Road,secondary,2,140.7,0.0,2550.0,0.0,11.3,11.3,0
13652103602,13652103601,0,,secondary_link,2,7.1,0.0,2550.0,0.0,0.6,0.6,0
13652103602,13652084600,0,Dr Babasaheb Ambedkar Road,secondary,2,35.2,0.0,2550.0,0.0,2.8,2.8,0
13652103603,13652103604,0,,secondary_link,2,9.4,0.0,2550.0,0.0,0.8,0.8,0
13652103603,7345377650,0,Dr Babasaheb Ambedkar Road,secondary,2,52.2,0.0,2550.0,0.0,4.2,4.2,0
2221887926,2221887899,0,Gorai Link Road,secondary,2,87.4,0.0,2550.0,0.0,7.0,7.0,0
13523554741,13523554740,0,,primary_link,2,10.9,0.0,3060.0,0.0,0.7,0.7,0
13652103604,13652103603,0,,secondary_link,2,9.4,0.0,2550.0,0.0,0.8,0.8,0
12347814314,12347814313,0,K C Marg,secondary,2,7.1,0.0,2550.0,0.0,0.6,0.6,0
13523554738,245668011,0,Swami Vivekanand Road,primary,2,58.0,0.0,3060.0,0.0,3.8,3.8,0
13652103601,13652103602,0,,secondary_link,2,7.1,0.0,2550.0,0.0,0.6,0.6,0
13652103601,13652084597,0,Dr Babasaheb Ambedkar Road,secondary,2,23.6,0.0,2550.0,0.0,1.9,1.9,0
6571717034,6571717035,0,,trunk_link,3,12.9,0.0,4845.0,0.0,0.8,0.8,0
6571717035,6571717034,0,,trunk_link,3,12.9,0.0,4845.0,0.0,0.8,0.8,0
3797889449,2246662755,0,Marol Maroshi Village Road,secondary,2,4.4,0.0,2550.0,0.0,0.4,0.4,0
6552261005,3217430479,0,,secondary,2,26.5,0.0,2550.0,0.0,2.1,2.1,0
7345377675,2221979546,0,,secondary,2,73.3,0.0,2550.0,0.0,5.9,5.9,0
7345377675,1416525707,0,Charkop Road SEC 1,secondary,2,14.0,0.0,2550.0,0.0,1.1,1.1,0
13760893289,13760893290,1,Chakravarty Ashok Road,secondary,2,11.7,0.0,2550.0,0.0,0.9,0.9,0
7345377654,1416525707,0,,secondary,2,73.2,0.0,2550.0,0.0,5.9,5.9,0
7345377652,7345415557,0,RDP Road No 5,secondary,2,222.9,0.0,2550.0,0.0,20.1,20.1,0
7345377652,7345105024,0,Kadsiddheshwar Marg,secondary,2,10.4,0.0,2550.0,0.0,0.8,0.8,0
7345377646,7345377667,0,Dr Babasaheb Ambedkar Road,secondary,2,10.5,0.0,2550.0,0.0,0.8,0.8,0
7345377650,7345377649,0,Dr Babasaheb Ambedkar Road,secondary,2,133.2,0.0,2550.0,0.0,10.7,10.7,0
7345377649,13652084599,0,Dr Babasaheb Ambedkar Road,secondary,2,60.5,0.0,2550.0,0.0,4.8,4.8,0
7345377647,7345377646,0,Dr Babasaheb Ambedkar Road,secondary,2,10.0,0.0,2550.0,0.0,0.8,0.8,0
7345377666,7345377647,0,Hanuman Mandir Marg,secondary,2,162.2,0.0,2550.0,0.0,13.0,13.0,0
7345377647,7345377667,0,Hanuman Mandir Marg,secondary,2,7.2,0.0,2550.0,0.0,0.6,0.6,0
13760893294,7397336293,0,Chakravarty Ashok Road,secondary,2,103.4,0.0,2550.0,0.0,8.3,8.3,0
13760893294,13760893293,0,,secondary_link,2,5.4,0.0,2550.0,0.0,0.4,0.4,0
13760893293,7397333164,0,Chakravarty Ashok Road,secondary,2,64.7,0.0,2550.0,0.0,5.2,5.2,0
13760893293,13760893294,0,,secondary_link,2,5.4,0.0,2550.0,0.0,0.4,0.4,0
7345377643,7345377652,0,Dr Babasaheb Ambedkar Road,secondary,2,10.4,0.0,2550.0,0.0,0.8,0.8,0
4696879479,245669231,0,Linking Road,secondary,2,113.2,0.0,2550.0,0.0,9.1,9.1,0
7345377653,2221979606,0,Hanuman Mandir Marg,secondary,2,31.8,0.0,2550.0,0.0,2.5,2.5,0
7345377653,7345377647,0,Dr Babasaheb Ambedkar Road,secondary,2,6.7,0.0,2550.0,0.0,0.5,0.5,0
7345377657,7345380797,0,,secondary,2,27.5,0.0,2550.0,0.0,2.2,2.2,0
7345377657,13652254282,0,,secondary_link,2,13.4,0.0,2550.0,0.0,1.1,1.1,0
7345377655,2222709056,0,Hanuman Mandir Marg,secondary,2,11.5,0.0,2550.0,0.0,0.9,0.9,0
7345377655,7345377654,0,,secondary,2,229.3,0.0,2550.0,0.0,18.3,18.3,0
7345377659,13597681621,0,,secondary,2,8.6,0.0,2550.0,0.0,0.7,0.7,0
12311884147,3105782026,0,Link Road,primary,2,53.4,0.0,3060.0,0.0,3.5,3.5,0
11068920191,13580017625,0,,secondary,2,16.3,0.0,2550.0,0.0,1.3,1.3,0
347042177,346606123,0,K C Marg,secondary,2,58.8,0.0,2550.0,0.0,4.7,4.7,0
865063296,867002869,0,Swami Vivekanand Road,primary,2,94.6,0.0,3060.0,0.0,6.2,6.2,0
11064832387,11064832388,0,Laxman Mhatre Road,secondary,2,13.6,0.0,2550.0,0.0,1.1,1.1,0
7345377667,629016904,0,Dr Babasaheb Ambedkar Road,secondary,2,5.7,0.0,2550.0,0.0,0.5,0.5,0
11064832388,6616025288,0,Laxman Mhatre Road,secondary,2,112.3,0.0,2550.0,0.0,9.0,9.0,0
10925691263,6616635522,0,,primary_link,2,8.6,0.0,3060.0,0.0,0.6,0.6,0
7345377669,7345377655,0,,secondary,2,11.1,0.0,2550.0,0.0,0.9,0.9,0
13523554737,13523554738,0,Swami Vivekanand Road,primary,2,60.9,0.0,3060.0,0.0,4.0,4.0,0
245682619,4364584583,0,Sardar Vallabhbhai Patel Road,secondary,2,162.6,0.0,2550.0,0.0,13.0,13.0,0
8716456379,7345105011,0,Kadsiddheshwar Marg,secondary,2,56.9,0.0,2550.0,0.0,4.1,4.1,0
7416574456,10279657609,0,Marol Maroshi Village Road,secondary,2,58.2,0.0,2550.0,0.0,4.7,4.7,0
11066937872,2244961849,0,Mathuradas Vasanji Road (Andheri Kurla Road),primary,2,101.2,0.0,3060.0,0.0,6.6,6.6,0
10845925895,10845925893,0,,primary_link,2,30.2,0.0,3060.0,0.0,2.0,2.0,0
10845925895,245676028,0,Behrambaug Road,primary,2,22.0,0.0,3060.0,0.0,1.4,1.4,0
7416574460,2246662830,0,Maroshi Village Road,secondary,2,167.6,0.0,2550.0,0.0,13.4,13.4,0
3878367744,623040016,0,Andheri Station Road,secondary,2,106.1,0.0,2550.0,0.0,8.5,8.5,0
3878367744,3878367738,0,,secondary,2,67.7,0.0,2550.0,0.0,5.4,5.4,0
7241667064,3878492911,0,Goregaon Link Road,primary,2,369.8,0.0,3060.0,0.0,24.2,24.2,0
7416574454,7416574456,0,Marol Maroshi Village Road,secondary,2,36.1,0.0,2550.0,0.0,2.9,2.9,0
7416574461,1184069905,0,Maroshi Village Road,secondary,2,112.0,0.0,2550.0,0.0,9.0,9.0,0
7416574461,7416574444,0,,secondary,2,6.1,0.0,2550.0,0.0,0.5,0.5,0
482333179,296354498,0,Swami Vivekanand Road,primary,2,320.1,0.0,3060.0,0.0,21.0,21.0,0
3878367738,3878367744,0,,secondary,2,67.7,0.0,2550.0,0.0,5.4,5.4,0
3878367738,1640273643,0,R K Paramhans Road,secondary,2,120.7,0.0,2550.0,0.0,9.7,9.7,0
7416574457,7416574461,0,Marol Maroshi Village Road,secondary,2,81.9,0.0,2550.0,0.0,6.6,6.6,0
1936627983,12293414015,0,CD Barfiwala Road,secondary,2,154.7,0.0,2550.0,0.0,12.4,12.4,0
11066937877,2244961895,0,Mathuradas Vasanji Road (Andheri Kurla Road),primary,2,11.4,0.0,3060.0,0.0,0.7,0.7,0
245682714,2224504081,0,Swami Vivekanand Road,secondary,2,52.2,0.0,2550.0,0.0,4.2,4.2,0
347116059,10882715560,0,Perry Road,secondary_link,2,7.7,0.0,2550.0,0.0,0.6,0.6,0
347116059,347106967,0,Perry Road,secondary,2,107.2,0.0,2550.0,0.0,8.6,8.6,0
13887009306,13887009309,0,,secondary,2,159.7,0.0,2550.0,0.0,12.8,12.8,0
13887009309,13887009311,0,,secondary,2,152.3,0.0,2550.0,0.0,12.2,12.2,0
13887009309,13887009326,0,,trunk_link,3,11.1,0.0,4845.0,0.0,0.7,0.7,0
13887009311,13887009314,0,,secondary,2,181.5,0.0,2550.0,0.0,14.5,14.5,0
3795055136,1185859883,0,,secondary,2,7.1,0.0,2550.0,0.0,0.6,0.6,0
13887009314,6430474708,0,,secondary,2,4.9,0.0,2550.0,0.0,0.4,0.4,0
13887009314,10877195122,0,,secondary,2,9.4,0.0,2550.0,0.0,0.8,0.8,0
13887009314,10877195128,0,,secondary,2,611.5,0.0,2550.0,0.0,48.9,48.9,0
10216903202,7397336299,0,M B Desai Road,secondary,2,18.7,0.0,2550.0,0.0,1.5,1.5,0
245682725,13580142925,0,Laxman Mhatre Road,secondary,2,103.4,0.0,2550.0,0.0,8.3,8.3,0
1186902566,1361561210,0,Malad Underpass,secondary,2,158.3,0.0,2550.0,0.0,12.7,12.7,0
1186902566,1186902567,0,,secondary,2,28.3,0.0,2550.0,0.0,2.3,2.3,0
245682679,10570371202,0,Link Road,primary,2,291.1,0.0,3060.0,0.0,19.1,19.1,0
13448278506,10209609626,0,Sardar Vallabhbhai Patel Road,secondary,2,50.2,0.0,2550.0,0.0,4.0,4.0,0
13503549885,8589101233,0,Chitrakar Dhurandar Road,secondary,2,9.1,0.0,2550.0,0.0,0.7,0.7,0
347042252,7206394773,0,K C Marg,secondary,2,147.3,0.0,2550.0,0.0,11.8,11.8,0
3878367702,2242610342,0,Sahar Road,secondary,2,31.2,0.0,2550.0,0.0,2.5,2.5,0
13450072531,9969180381,0,Balasaheb Sawant Road,secondary,2,222.7,0.0,2550.0,0.0,17.8,17.8,0
10926043604,10926044209,0,,trunk_link,3,37.2,0.0,4845.0,0.0,2.2,2.2,0
10880537043,969893765,0,Kasturba Gandhi Road,secondary,2,204.1,0.0,2550.0,0.0,16.3,16.3,0
10880537043,7389365094,0,Kasturba Gandhi Road,secondary,2,199.5,0.0,2550.0,0.0,16.0,16.0,0
2221887953,10277336164,0,Gorai Link Road,secondary,2,134.2,0.0,2550.0,0.0,10.7,10.7,0
13637825950,5488442676,0,Sahar Road,secondary,2,17.7,0.0,2550.0,0.0,1.4,1.4,0
11046121963,5911311138,0,Jawaharlal Nehru Road,secondary,2,37.9,0.0,2550.0,0.0,3.0,3.0,0
3797889475,2246662773,0,Marol Maroshi Village Road,secondary,2,36.2,0.0,2550.0,0.0,2.9,2.9,0
3803075012,245667551,0,Carter Road,secondary,4,164.1,0.0,5100.0,0.0,13.1,13.1,0
13774426555,13774426556,0,,secondary_link,2,8.0,0.0,2550.0,0.0,0.6,0.6,0
13774426556,7388110215,0,Fr. Justin D'Souza Road,secondary,2,125.7,0.0,2550.0,0.0,10.1,10.1,0
13774426556,13774426555,0,,secondary_link,2,8.0,0.0,2550.0,0.0,0.6,0.6,0
13503549885,8589101231,0,Danda Boulevard (1st Road),secondary,2,68.0,0.0,2550.0,0.0,5.4,5.4,0
6431101396,5938773153,0,General A K Vaidya Marg,secondary,2,148.2,0.0,2550.0,0.0,11.9,11.9,0
245666274,10292442915,0,,secondary,2,11.3,0.0,2550.0,0.0,0.9,0.9,0
245666274,8443498438,0,Street 3,secondary,2,167.6,0.0,2550.0,0.0,13.4,13.4,0
13615108580,13615108581,0,,secondary,3,5.9,0.0,3825.0,0.0,0.5,0.5,0
13615108581,2804481645,0,,secondary,3,26.3,0.0,3825.0,0.0,2.1,2.1,0
13615108581,13799110863,0,Santa Cruz – Chembur Link Road,trunk,3,149.6,0.0,4845.0,0.0,9.0,9.0,0
11066364389,13437572370,0,Mahakali Caves Road,secondary,2,4.5,0.0,2550.0,0.0,0.4,0.4,0
11066364389,4675903916,0,Mahakali Caves Road,secondary,2,216.9,0.0,2550.0,0.0,17.3,17.3,0
1194136040,5938773176,0,Goregaon Mulund Link Road,secondary,2,35.0,0.0,2550.0,0.0,2.8,2.8,0
1194136040,1194136009,0,,secondary_link,2,46.4,0.0,2550.0,0.0,3.7,3.7,0
13353087466,13353077380,0,Lal Bahadur Shastri Marg,primary,2,42.6,0.0,3060.0,0.0,2.8,2.8,0
1194136043,245678572,0,Goregaon Mulund Link Road,secondary,2,269.7,0.0,2550.0,0.0,21.6,21.6,0
1185812972,4347060266,0,Chincholi Bunder Road,secondary,2,23.4,0.0,2550.0,0.0,1.9,1.9,0
1185812972,1185821557,0,Chincholi Bunder Road,secondary,2,115.4,0.0,2550.0,0.0,9.2,9.2,0
7416574444,3797889449,0,Marol Maroshi Village Road,secondary,2,83.4,0.0,2550.0,0.0,6.7,6.7,0
7416574444,7416574461,0,,secondary,2,6.1,0.0,2550.0,0.0,0.5,0.5,0
7416574444,7362430636,0,,secondary,2,87.1,0.0,2550.0,0.0,7.0,7.0,0
11105021580,5130752071,0,,secondary,2,33.3,0.0,2550.0,0.0,2.7,2.7,0
6581112461,2233650869,0,General A K Vaidya Marg,secondary,2,60.6,0.0,2550.0,0.0,4.8,4.8,0
11105021579,10653548875,0,,secondary,2,198.0,0.0,2550.0,0.0,15.8,15.8,0
2250795705,2250795710,0,,motorway_link,3,13.9,0.0,5100.0,0.0,0.6,0.6,0
2250795710,245664408,0,Swami Vivekanand Road,primary,2,55.6,0.0,3060.0,0.0,3.6,3.6,0
245664445,2250795688,0,Western Express Highway,motorway,3,342.8,0.0,5100.0,0.0,12.3,12.3,0
245664445,2250795693,0,Bandra Worli Sea Link Flyover,motorway_link,3,684.5,0.0,5100.0,0.0,82.1,82.1,0
1154214585,3708879372,0,Guru Hargovindji Road,primary,2,429.2,0.0,3060.0,0.0,28.1,28.1,0
1174325946,1174222014,0,Mahatma Gandhi Road,secondary,2,102.0,0.0,2550.0,0.0,8.2,8.2,0
2250795705,619227618,0,Swami Vivekanand Road,primary,2,18.4,0.0,3060.0,0.0,1.2,1.2,0
1154214582,1154214585,0,N S Phadke Marg,primary,2,36.1,0.0,3060.0,0.0,2.4,2.4,0
2233649871,245675997,0,,secondary,2,79.1,0.0,2550.0,0.0,6.3,6.3,0
2250795693,245664547,0,Bandra Worli Sea Link Flyover,motorway_link,3,53.3,0.0,5100.0,0.0,6.4,6.4,0
2250795688,346604059,0,Western Express Highway,motorway,3,727.9,0.0,5100.0,0.0,26.2,26.2,0
6552758948,2897024822,0,Bandra Kurla Complex Road,primary,3,34.4,0.0,4590.0,0.0,2.2,2.2,0
6552758948,6552758946,0,,primary_link,2,45.5,0.0,3060.0,0.0,3.0,3.0,0
6552758946,2897024850,0,,secondary,3,136.9,0.0,3825.0,0.0,11.0,11.0,0
6552758940,296857791,0,Bandra Kurla Complex Road,primary,3,31.0,0.0,4590.0,0.0,2.0,2.0,0
2250795710,619227657,0,,motorway_link,3,84.4,0.0,5100.0,0.0,3.8,3.8,0
245664463,245664445,0,Bandra Worli Sea Link Flyover,motorway,3,214.5,0.0,5100.0,0.0,9.7,9.7,0
10277636665,12397768020,0,Sardar Vallabhbhai Patel Road,secondary,2,62.1,0.0,2550.0,0.0,5.0,5.0,0
10277333722,10277333723,0,Gorai Road,secondary,2,285.8,0.0,2550.0,0.0,22.9,22.9,0
13796109030,13796109029,0,,primary,2,7.5,0.0,3060.0,0.0,0.5,0.5,0
13796109029,13795940242,0,,primary,2,10.1,0.0,3060.0,0.0,0.7,0.7,0
619309793,1647285845,0,Lal Bahadur Shastri Marg,primary,2,360.8,0.0,3060.0,0.0,23.6,23.6,0
619309790,1366028032,0,Lal Bahadur Shastri Marg,primary,2,133.8,0.0,3060.0,0.0,8.8,8.8,0
10277333723,628998774,0,Gorai Road,secondary,2,410.2,0.0,2550.0,0.0,32.8,32.8,0
10277333723,7325017694,0,,secondary_link,2,11.4,0.0,2550.0,0.0,0.9,0.9,0
10277333722,10277333721,0,,secondary_link,2,10.8,0.0,2550.0,0.0,0.9,0.9,0
245672659,1936355587,0,,secondary,2,13.8,0.0,2550.0,0.0,1.1,1.1,0
10277333721,10277333722,0,,secondary_link,2,10.8,0.0,2550.0,0.0,0.9,0.9,0
10277333721,7325017696,0,Gorai Road,secondary,2,66.8,0.0,2550.0,0.0,5.3,5.3,0
10277333720,1939194010,0,Gorai Road,secondary,2,128.0,0.0,2550.0,0.0,10.2,10.2,0
10570451670,10242247027,0,Link Road,primary,2,72.6,0.0,3060.0,0.0,4.8,4.8,0
2250795734,245664667,0,,motorway_link,3,22.3,0.0,5100.0,0.0,1.0,1.0,0
245672659,13919216486,0,Swami Vivekanand Road,primary,2,25.5,0.0,3060.0,0.0,1.7,1.7,0
245664408,245664463,0,,motorway_link,3,275.0,0.0,5100.0,0.0,12.4,12.4,0
245664408,1640972957,0,Swami Vivekanand Road,primary,2,109.8,0.0,3060.0,0.0,7.2,7.2,0
10653616787,1184073234,0,Mathuradas Vasanji Road (Andheri Kurla Road),primary,2,442.0,0.0,3060.0,0.0,28.9,28.9,0
13526887022,13526887023,0,,secondary_link,2,8.3,0.0,2550.0,0.0,0.7,0.7,0
12430273137,13892897534,0,Western Express Highway,trunk,3,195.6,0.0,4845.0,0.0,11.7,11.7,0
13526887023,245668763,0,Juhu Tara Road,secondary,2,140.9,0.0,2550.0,0.0,11.3,11.3,0
13526887023,13526887022,0,,secondary_link,2,8.3,0.0,2550.0,0.0,0.7,0.7,0
10882615919,3797889296,0,Maroshi Village Road,secondary,2,7.4,0.0,2550.0,0.0,0.6,0.6,0
10882615919,1184070627,0,Maroshi Village Road,secondary,2,11.2,0.0,2550.0,0.0,0.9,0.9,0
13526887022,9740934234,0,Juhu Tara Road,secondary,2,47.6,0.0,2550.0,0.0,3.8,3.8,0
4697188966,296852598,0,Ceasar Road,secondary,2,119.2,0.0,2550.0,0.0,9.5,9.5,0
10653616787,10653616790,0,Baji Pasalkar Marg (Saki Vihar Road),primary,2,22.4,0.0,3060.0,0.0,1.5,1.5,0
12086495837,12395671875,0,Link Road,primary,2,8.3,0.0,3060.0,0.0,0.5,0.5,0
9383029316,2233649871,0,,secondary,2,61.5,0.0,2550.0,0.0,4.9,4.9,0
245680708,7378436346,0,Mahatma Gandhi Road,secondary,2,168.2,0.0,2550.0,0.0,13.5,13.5,0
10277636669,10277636661,0,Sardar Vallabhbhai Patel Road,secondary,2,106.9,0.0,2550.0,0.0,8.6,8.6,0
10277636668,630298120,0,Sardar Vallabhbhai Patel Road,secondary,2,130.4,0.0,2550.0,0.0,10.4,10.4,0
7385934393,1919753058,0,Link Road,primary,2,6.5,0.0,3060.0,0.0,0.4,0.4,0
10882615923,11472722268,0,,secondary_link,2,7.2,0.0,2550.0,0.0,0.6,0.6,0
10882615923,10882615927,0,Maroshi Village Road,secondary,2,125.0,0.0,2550.0,0.0,10.0,10.0,0
2629945972,6616861151,0,,secondary,2,14.8,0.0,2550.0,0.0,1.2,1.2,0
10882615925,10882615926,0,Maroshi Village Road,secondary,2,11.3,0.0,2550.0,0.0,0.9,0.9,0
6608841334,13470000968,0,,trunk_link,3,16.3,0.0,4845.0,0.0,1.0,1.0,0
10882615927,10882615928,0,Maroshi Village Road,secondary,2,11.0,0.0,2550.0,0.0,0.9,0.9,0
10882615928,12816133187,0,Maroshi Village Road,secondary,2,66.1,0.0,2550.0,0.0,5.3,5.3,0
10882615926,1184069898,0,Maroshi Village Road,secondary,2,61.2,0.0,2550.0,0.0,4.9,4.9,0
10882615932,10882615919,0,Maroshi Village Road,secondary,2,10.2,0.0,2550.0,0.0,0.8,0.8,0
13353077380,13353077382,0,Lal Bahadur Shastri Marg,primary,2,16.4,0.0,3060.0,0.0,1.1,1.1,0
13353077382,1366008983,0,Lal Bahadur Shastri Marg,primary,2,116.8,0.0,3060.0,0.0,7.6,7.6,0
623217288,245672811,0,Kamalakar Pant Walawalkar Marg,primary,2,52.7,0.0,3060.0,0.0,3.4,3.4,0
623217288,1934768159,0,Balasaheb Sawant Road,secondary,2,10.7,0.0,2550.0,0.0,0.9,0.9,0
245680777,7345377675,0,,secondary,2,12.0,0.0,2550.0,0.0,1.0,1.0,0
11375504014,9739950372,0,Swami Vivekanand Road,primary,2,6.2,0.0,3060.0,0.0,0.4,0.4,0
13994961552,6280378088,0,Gurunanak Marg,secondary,1,142.8,0.0,1275.0,0.0,11.4,11.4,0
9171782289,3878492908,0,Goregaon Link Road,primary,2,97.2,0.0,3060.0,0.0,6.4,6.4,0
1184123626,2244637750,0,Krantiveer Lakhuji Salve Marg,secondary,2,125.1,0.0,2550.0,0.0,10.0,10.0,0
619309806,13353062211,0,Lal Bahadur Shastri Marg,primary,2,77.1,0.0,3060.0,0.0,5.0,5.0,0
619309810,2622177275,0,,primary,2,14.1,0.0,3060.0,0.0,0.9,0.9,0
13579955082,3793874882,0,Chatrapati Shivaji Road,secondary,2,89.0,0.0,2550.0,0.0,7.1,7.1,0
13579955098,10877132861,0,,secondary,2,157.0,0.0,2550.0,0.0,12.6,12.6,0
13579955097,2443056718,0,Chatrapati Shivaji Road,secondary,2,23.4,0.0,2550.0,0.0,1.9,1.9,0
1188801427,627837222,0,M B Desai Road,secondary,2,65.0,0.0,2550.0,0.0,5.2,5.2,0
12311833488,5066959633,0,Mahatma Gandhi Road,secondary,2,35.9,0.0,2550.0,0.0,2.9,2.9,0
13579955084,629023678,0,R M Road,secondary,2,38.8,0.0,2550.0,0.0,3.1,3.1,0
13579955084,3793874877,0,R M Road,secondary,2,63.3,0.0,2550.0,0.0,5.1,5.1,0
10921503625,884364577,0,Link Road,primary,2,297.3,0.0,3060.0,0.0,19.5,19.5,0
2892843890,6430960767,0,Santa Cruz – Chembur Link Road,trunk,3,189.1,0.0,4845.0,0.0,11.3,11.3,0
2370341764,1365949435,0,Sion Bandra Link Road,primary,2,68.3,0.0,3060.0,0.0,4.5,4.5,0
631466883,13689201525,0,Padmabushan Vasantdada Patil Marg,primary,2,488.8,0.0,3060.0,0.0,32.0,32.0,0
631466883,12014245217,0,,secondary,3,16.4,0.0,3825.0,0.0,1.3,1.3,0
13353053057,11060989294,0,Magan Nathuram Road,primary,2,17.3,0.0,3060.0,0.0,1.1,1.1,0
2892843893,622060376,0,Shahid Major Kaustubh Rane flyover,trunk,2,612.2,0.0,3230.0,0.0,36.7,36.7,0
2892843893,10265837619,0,,trunk_link,3,27.9,0.0,4845.0,0.0,1.7,1.7,0
6430673820,10877916796,0,Bandra Kurla Complex Road,primary,3,161.1,0.0,4590.0,0.0,10.5,10.5,0
245664667,4362576452,0,Swami Vivekanand Road,primary,2,44.0,0.0,3060.0,0.0,2.9,2.9,0
13760893290,13760893285,0,Chakravarty Ashok Road,secondary,2,9.7,0.0,2550.0,0.0,0.8,0.8,0
6430673825,631525441,0,,secondary,3,35.8,0.0,3825.0,0.0,2.9,2.9,0
6430673825,6430673820,0,,primary_link,2,61.0,0.0,3060.0,0.0,4.0,4.0,0
13537225634,6271834098,0,,secondary_link,2,6.2,0.0,2550.0,0.0,0.5,0.5,0
13537225634,13519081577,0,Danda Boulevard,secondary,2,86.8,0.0,2550.0,0.0,6.9,6.9,0
13537225635,6271834100,0,,secondary_link,2,6.5,0.0,2550.0,0.0,0.5,0.5,0
13537225635,7298841985,0,Danda Boulevard,secondary,2,47.4,0.0,2550.0,0.0,3.8,3.8,0
13537225636,7298842002,0,,secondary_link,2,6.6,0.0,2550.0,0.0,0.5,0.5,0
13537225636,10118530702,0,,secondary,2,50.3,0.0,2550.0,0.0,4.0,4.0,0
13537225637,1642244014,0,Danda Boulevard,secondary,2,33.5,0.0,2550.0,0.0,2.7,2.7,0
13537225637,13537225638,0,,secondary_link,2,6.2,0.0,2550.0,0.0,0.5,0.5,0
13537225638,13537225637,0,,secondary_link,2,6.2,0.0,2550.0,0.0,0.5,0.5,0
13537225638,10882696219,0,Chitrakar Dhurandar Road,secondary,2,48.1,0.0,2550.0,0.0,3.8,3.8,0
245664680,6491085020,0,Sion Bandra Link Road,primary,2,187.3,0.0,3060.0,0.0,12.3,12.3,0
245664695,8882200680,0,Western Express Highway,motorway,5,44.2,0.0,8500.0,0.0,2.0,2.0,0
7398222708,7398222690,0,Chunilal Giridharlal Road,secondary,2,10.6,0.0,2550.0,0.0,0.9,0.9,0
12776491888,13857437036,0,Ceasar Road,secondary,2,36.9,0.0,2550.0,0.0,3.0,3.0,0
619309810,6429588362,0,Lal Bahadur Shastri Marg,primary,2,73.5,0.0,3060.0,0.0,4.8,4.8,0
2250795804,2250795799,0,,motorway_link,3,21.0,0.0,5100.0,0.0,0.9,0.9,0
10629352244,1647285790,0,,trunk_link,3,28.7,0.0,4845.0,0.0,1.7,1.7,0
1351183149,13654758674,0,,secondary,2,11.4,0.0,2550.0,0.0,0.9,0.9,0
1351183149,1375170686,0,Malad Marve Road,secondary,2,11.2,0.0,2550.0,0.0,0.9,0.9,0
1351183145,13819263246,0,Malad Marve Road,secondary,2,64.4,0.0,2550.0,0.0,5.2,5.2,0
2250795814,4328161648,0,,motorway_link,3,19.3,0.0,5100.0,0.0,0.9,0.9,0
245664547,2250795734,0,Bandra Worli Sea Link Flyover,motorway_link,3,114.8,0.0,5100.0,0.0,5.2,5.2,0
471591707,347115324,0,Gurunanak Marg,secondary,1,192.0,0.0,1275.0,0.0,15.4,15.4,0
1174145904,12084552184,0,Mahatma Gandhi Road,secondary,2,80.6,0.0,2550.0,0.0,6.4,6.4,0
5066959633,7378448200,0,Mahatma Gandhi Road,secondary,2,172.0,0.0,2550.0,0.0,13.8,13.8,0
1199606539,2244962360,0,Mathuradas Vasanji Road (Andheri Kurla Road),primary,2,27.6,0.0,3060.0,0.0,1.8,1.8,0
1199606539,3708878218,0,Maroshi Village Road,primary_link,2,20.9,0.0,3060.0,0.0,1.4,1.4,0
2610805004,866835029,0,Guru Nanak Road,secondary,2,49.5,0.0,2550.0,0.0,4.0,4.0,0
13892897534,2244790383,0,Western Express Highway,trunk,3,7.6,0.0,4845.0,0.0,0.5,0.5,0
619309814,6494952052,0,Lal Bahadur Shastri Marg,primary,2,22.6,0.0,3060.0,0.0,1.5,1.5,0
1351183157,13819263256,0,,secondary,2,63.7,0.0,2550.0,0.0,5.1,5.1,0
13522455350,13522455351,0,,secondary_link,2,7.2,0.0,2550.0,0.0,0.6,0.6,0
13522455350,8323355831,0,,secondary,2,80.5,0.0,2550.0,0.0,6.4,6.4,0
13522455351,7298842017,0,Danda Boulevard,secondary,2,39.8,0.0,2550.0,0.0,3.2,3.2,0
13522455351,13522455350,0,,secondary_link,2,7.2,0.0,2550.0,0.0,0.6,0.6,0
629017401,7345377669,0,Hanuman Mandir Marg,secondary,2,11.0,0.0,2550.0,0.0,0.9,0.9,0
13457918778,7385934393,0,Link Road,primary,2,137.4,0.0,3060.0,0.0,9.0,9.0,0
245664576,1640972957,0,,motorway_link,3,361.1,0.0,5100.0,0.0,16.2,16.2,0
245664576,245664463,0,Bandra Worli Sea Link Flyover,motorway,3,227.4,0.0,5100.0,0.0,10.2,10.2,0
630303556,619193834,0,Aarey Colony Road,secondary,2,41.5,0.0,2550.0,0.0,3.3,3.3,0
630303556,630301865,0,Aarey Colony Road,secondary,2,961.9,0.0,2550.0,0.0,77.0,77.0,0
13649079113,628597986,0,Kadsiddheshwar Marg,secondary,2,104.7,0.0,2550.0,0.0,7.5,7.5,0
13649079117,2221887615,0,Kadsiddheshwar Marg,secondary,2,66.0,0.0,2550.0,0.0,4.8,4.8,0
867003219,1936627909,0,Swami Vivekanand Road,primary,2,285.7,0.0,3060.0,0.0,18.7,18.7,0
12243225438,245667542,0,Santa Cruz – Chembur Link Road,trunk,3,141.7,0.0,4845.0,0.0,8.5,8.5,0
7398222690,7388123466,0,Chunilal Giridharlal Road,secondary,2,257.0,0.0,2550.0,0.0,20.6,20.6,0
245672811,245672962,0,Kamalakar Pant Walawalkar Marg,primary,2,41.0,0.0,3060.0,0.0,2.7,2.7,0
10277636665,344582458,0,Sant Gadge Maharaj Marg,primary,3,9.7,0.0,4590.0,0.0,0.6,0.6,0
10134735415,1647344937,0,Sion Bandra Link Road,primary,2,23.7,0.0,3060.0,0.0,1.6,1.6,0
1179332232,10228066172,0,Sion Flyover,trunk,3,1171.0,0.0,4845.0,0.0,105.4,105.4,0
8928692503,2443139105,0,Bandra Kurla Complex Road,primary,5,397.7,0.0,7650.0,0.0,26.0,26.0,0
245664037,1365949451,0,90 Feet Road,secondary,2,70.4,0.0,2550.0,0.0,5.6,5.6,0
245664037,10882918292,0,Sant Rohidas Marg,primary,2,8.1,0.0,3060.0,0.0,0.5,0.5,0
969935130,3736985728,0,Kasturba Gandhi Road,secondary,2,96.9,0.0,2550.0,0.0,7.8,7.8,0
969935130,13681043575,0,,secondary_link,2,8.2,0.0,2550.0,0.0,0.7,0.7,0
347179288,12926034666,0,Linking Road,secondary,2,24.0,0.0,2550.0,0.0,1.9,1.9,0
8928692503,8443491302,0,BKC - Sealink Road,motorway,2,716.5,0.0,3400.0,0.0,64.5,64.5,0
623880468,1640273641,0,,secondary_link,2,15.5,0.0,2550.0,0.0,1.2,1.2,0
627837222,1188807414,0,Chakravarty Ashok Road,secondary,2,138.8,0.0,2550.0,0.0,11.1,11.1,0
623880468,6438640687,0,Andheri Station Road,secondary,2,9.5,0.0,2550.0,0.0,0.8,0.8,0
13754239251,1936627865,0,N S Phadke Marg,primary,2,29.5,0.0,3060.0,0.0,1.9,1.9,0
9691859215,5470238123,0,,trunk_link,3,24.0,0.0,4845.0,0.0,1.4,1.4,0
9691859215,3743617937,0,Santa Cruz – Chembur Link Road,trunk,3,32.7,0.0,4845.0,0.0,2.0,2.0,0
1188784397,245680648,0,Mahatma Gandhi Road,secondary,2,180.7,0.0,2550.0,0.0,14.5,14.5,0
9166686475,1184146819,0,Mathuradas Vasanji Road (Andheri Kurla Road),primary,2,19.7,0.0,3060.0,0.0,1.3,1.3,0
627837222,7397333159,0,,secondary,2,10.4,0.0,2550.0,0.0,0.8,0.8,0
1185859880,10264514244,0,,secondary,2,9.2,0.0,2550.0,0.0,0.7,0.7,0
10277636661,10209609633,0,Sardar Vallabhbhai Patel Road,secondary,2,302.7,0.0,2550.0,0.0,24.2,24.2,0
8606021913,13649033306,0,Chunilal Giridharlal Road,secondary,2,98.7,0.0,2550.0,0.0,7.9,7.9,0
2031470945,346619785,0,Mount Carmel Road,secondary,2,172.9,0.0,2550.0,0.0,13.8,13.8,0
6292777302,5342165306,0,Gurunanak Marg,secondary,1,20.7,0.0,1275.0,0.0,1.7,1.7,0
7358417238,1184074193,0,Maroshi Village Road,secondary,2,13.1,0.0,2550.0,0.0,1.0,1.0,0
13580142925,10880492213,0,Laxman Mhatre Road,secondary,2,68.0,0.0,2550.0,0.0,5.4,5.4,0
629016904,13652103603,0,Dr Babasaheb Ambedkar Road,secondary,2,141.2,0.0,2550.0,0.0,11.3,11.3,0
629016904,7345377653,0,Hanuman Mandir Marg,secondary,2,7.8,0.0,2550.0,0.0,0.6,0.6,0
627837253,7370509470,0,M B Desai Road,secondary,2,77.3,0.0,2550.0,0.0,6.2,6.2,0
1185859883,7398169361,0,,secondary,2,78.2,0.0,2550.0,0.0,6.3,6.3,0
627837248,627837253,0,Rajguru Flyover,secondary,2,553.5,0.0,2550.0,0.0,44.3,44.3,0
2233649468,6428974211,0,Sant Gadge Maharaj Marg,primary,3,107.6,0.0,4590.0,0.0,7.0,7.0,0
344582458,6493430478,0,Sant Gadge Maharaj Marg,primary,3,309.8,0.0,4590.0,0.0,20.3,20.3,0
344582458,1879817913,0,Sardar Vallabhbhai Patel Road,secondary,2,14.8,0.0,2550.0,0.0,1.2,1.2,0
9884748090,884399555,0,Jai Prakash Road,secondary,2,6.3,0.0,2550.0,0.0,0.5,0.5,0
245664057,7372036698,0,Sion Bandra Link Road,primary,2,14.6,0.0,3060.0,0.0,1.0,1.0,0
10211936520,10211936519,0,,trunk_link,3,41.8,0.0,4845.0,0.0,2.5,2.5,0
3736922371,3736905353,0,Krantiveer Lakhuji Salve Marg,secondary,2,104.1,0.0,2550.0,0.0,8.3,8.3,0
2233649410,2233649468,0,Sant Gadge Maharaj Marg,primary,3,356.7,0.0,4590.0,0.0,23.4,23.4,0
10880461004,10880461003,0,,secondary,2,11.3,0.0,2550.0,0.0,0.9,0.9,0
864905425,864964228,0,,primary_link,2,14.6,0.0,3060.0,0.0,1.0,1.0,0
864905424,864905425,0,Gulmohar Road,primary,2,54.0,0.0,3060.0,0.0,3.5,3.5,0
2244962506,10882615925,0,Maroshi Village Road,secondary,2,64.8,0.0,2550.0,0.0,5.2,5.2,0
864905416,7371959394,0,Gulmohar Road,primary,2,55.8,0.0,3060.0,0.0,3.7,3.7,0
10880461000,969893715,0,Kasturba Gandhi Road,secondary,2,123.6,0.0,2550.0,0.0,9.9,9.9,0
10880461000,1481078176,0,Kasturba Gandhi Road,secondary,2,11.6,0.0,2550.0,0.0,0.9,0.9,0
7331358923,7325017704,0,,primary,2,7.4,0.0,3060.0,0.0,0.5,0.5,0
245664001,6557556694,0,Sant Rohidas Marg,primary,2,42.1,0.0,3060.0,0.0,2.8,2.8,0
864905418,864905424,0,Gulmohar Road,primary,2,172.0,0.0,3060.0,0.0,11.3,11.3,0
6616025288,245682725,0,Laxman Mhatre Road,secondary,2,74.4,0.0,2550.0,0.0,6.0,6.0,0
7331358918,7331358909,0,,primary,2,9.8,0.0,3060.0,0.0,0.6,0.6,0
7331358917,7331358923,0,,primary,2,13.0,0.0,3060.0,0.0,0.9,0.9,0
7331358917,10277333720,0,Gorai Road,secondary,2,96.9,0.0,2550.0,0.0,7.8,7.8,0
864905412,864905416,0,Gulmohar Road,primary,2,125.7,0.0,3060.0,0.0,8.2,8.2,0
864905425,9137843244,0,Gulmohar Road,primary,2,46.1,0.0,3060.0,0.0,3.0,3.0,0
864905426,864915144,0,Bhakti Vendanta Swami Marg,primary,2,234.4,0.0,3060.0,0.0,15.3,15.3,0
6552373458,6554426664,0,V K Krishna Marg,secondary,2,109.5,0.0,2550.0,0.0,8.8,8.8,0
13720570068,13720570069,0,,trunk_link,3,8.5,0.0,4845.0,0.0,0.5,0.5,0
13720570068,2250992838,0,,secondary,2,91.0,0.0,2550.0,0.0,7.3,7.3,0
13720570069,13720570068,0,,trunk_link,3,8.5,0.0,4845.0,0.0,0.5,0.5,0
245663959,2439602110,0,Lal Bahadur Shastri Marg,primary,2,12.2,0.0,3060.0,0.0,0.8,0.8,0
245663959,245664001,0,Sant Rohidas Marg,primary,2,78.3,0.0,3060.0,0.0,5.1,5.1,0
10767780060,10168211197,0,Lokmanya Tilak Road,secondary,2,107.5,0.0,2550.0,0.0,8.6,8.6,0
245663968,4328161625,0,Sion Bandra Link Road,primary,2,683.0,0.0,3060.0,0.0,44.7,44.7,0
2224023778,1353471884,0,Mahatma Gandhi Road,secondary,2,63.1,0.0,2550.0,0.0,5.0,5.0,0
7340067044,13598885116,0,Guru Nanak Road,secondary,2,11.4,0.0,2550.0,0.0,0.9,0.9,0
7340067044,7158617885,0,Vaikunthlal Mehta Road,secondary,2,302.2,0.0,2550.0,0.0,24.2,24.2,0
4590897380,3878492900,0,Goregaon Link Road,primary,2,76.4,0.0,3060.0,0.0,5.0,5.0,0
245672164,245671969,0,Guru Nanak Road,secondary,2,139.5,0.0,2550.0,0.0,11.2,11.2,0
13786409210,13654758667,0,,secondary,2,120.6,0.0,2550.0,0.0,9.6,9.6,0
5937604864,1879817893,0,Jogeshwari Vikhroli Link Road,primary,3,439.5,0.0,4590.0,0.0,28.8,28.8,0
5346806114,5346806116,0,,motorway_link,3,18.5,0.0,5100.0,0.0,0.8,0.8,0
5346806116,5346806114,0,,motorway_link,3,18.5,0.0,5100.0,0.0,0.8,0.8,0
10923936105,1936355567,0,Dadabhai Road,secondary,2,69.2,0.0,2550.0,0.0,5.5,5.5,0
10275432944,10275432946,0,,secondary_link,2,46.6,0.0,2550.0,0.0,3.7,3.7,0
10274081276,3736922371,0,Krantiveer Lakhuji Salve Marg,secondary,2,70.8,0.0,2550.0,0.0,5.7,5.7,0
13584566779,13584203863,0,,secondary,2,307.4,0.0,2550.0,0.0,24.6,24.6,0
2244790774,3737045118,0,,secondary,2,238.0,0.0,2550.0,0.0,19.0,19.0,0
867002869,12293379928,0,Swami Vivekanand Road,primary,2,51.4,0.0,3060.0,0.0,3.4,3.4,0
10275432946,10275432944,0,,secondary_link,2,46.6,0.0,2550.0,0.0,3.7,3.7,0
10275432946,2251057079,0,Asha Nagar Road,secondary,2,346.4,0.0,2550.0,0.0,27.7,27.7,0
10275432944,13733935625,0,,secondary,2,62.5,0.0,2550.0,0.0,5.0,5.0,0
9469495782,2897024711,0,Street 7,secondary,2,35.4,0.0,2550.0,0.0,2.8,2.8,0
6165604846,13366357985,0,Mahim Sion Link Road,secondary,2,258.1,0.0,2550.0,0.0,20.6,20.6,0
6165604846,6165604842,0,SL Raheja Hospital Marg,secondary,2,8.5,0.0,2550.0,0.0,0.7,0.7,0
6165604842,245663814,0,Mahim Sion Link Road,secondary,2,10.0,0.0,2550.0,0.0,0.8,0.8,0
6165604840,6428581623,0,SL Raheja Hospital Marg,secondary,2,73.2,0.0,2550.0,0.0,5.9,5.9,0
6429075944,1936499572,0,Swami Vivekanand Road,primary,2,98.2,0.0,3060.0,0.0,6.4,6.4,0
6429075944,6429075943,0,,primary_link,2,8.2,0.0,3060.0,0.0,0.5,0.5,0
2128595450,3803645691,0,Juhu Tara Road,secondary,2,172.1,0.0,2550.0,0.0,13.8,13.8,0
245680648,4357098658,0,Mahatma Gandhi Road,secondary,2,62.2,0.0,2550.0,0.0,5.0,5.0,0
2233649672,11038598977,0,Behrambaug Road,primary,2,15.7,0.0,3060.0,0.0,1.0,1.0,0
2233649676,2233649672,0,Behrambaug Road,primary,2,80.3,0.0,3060.0,0.0,5.3,5.3,0
619227661,2250795710,0,Swami Vivekanand Road,primary,2,62.3,0.0,3060.0,0.0,4.1,4.1,0
6552594957,2897024656,0,Bandra Kurla Complex Road,primary,3,27.1,0.0,4590.0,0.0,1.8,1.8,0
6552594957,6552594955,0,,primary_link,2,32.9,0.0,3060.0,0.0,2.2,2.2,0
4340967973,3217430477,0,,secondary,2,469.2,0.0,2550.0,0.0,37.5,37.5,0
245680677,2222708796,0,Mahatma Gandhi Road,secondary,2,62.5,0.0,2550.0,0.0,5.0,5.0,0
10923772458,8700057501,0,Lal Bahadur Shastri Marg,primary,2,68.1,0.0,3060.0,0.0,4.5,4.5,0
346606123,347042252,0,K C Marg,secondary,2,60.1,0.0,2550.0,0.0,4.8,4.8,0
10277636651,4235207452,0,Sardar Vallabhbhai Patel Road,secondary,2,303.9,0.0,2550.0,0.0,24.3,24.3,0
4340967981,245671354,0,Mathuradas Vasanji Road (Andheri Kurla Road),primary,2,12.9,0.0,3060.0,0.0,0.8,0.8,0
4340967981,10277909622,0,,secondary,2,38.3,0.0,2550.0,0.0,3.1,3.1,0
11041638954,13437559868,0,Swami Vivekanand Road,primary,2,74.9,0.0,3060.0,0.0,4.9,4.9,0
593119792,13619693606,0,,motorway_link,3,18.0,0.0,5100.0,0.0,0.8,0.8,0
10134735413,10134735415,0,Sion Bandra Link Road,primary,2,14.8,0.0,3060.0,0.0,1.0,1.0,0
6429075943,6429075944,0,,primary_link,2,8.2,0.0,3060.0,0.0,0.5,0.5,0
9469495782,2897024696,0,Avenue 3: Lane 3,secondary,2,8.3,0.0,2550.0,0.0,0.7,0.7,0
2233649520,1879818059,0,Sant Gadge Maharaj Marg,primary,3,211.7,0.0,4590.0,0.0,13.9,13.9,0
1179191712,10882945928,0,Road No 1,secondary,2,123.8,0.0,2550.0,0.0,9.9,9.9,0
13619939784,2897024614,0,Bandra Kurla Complex Road,primary,3,230.9,0.0,4590.0,0.0,15.1,15.1,0
346622403,346644272,0,K C Marg,secondary,2,234.0,0.0,2550.0,0.0,18.7,18.7,0
2244790722,3794378366,0,,secondary,2,58.9,0.0,2550.0,0.0,4.7,4.7,0
245672377,245672164,0,Guru Nanak Road,secondary,2,130.9,0.0,2550.0,0.0,10.5,10.5,0
6602738091,867276793,0,Balasaheb Sawant Road,secondary,2,173.2,0.0,2550.0,0.0,13.9,13.9,0
13519301031,2294364713,0,Lady Jamshedji Road,primary,2,103.5,0.0,3060.0,0.0,6.8,6.8,0
3308366231,6497126508,0,Lal Bahadur Shastri Marg,primary,2,231.7,0.0,3060.0,0.0,15.2,15.2,0
9469495781,9469495782,0,Street 7,secondary,2,7.9,0.0,2550.0,0.0,0.6,0.6,0
6598568335,5488442649,0,Sahar Road,secondary,2,25.3,0.0,2550.0,0.0,2.0,2.0,0
2224023937,13681043571,0,Link Road,primary,2,114.9,0.0,3060.0,0.0,7.5,7.5,0
1392429440,865063296,0,Swami Vivekanand Road,primary,2,259.7,0.0,3060.0,0.0,17.0,17.0,0
5340187004,245669185,0,Juhu Tara Road,secondary,2,137.1,0.0,2550.0,0.0,11.0,11.0,0
2224023927,14002141298,0,Link Road,primary,2,117.6,0.0,3060.0,0.0,7.7,7.7,0
10242247027,2222708366,0,Link Road,primary,2,216.1,0.0,3060.0,0.0,14.1,14.1,0
619227596,10882768315,0,L K Mehta Marg,secondary,2,109.5,0.0,2550.0,0.0,8.8,8.8,0
619227596,2250795688,0,,motorway_link,3,405.9,0.0,5100.0,0.0,18.3,18.3,0
1157179853,2233650832,0,General A K Vaidya Marg,secondary,2,66.9,0.0,2550.0,0.0,5.3,5.3,0
1184074193,7416574460,0,Maroshi Village Road,secondary,2,10.5,0.0,2550.0,0.0,0.8,0.8,0
1184074193,2236679363,0,Marol Maroshi Road,secondary,2,602.6,0.0,2550.0,0.0,48.2,48.2,0
1157179858,619183876,0,General A K Vaidya Marg,secondary,2,184.5,0.0,2550.0,0.0,14.8,14.8,0
13408414165,1389409135,0,General A K Vaidya Marg,secondary,2,126.0,0.0,2550.0,0.0,10.1,10.1,0
13408414166,13408414165,0,General A K Vaidya Marg,secondary,2,89.6,0.0,2550.0,0.0,7.2,7.2,0
13888227801,245682474,0,Devidas Road,primary,2,226.3,0.0,3060.0,0.0,14.8,14.8,0
13888227801,13893259451,0,,primary_link,2,11.0,0.0,3060.0,0.0,0.7,0.7,0
619227611,2250795705,0,,motorway_link,3,33.8,0.0,5100.0,0.0,1.5,1.5,0
619227611,619227618,0,L K Mehta Marg,primary_link,2,43.7,0.0,3060.0,0.0,2.9,2.9,0
6616861151,969803872,0,,secondary,2,11.4,0.0,2550.0,0.0,0.9,0.9,0
1646037474,2221887719,0,Gorai Link Road,secondary,2,18.7,0.0,2550.0,0.0,1.5,1.5,0
619227618,245664667,0,Swami Vivekanand Road,primary,2,74.1,0.0,3060.0,0.0,4.9,4.9,0
245680612,1353481298,0,Mahatma Gandhi Road,secondary,2,230.1,0.0,2550.0,0.0,18.4,18.4,0
9469495781,2897024627,0,Avenue 3: Lane 3,secondary,2,388.7,0.0,2550.0,0.0,31.1,31.1,0
11064822734,6271834100,0,,secondary,2,30.8,0.0,2550.0,0.0,2.5,2.5,0
631507919,245665854,0,Avenue 3,secondary,2,117.3,0.0,2550.0,0.0,9.4,9.4,0
3979250638,2242610525,0,Balasaheb Sawant Road,secondary,2,139.6,0.0,2550.0,0.0,11.2,11.2,0
13773893047,13786434600,0,Bhoomi Park Road,secondary,2,31.6,0.0,2550.0,0.0,2.5,2.5,0
13773893050,13773893051,0,,secondary_link,2,5.8,0.0,2550.0,0.0,0.5,0.5,0
13773893050,13773893048,0,Bhoomi Park Road,secondary,2,28.6,0.0,2550.0,0.0,2.3,2.3,0
13773893049,13773893048,0,,secondary_link,2,6.1,0.0,2550.0,0.0,0.5,0.5,0
13773893049,13773893051,0,Bhoomi Park Road,secondary,2,28.1,0.0,2550.0,0.0,2.3,2.3,0
13773893048,13773893049,0,,secondary_link,2,6.1,0.0,2550.0,0.0,0.5,0.5,0
13773893048,2222186293,0,Bhoomi Park Road,secondary,2,48.3,0.0,2550.0,0.0,3.9,3.9,0
13773893032,13652213004,0,Bhoomi Park Road,secondary,2,25.0,0.0,2550.0,0.0,2.0,2.0,0
13773893051,13773893050,0,,secondary_link,2,5.8,0.0,2550.0,0.0,0.5,0.5,0
866807207,623223512,0,Gulmohar Road,primary,2,13.9,0.0,3060.0,0.0,0.9,0.9,0
866807207,866806832,0,Vaikunthlal Mehta Road,secondary,2,40.2,0.0,2550.0,0.0,3.2,3.2,0
1646685601,2221979473,0,,secondary,2,137.0,0.0,2550.0,0.0,11.0,11.0,0
10564488601,8909135902,0,Bhoomi Park Road,secondary,2,65.5,0.0,2550.0,0.0,5.2,5.2,0
13773893016,8909135905,0,Bhoomi Park Road,secondary,2,6.3,0.0,2550.0,0.0,0.5,0.5,0
7377644656,7345415548,0,Gorai Link Road,secondary,2,31.2,0.0,2550.0,0.0,2.5,2.5,0
13773893051,13773893016,0,Bhoomi Park Road,secondary,2,20.6,0.0,2550.0,0.0,1.6,1.6,0
10254904765,6430474047,0,Lal Bahadur Shastri Marg,primary,2,123.4,0.0,3060.0,0.0,8.1,8.1,0
6618295251,7325269508,0,Link Road,primary,2,16.4,0.0,3060.0,0.0,1.1,1.1,0
10384248275,10384248274,0,,trunk_link,3,22.3,0.0,4845.0,0.0,1.3,1.3,0
1361563109,10277477766,0,Datta Mandir Road,secondary,2,9.6,0.0,2550.0,0.0,0.8,0.8,0
2527538652,9901775155,0,Krantiveer Lakhuji Salve Marg,secondary,2,71.4,0.0,2550.0,0.0,5.7,5.7,0
866749908,866733633,0,Guru Nanak Road,secondary,2,146.8,0.0,2550.0,0.0,11.7,11.7,0
13516967378,346622403,0,K C Marg,secondary,2,176.2,0.0,2550.0,0.0,14.1,14.1,0
13516967378,7206407299,0,,secondary_link,2,8.1,0.0,2550.0,0.0,0.6,0.6,0
10384248275,12406104884,0,Santa Cruz – Chembur Link Road,trunk,3,257.8,0.0,4845.0,0.0,15.5,15.5,0
10384248274,10384248275,0,,trunk_link,3,22.3,0.0,4845.0,0.0,1.3,1.3,0
10254904765,6430399597,0,,primary_link,2,14.0,0.0,3060.0,0.0,0.9,0.9,0
10384248274,2897024866,0,Santa Cruz – Chembur Link Road,trunk,3,30.4,0.0,4845.0,0.0,1.8,1.8,0
12293795280,13514731253,0,Hill Road,secondary,2,78.6,0.0,2550.0,0.0,9.4,9.4,0
623881673,2242610577,0,Jai Prakash Road,secondary,2,65.5,0.0,2550.0,0.0,5.2,5.2,0
627838403,13760893293,0,Chakravarty Ashok Road,secondary,2,100.6,0.0,2550.0,0.0,8.0,8.0,0
13773893055,13773893054,0,Bhoomi Park Road,secondary,2,5.7,0.0,2550.0,0.0,0.5,0.5,0
13773893054,13773893050,0,Bhoomi Park Road,secondary,2,20.8,0.0,2550.0,0.0,1.7,1.7,0
10564488590,2222186318,0,Bhoomi Park Road,secondary,2,68.8,0.0,2550.0,0.0,5.5,5.5,0
5968350606,7361902368,0,Aarey Colony Road,secondary,2,53.1,0.0,2550.0,0.0,4.2,4.2,0
5968350606,630301988,0,Aarey Colony Road,secondary,2,597.3,0.0,2550.0,0.0,47.8,47.8,0
2233650471,2233650385,0,Aarey Colony Road,secondary,2,308.8,0.0,2550.0,0.0,24.7,24.7,0
7379512624,3803645761,0,Linking Road,secondary,2,53.0,0.0,2550.0,0.0,4.2,4.2,0
7379512622,2629418536,0,Linking Road,secondary,2,138.2,0.0,2550.0,0.0,11.1,11.1,0
7379512620,7379512622,0,Linking Road,secondary,2,84.0,0.0,2550.0,0.0,6.7,6.7,0
13615156523,2897024625,0,Avenue 3: Lane 3,secondary,2,234.8,0.0,2550.0,0.0,18.8,18.8,0
13615156523,245666274,0,Street 3,secondary,2,24.1,0.0,2550.0,0.0,1.9,1.9,0
7379512617,7385487134,0,Linking Road,secondary,2,57.9,0.0,2550.0,0.0,4.6,4.6,0
2233650471,2233650480,0,Marol-Marosi Road,secondary,2,12.0,0.0,2550.0,0.0,1.0,1.0,0
4696878465,4678250805,0,Linking Road,secondary,2,15.6,0.0,2550.0,0.0,1.2,1.2,0
10564373799,245667361,0,Santa Cruz – Chembur Link Road,trunk,3,48.5,0.0,4845.0,0.0,2.9,2.9,0
7379512614,7379512617,0,Linking Road,secondary,2,64.5,0.0,2550.0,0.0,5.2,5.2,0
13528689956,11375504014,0,Swami Vivekanand Road,primary,2,48.0,0.0,3060.0,0.0,3.1,3.1,0
13528689956,13528689955,0,,primary_link,2,13.6,0.0,3060.0,0.0,0.9,0.9,0
13528689955,13528689956,0,,primary_link,2,13.6,0.0,3060.0,0.0,0.9,0.9,0
13758246173,1936627942,0,CD Barfiwala Road,primary,2,8.2,0.0,3060.0,0.0,0.5,0.5,0
2233650480,2233650471,0,Marol-Marosi Road,secondary,2,12.0,0.0,2550.0,0.0,1.0,1.0,0
2233650480,5968879585,0,Marol-Maroshi Road,secondary,2,585.3,0.0,2550.0,0.0,46.8,46.8,0
245673271,10173255202,0,R K Paramhans / Old Nagardas Road,secondary,2,9.0,0.0,2550.0,0.0,0.7,0.7,0
245673271,10173255201,0,,secondary,2,24.0,0.0,2550.0,0.0,1.9,1.9,0
2442374463,13984906168,0,Juhu Tara Road,secondary,2,132.4,0.0,2550.0,0.0,10.6,10.6,0
2442374465,7158617888,0,Juhu Tara Road,secondary,2,5.8,0.0,2550.0,0.0,0.5,0.5,0
11052723535,10878019034,0,Baji Pasalkar Marg (Saki Vihar Road),primary,2,81.4,0.0,3060.0,0.0,5.3,5.3,0
623037777,13382797156,0,Guru Hargovindji Road,primary,2,191.1,0.0,3060.0,0.0,12.5,12.5,0
12397768020,10277636669,0,Sardar Vallabhbhai Patel Road,secondary,2,82.1,0.0,2550.0,0.0,6.6,6.6,0
2236681557,6380103543,0,General A K Vaidya Marg,secondary,2,27.0,0.0,2550.0,0.0,2.2,2.2,0
2236681557,11827002726,0,General A K Vaidya Marg,secondary,2,148.4,0.0,2550.0,0.0,11.9,11.9,0
10154356055,4686235799,0,Mathuradas Vasanji Road,secondary,2,37.0,0.0,2550.0,0.0,3.0,3.0,0
2439359832,12430193496,0,Santa Cruz – Chembur Link Road,trunk,3,122.7,0.0,4845.0,0.0,4.4,4.4,0
11060989294,13794333749,0,Magan Nathuram Road,primary,2,105.6,0.0,3060.0,0.0,6.9,6.9,0
245673327,13598885114,0,Kamalakar Pant Walawalkar Marg,primary,2,110.2,0.0,3060.0,0.0,7.2,7.2,0
1648168311,349131639,0,,secondary,2,246.1,0.0,2550.0,0.0,19.7,19.7,0
1648168316,1180819334,0,,secondary,2,95.3,0.0,2550.0,0.0,7.6,7.6,0
1361563109,10277477777,0,Datta Mandir Road,secondary,2,120.2,0.0,2550.0,0.0,9.6,9.6,0
10257903078,2247989218,0,Gurunanak Marg (Turner Road),secondary,1,54.3,0.0,1275.0,0.0,4.3,4.3,0
245671969,866749908,0,Guru Nanak Road,secondary,2,149.9,0.0,2550.0,0.0,12.0,12.0,0
866807393,866807394,0,Vaikunthlal Mehta Road,secondary,2,114.0,0.0,2550.0,0.0,9.1,9.1,0
866807399,866806856,0,Vaikunthlal Mehta Road,secondary,2,41.9,0.0,2550.0,0.0,3.4,3.4,0
866807394,866807395,0,Vaikunthlal Mehta Road,secondary,2,95.6,0.0,2550.0,0.0,7.6,7.6,0
866807397,866807399,0,Vaikunthlal Mehta Road,secondary,2,77.9,0.0,2550.0,0.0,6.2,6.2,0
866807396,866807397,0,Vaikunthlal Mehta Road,secondary,2,77.4,0.0,2550.0,0.0,6.2,6.2,0
866807395,866807396,0,Vaikunthlal Mehta Road,secondary,2,95.3,0.0,2550.0,0.0,7.6,7.6,0
590605922,590605941,0,S Sagar Chowk,secondary,2,14.3,0.0,2550.0,0.0,1.1,1.1,0
11061112416,11061112722,0,Lal Bahadur Shastri Marg,primary,2,70.5,0.0,3060.0,0.0,4.6,4.6,0
866807384,10765194734,0,Vaikunthlal Mehta Road,secondary,2,7.2,0.0,2550.0,0.0,0.6,0.6,0
866807389,13598885116,0,Vaikunthlal Mehta Road,secondary,2,83.9,0.0,2550.0,0.0,6.7,6.7,0
2233871965,5938773130,0,,secondary,2,150.2,0.0,2550.0,0.0,12.0,12.0,0
2233871965,7271727250,0,,secondary_link,2,6.2,0.0,2550.0,0.0,0.5,0.5,0
6494817881,12334925204,0,Flyover,trunk,2,859.0,0.0,3230.0,0.0,51.5,51.5,0
6494817881,2804548108,0,Santa Cruz – Chembur Link Road,trunk,3,166.2,0.0,4845.0,0.0,10.0,10.0,0
7358348617,2399394979,0,Devidas Road,primary,2,304.8,0.0,3060.0,0.0,20.0,20.0,0
1732611689,884198587,0,Achutrao Patwardhan Marg,secondary,2,22.0,0.0,2550.0,0.0,1.8,1.8,0
866807402,866807207,0,Vaikunthlal Mehta Road,secondary,2,10.1,0.0,2550.0,0.0,0.8,0.8,0
866807402,866806847,0,Gulmohar Road,primary,2,43.8,0.0,3060.0,0.0,2.9,2.9,0
2233871984,2233871986,0,General A K Vaidya Marg,secondary,2,89.5,0.0,2550.0,0.0,7.2,7.2,0
621244017,621244019,0,Sant Gadge Maharaj Marg,primary,3,92.6,0.0,4590.0,0.0,6.1,6.1,0
2233871986,1389428908,0,General A K Vaidya Marg,secondary,2,20.7,0.0,2550.0,0.0,1.7,1.7,0
621244019,6430340549,0,Station Road,secondary,2,12.6,0.0,2550.0,0.0,1.0,1.0,0
621244019,2233649410,0,Sant Gadge Maharaj Marg,primary,3,125.6,0.0,4590.0,0.0,8.2,8.2,0
590605941,590607231,0,S Sagar Chowk,secondary,2,18.8,0.0,2550.0,0.0,1.5,1.5,0
864964221,623040889,0,Kamalakar Pant Walawalkar Marg,primary,2,12.1,0.0,3060.0,0.0,0.8,0.8,0
864964221,4357170878,0,Bhakti Vedanta Swami Marg,primary,2,40.5,0.0,3060.0,0.0,2.7,2.7,0
2233650814,1157179853,0,General A K Vaidya Marg,secondary,2,70.4,0.0,2550.0,0.0,5.6,5.6,0
5265559170,6292777302,0,,primary_link,1,40.0,0.0,1530.0,0.0,2.6,2.6,0
864964227,9137843244,0,CD Barfiwala Road,primary,2,16.0,0.0,3060.0,0.0,1.0,1.0,0
347106948,346633216,0,Hill Road,secondary,2,143.9,0.0,2550.0,0.0,17.3,17.3,0
864964228,864905425,0,,primary_link,2,14.6,0.0,3060.0,0.0,1.0,1.0,0
1179332232,13815588030,0,Sion Panvel Highway,primary,4,357.2,0.0,6120.0,0.0,23.4,23.4,0
7358348617,10936694574,0,D N Mhatre Road,primary,2,11.2,0.0,3060.0,0.0,0.7,0.7,0
1732611670,2364372531,0,Achutrao Patwardhan Marg,secondary,2,152.2,0.0,2550.0,0.0,12.2,12.2,0
11054517750,2804548109,0,Santa Cruz – Chembur Link Road,trunk,3,20.0,0.0,4845.0,0.0,1.2,1.2,0
7404711447,245668039,0,Jawaharlal Nehru Road,secondary,2,18.9,0.0,2550.0,0.0,1.5,1.5,0
10173255204,10277591787,0,,secondary,2,170.8,0.0,2550.0,0.0,13.7,13.7,0
2233871907,13723183133,0,,secondary,2,89.6,0.0,2550.0,0.0,7.2,7.2,0
10173255202,10173255204,0,,secondary,2,140.8,0.0,2550.0,0.0,11.3,11.3,0
10173255202,969803892,0,R K Paramhans / Old Nagardas Road,secondary,2,77.6,0.0,2550.0,0.0,6.2,6.2,0
10173255202,245673271,0,R K Paramhans / Old Nagardas Road,secondary,2,9.0,0.0,2550.0,0.0,0.7,0.7,0
7404711447,245668015,0,Jawaharlal Nehru Road,secondary,2,9.5,0.0,2550.0,0.0,0.8,0.8,0
12125883926,13922390231,0,G K Gokhale Flyover,primary,2,626.5,0.0,3060.0,0.0,56.4,56.4,0
1188793930,1188801427,0,M B Desai Road,secondary,2,66.6,0.0,2550.0,0.0,5.3,5.3,0
12125883925,1154214582,0,N S Phadke Marg,primary,2,27.1,0.0,3060.0,0.0,1.8,1.8,0
7362227721,2236679734,0,Marol Maroshi Road,secondary,2,207.2,0.0,2550.0,0.0,16.6,16.6,0
7362227721,9901775210,0,Marol Maroshi Road,secondary,2,112.3,0.0,2550.0,0.0,9.0,9.0,0
621284871,13856261797,0,Behrambaug Road,primary,2,62.3,0.0,3060.0,0.0,4.1,4.1,0
884403702,884403703,0,Behrambaug Road,primary,2,18.6,0.0,3060.0,0.0,1.2,1.2,0
884403703,245675885,0,Behrambaug Road,primary,2,164.3,0.0,3060.0,0.0,10.8,10.8,0
621284900,1936580611,0,Swami Vivekanand Road,primary,2,105.8,0.0,3060.0,0.0,6.9,6.9,0
10173255207,245673916,0,,secondary,2,104.4,0.0,2550.0,0.0,8.4,8.4,0
1184124456,1158617054,0,Cross Road C,secondary,2,121.5,0.0,2550.0,0.0,9.7,9.7,0
1184124456,1184122435,0,Cross Road C,secondary,2,280.3,0.0,2550.0,0.0,22.4,22.4,0
10173255201,3803784190,0,,secondary,2,180.3,0.0,2550.0,0.0,14.4,14.4,0
10173255201,10173255202,0,,secondary,2,24.9,0.0,2550.0,0.0,2.0,2.0,0
13009284660,13009284661,0,,secondary_link,2,6.1,0.0,2550.0,0.0,0.5,0.5,0
13009284660,10603240106,0,Hill Road,secondary,2,62.0,0.0,2550.0,0.0,5.0,5.0,0
13009284661,13009284660,0,,secondary_link,2,6.1,0.0,2550.0,0.0,0.5,0.5,0
13009284661,9681688974,0,Hill Road,secondary,2,161.0,0.0,2550.0,0.0,12.9,12.9,0
13009284666,13509415591,0,Hill Road,secondary,2,23.7,0.0,2550.0,0.0,1.9,1.9,0
2233871937,13723183135,0,,secondary_link,2,6.1,0.0,2550.0,0.0,0.5,0.5,0
2233871937,12392981802,0,,secondary,2,73.4,0.0,2550.0,0.0,5.9,5.9,0
866733633,866726930,0,Guru Nanak Road,secondary,2,195.4,0.0,2550.0,0.0,15.6,15.6,0
13572591173,13572591174,0,,primary_link,2,25.9,0.0,3060.0,0.0,1.7,1.7,0
13572591173,10570451670,0,Link Road,primary,2,14.6,0.0,3060.0,0.0,1.0,1.0,0
13572591174,13572591173,0,,primary_link,2,25.9,0.0,3060.0,0.0,1.7,1.7,0
13758246171,1375251723,0,CD Barfiwala Road,primary,2,563.5,0.0,3060.0,0.0,101.4,101.4,0
13758246171,10287373118,0,CD Barfiwala Road,secondary,2,33.5,0.0,2550.0,0.0,2.7,2.7,0
13773974801,10564488601,0,Bhoomi Park Road,secondary,2,61.8,0.0,2550.0,0.0,4.9,4.9,0
4335012906,13526887022,0,Juhu Tara Road,secondary,2,141.2,0.0,2550.0,0.0,11.3,11.3,0
866806856,866806847,0,Gulmohar Road,primary_link,2,51.7,0.0,3060.0,0.0,3.4,3.4,0
866806856,866807402,0,Vaikunthlal Mehta Road,secondary,2,35.1,0.0,2550.0,0.0,2.8,2.8,0
12816133187,10882615932,0,Maroshi Village Road,secondary,2,176.4,0.0,2550.0,0.0,14.1,14.1,0
866806847,13474169905,0,Gulmohar Road,primary,2,96.6,0.0,3060.0,0.0,8.7,8.7,0
4335012916,13744256887,0,Juhu Tara Road,secondary,2,126.9,0.0,2550.0,0.0,10.1,10.1,0
13853486131,1365949521,0,Sant Rohidas Marg,primary,2,64.6,0.0,3060.0,0.0,4.2,4.2,0
4335012910,10603299588,0,Juhu Tara Road,secondary,2,9.0,0.0,2550.0,0.0,0.7,0.7,0
9137843242,4461968005,0,CD Barfiwala Road,primary,2,134.6,0.0,3060.0,0.0,8.8,8.8,0
4335012908,4335012910,0,Juhu Tara Road,secondary,2,245.8,0.0,2550.0,0.0,19.7,19.7,0
4335012908,245668776,0,Linking Road,secondary,2,8.1,0.0,2550.0,0.0,0.6,0.6,0
9137843244,864964227,0,CD Barfiwala Road,primary,2,16.0,0.0,3060.0,0.0,1.0,1.0,0
9137843244,864905426,0,Bhakti Vendanta Swami Marg,primary,2,40.3,0.0,3060.0,0.0,2.6,2.6,0
9137843243,864964227,0,CD Barfiwala Road,primary,2,73.4,0.0,3060.0,0.0,4.8,4.8,0
9137843243,864964228,0,CD Barfiwala Road,primary_link,2,39.4,0.0,3060.0,0.0,2.6,2.6,0
13629221962,2250992749,0,Guru Hargovindji Road,primary,2,24.8,0.0,3060.0,0.0,1.6,1.6,0
13629221962,13629221963,0,,primary_link,2,10.4,0.0,3060.0,0.0,0.7,0.7,0
13629221963,13629221962,0,,primary_link,2,10.4,0.0,3060.0,0.0,0.7,0.7,0
866839628,13984906168,0,,secondary_link,2,12.5,0.0,2550.0,0.0,1.0,1.0,0
866839628,10028699563,0,Juhu Tara Road,secondary,2,337.7,0.0,2550.0,0.0,27.0,27.0,0
6428838989,6428838990,0,,trunk_link,3,19.2,0.0,4845.0,0.0,1.2,1.2,0
6428838990,6428838989,0,,trunk_link,3,19.2,0.0,4845.0,0.0,1.2,1.2,0
2250992725,245668399,0,Jawaharlal Nehru Road,secondary,2,14.5,0.0,2550.0,0.0,1.2,1.2,0
2250992735,3737943440,0,Sahar Elevated Road,primary_link,2,269.5,0.0,3060.0,0.0,19.4,19.4,0
245664865,10936829391,0,Chunabhatti Road,secondary,2,218.2,0.0,2550.0,0.0,17.5,17.5,0
245664865,8909137845,0,,secondary,2,110.6,0.0,2550.0,0.0,8.8,8.8,0
245664866,1642951755,0,Sion Panvel Highway,trunk,5,115.7,0.0,8075.0,0.0,6.9,6.9,0
7371959395,864905418,0,Gulmohar Road,primary,2,27.0,0.0,3060.0,0.0,1.8,1.8,0
7371959394,7371959395,0,Gulmohar Road,primary,2,9.3,0.0,3060.0,0.0,0.6,0.6,0
2897022050,631507919,0,Avenue 3,secondary,2,21.8,0.0,2550.0,0.0,1.7,1.7,0
2250992749,1936627863,0,Guru Hargovindji Road,primary,2,44.7,0.0,3060.0,0.0,2.9,2.9,0
2250992749,2250992746,0,,primary_link,1,59.2,0.0,1530.0,0.0,3.9,3.9,0
9137843243,4461968005,0,,primary_link,2,17.8,0.0,3060.0,0.0,1.2,1.2,0
4335012905,13522606639,0,Juhu Tara Road,secondary,2,88.2,0.0,2550.0,0.0,7.1,7.1,0
13817629810,12434892778,0,Kulupwadi,secondary,2,9.0,0.0,2550.0,0.0,0.7,0.7,0
13845998562,10882918283,0,90 Feet Road,secondary,2,72.8,0.0,2550.0,0.0,5.8,5.8,0
245664760,1647747270,0,Sion Bandra Link Road,primary,2,26.1,0.0,3060.0,0.0,1.7,1.7,0
1152814072,5968879585,0,Marol-Maroshi Road,secondary,2,293.2,0.0,2550.0,0.0,23.5,23.5,0
1152814072,985103863,0,Marol-Maroshi Road,secondary,2,27.1,0.0,2550.0,0.0,2.2,2.2,0
866806765,6430383610,0,Swami Vivekanand Road,primary,2,110.9,0.0,3060.0,0.0,7.3,7.3,0
11389889510,2249202000,0,,trunk_link,3,275.3,0.0,4845.0,0.0,16.5,16.5,0
13845998562,13845998561,0,,secondary_link,2,8.2,0.0,2550.0,0.0,0.7,0.7,0
13845998561,13845998562,0,,secondary_link,2,8.2,0.0,2550.0,0.0,0.7,0.7,0
4335012905,245668764,0,Swami Vivekanand Road,primary,2,9.1,0.0,3060.0,0.0,0.6,0.6,0
13845998561,13845955059,0,90 Feet Road,secondary,2,65.3,0.0,2550.0,0.0,5.2,5.2,0
11143613408,8909137831,0,,trunk_link,2,166.6,0.0,3230.0,0.0,10.0,10.0,0
866806750,866806765,0,Vaijunthlal Mehta Road,primary_link,2,28.8,0.0,3060.0,0.0,1.9,1.9,0
11066485725,2246473174,0,Mathuradas Vasanji Road (Andheri Kurla Road),primary,2,19.7,0.0,3060.0,0.0,1.3,1.3,0
11066485725,13795320547,0,Mathuradas Vasanji Road (Andheri Kurla Road),primary,2,45.9,0.0,3060.0,0.0,3.0,3.0,0
1651936218,1154203404,0,,trunk_link,1,107.3,0.0,1615.0,0.0,6.4,6.4,0
631507964,6429017348,0,Avenue 3,secondary,2,45.5,0.0,2550.0,0.0,3.6,3.6,0
631507968,10292442915,0,Street 3,secondary,2,205.5,0.0,2550.0,0.0,16.4,16.4,0
631507968,2897024595,0,Street 3,secondary,2,201.7,0.0,2550.0,0.0,16.1,16.1,0
631507969,2897024696,0,Street 7,secondary,2,35.9,0.0,2550.0,0.0,2.9,2.9,0
245672962,245673327,0,Kamalakar Pant Walawalkar Marg,primary,2,237.2,0.0,3060.0,0.0,15.5,15.5,0
245664779,5792168761,0,Sion Panvel Highway,trunk,5,39.3,0.0,8075.0,0.0,2.4,2.4,0
866806795,866807207,0,Gulmohar Road,primary,2,45.9,0.0,3060.0,0.0,3.0,3.0,0
1532750864,1180378612,0,,primary,2,117.6,0.0,3060.0,0.0,7.7,7.7,0
13857139730,13857379356,0,Goregaon Mulund Link Road,secondary,2,184.7,0.0,2550.0,0.0,14.8,14.8,0
13857139731,7374413675,0,Goregaon Mulund Link Road,secondary,2,6.2,0.0,2550.0,0.0,0.5,0.5,0
11955399699,11023557408,0,60 Feet Road,secondary,2,9.6,0.0,2550.0,0.0,0.8,0.8,0
11955399699,7416644625,0,60 Feet Road,secondary,2,316.0,0.0,2550.0,0.0,25.3,25.3,0
11043318802,245675050,0,Link Road,primary,2,18.2,0.0,3060.0,0.0,1.2,1.2,0
631507992,2897024795,0,Bandra Kurla Complex Road,primary,3,8.0,0.0,4590.0,0.0,0.5,0.5,0
631507993,10265837614,0,Bandra Kurla Complex Road,primary,3,139.2,0.0,4590.0,0.0,9.1,9.1,0
13786434600,13786441501,0,,secondary_link,2,6.9,0.0,2550.0,0.0,0.5,0.5,0
13786434600,2222186282,0,Bhoomi Park Road,secondary,2,55.8,0.0,2550.0,0.0,4.5,4.5,0
2897022062,8443498434,0,Avenue 3,secondary,2,135.9,0.0,2550.0,0.0,10.9,10.9,0
13817629810,10880461004,0,,secondary,2,93.3,0.0,2550.0,0.0,7.5,7.5,0
1375251723,10273617618,0,G K Gokhale Flyover,primary,2,335.3,0.0,3060.0,0.0,30.2,30.2,0
884198587,884198588,0,Lokhandwala Circle,secondary,2,5.3,0.0,2550.0,0.0,0.4,0.4,0
884198594,7309530535,0,Balasaheb Devras Road,secondary,2,64.5,0.0,2550.0,0.0,5.2,5.2,0
10879569089,1647556137,0,R M Road,secondary,2,76.2,0.0,2550.0,0.0,6.1,6.1,0
884198592,884198594,0,Lokhandwala Circle,secondary,2,22.2,0.0,2550.0,0.0,1.8,1.8,0
6428781759,10880826047,0,Sahar Road,secondary,2,6.7,0.0,2550.0,0.0,0.5,0.5,0
473050301,9931393113,0,Lady Jamshedji Road,primary,2,464.8,0.0,3060.0,0.0,30.4,30.4,0
884198588,884198592,0,Lokhandwala Circle,secondary,2,17.7,0.0,2550.0,0.0,1.4,1.4,0
2250992819,986518125,0,,trunk_link,1,274.7,0.0,1615.0,0.0,16.5,16.5,0
7370509470,1188793930,0,M B Desai Road,secondary,2,161.3,0.0,2550.0,0.0,12.9,12.9,0
7345415552,7826711652,0,Gorai Link Road,secondary,2,28.8,0.0,2550.0,0.0,2.3,2.3,0
2629741737,1642954383,0,Sewri-Chembur Road,primary,2,93.2,0.0,3060.0,0.0,6.1,6.1,0
6615911591,10725443426,0,Link Road,primary,2,65.0,0.0,3060.0,0.0,4.3,4.3,0
4357098658,2222708826,0,Mahatma Gandhi Road,secondary,2,123.0,0.0,2550.0,0.0,9.8,9.8,0
2233650333,245677627,0,Mahatma Gandhi Road,secondary,2,29.1,0.0,2550.0,0.0,2.3,2.3,0
2250992800,986518068,0,,trunk_link,1,22.9,0.0,1615.0,0.0,1.4,1.4,0
884198594,884198599,0,Lokhandwala Circle,secondary,2,17.9,0.0,2550.0,0.0,1.4,1.4,0
2250992834,10206786817,0,,secondary,2,207.5,0.0,2550.0,0.0,16.6,16.6,0
884198599,884198602,0,Lokhandwala Circle,secondary,2,14.0,0.0,2550.0,0.0,1.1,1.1,0
2973125832,590605927,0,S Sagar Chowk,secondary,2,16.2,0.0,2550.0,0.0,1.3,1.3,0
884198602,7398098993,0,Achutrao Patwardhan Marg,secondary,2,21.9,0.0,2550.0,0.0,1.8,1.8,0
884198602,884198587,0,Lokhandwala Circle,secondary,2,15.2,0.0,2550.0,0.0,1.2,1.2,0
10879569097,12429501779,0,Lokmanya Tilak Road,secondary,2,5.7,0.0,2550.0,0.0,0.5,0.5,0
11786980558,7345211352,0,Kadsiddheshwar Marg,secondary,2,55.3,0.0,2550.0,0.0,4.0,4.0,0
2233650385,2233650471,0,Aarey Colony Road,secondary,2,308.8,0.0,2550.0,0.0,24.7,24.7,0
2233650385,11017592296,0,Aarey Colony Road,secondary,2,171.8,0.0,2550.0,0.0,13.7,13.7,0
10310503648,4611102159,0,Service Road,secondary,2,195.4,0.0,2550.0,0.0,15.6,15.6,0
5836311787,13815588029,0,Sion Panvel Highway,primary,4,56.1,0.0,6120.0,0.0,3.7,3.7,0
5836311789,5836311787,0,Sion Panvel Highway,primary,4,23.4,0.0,6120.0,0.0,1.5,1.5,0
5836311789,4366129978,0,N S Mankikar Marg,secondary,2,19.5,0.0,2550.0,0.0,1.6,1.6,0
5836311789,10882945924,0,N S Mankikar Marg,secondary,2,12.6,0.0,2550.0,0.0,1.0,1.0,0
6430444807,6598130893,0,Swami Vivekanand Road,primary,2,70.2,0.0,3060.0,0.0,4.6,4.6,0
1375251720,3878367702,0,Sahar Road,secondary,2,116.2,0.0,2550.0,0.0,9.3,9.3,0
623881375,10279916824,0,Mathuradas Vasanji Road,secondary,2,142.5,0.0,2550.0,0.0,11.4,11.4,0
479079579,6429037762,0,Sant Rohidas Marg,primary,2,81.3,0.0,3060.0,0.0,5.3,5.3,0
13817629811,12434892778,0,Kulupwadi,secondary,2,10.3,0.0,2550.0,0.0,0.8,0.8,0
7377644655,7377644656,0,Gorai Link Road,secondary,2,7.1,0.0,2550.0,0.0,0.6,0.6,0
2897022074,8443498429,0,Avenue 3,secondary,2,278.4,0.0,2550.0,0.0,22.3,22.3,0
296864887,2233648520,0,,secondary,2,50.3,0.0,2550.0,0.0,4.0,4.0,0
296864887,10277591782,0,,secondary,2,14.8,0.0,2550.0,0.0,1.2,1.2,0
7206407288,7206407290,0,K C Marg,secondary,2,71.7,0.0,2550.0,0.0,5.7,5.7,0
7206407288,346644272,0,,secondary,2,8.8,0.0,2550.0,0.0,0.7,0.7,0
7241583735,13519081578,0,,secondary,2,131.5,0.0,2550.0,0.0,10.5,10.5,0
10653592689,5911311144,0,Jawaharlal Nehru Road,secondary,2,152.3,0.0,2550.0,0.0,12.2,12.2,0
2250992787,1375215424,0,,trunk_link,1,222.9,0.0,1615.0,0.0,13.4,13.4,0
10653592689,245668543,0,Jawaharlal Nehru Road,secondary,2,10.5,0.0,2550.0,0.0,0.8,0.8,0
10653592689,8708174632,0,Jawaharlal Nehru Road,secondary,2,126.1,0.0,2550.0,0.0,10.1,10.1,0
866839667,866807384,0,Vaikunthlal Mehta Road,secondary,2,41.7,0.0,2550.0,0.0,3.3,3.3,0
866839667,7158617889,0,,secondary,2,11.1,0.0,2550.0,0.0,0.9,0.9,0
13817629811,1642886278,0,Kulupwadi,secondary,2,49.8,0.0,2550.0,0.0,4.0,4.0,0
13817629811,12527288712,0,Kasturba Gandhi Road,primary,2,18.2,0.0,3060.0,0.0,1.2,1.2,0
593054844,2250825448,0,Kalina-Vakola Flyover,motorway,3,1457.0,0.0,5100.0,0.0,43.7,43.7,0
593054844,9764141725,0,,trunk,3,280.1,0.0,4845.0,0.0,16.8,16.8,0
2250992764,1906829003,0,,trunk_link,1,57.3,0.0,1615.0,0.0,3.4,3.4,0
2897022073,2897022098,0,Avenue 3,secondary,2,151.8,0.0,2550.0,0.0,12.1,12.1,0
6430960767,2804584123,0,Santa Cruz – Chembur Link Road,trunk,3,44.6,0.0,4845.0,0.0,2.7,2.7,0
7206407290,7206407294,0,K C Marg,secondary,2,162.6,0.0,2550.0,0.0,13.0,13.0,0
2897022076,2897022074,0,Avenue 3,secondary,2,9.0,0.0,2550.0,0.0,0.7,0.7,0
7206407294,7206407299,0,K C Marg,secondary,2,170.2,0.0,2550.0,0.0,13.6,13.6,0
7206407299,13516967378,0,,secondary_link,2,8.1,0.0,2550.0,0.0,0.6,0.6,0
7206407299,7206407301,0,K C Marg,secondary,2,44.2,0.0,2550.0,0.0,3.5,3.5,0
13503728764,13503275918,0,Swami Vivekanand Road,primary,2,70.4,0.0,3060.0,0.0,4.6,4.6,0
7206407301,346604594,0,,secondary,2,143.2,0.0,2550.0,0.0,11.5,11.5,0
2250992777,2969409500,0,,secondary,2,17.9,0.0,2550.0,0.0,1.4,1.4,0
7206407305,10882768313,0,K C Marg,secondary,2,7.7,0.0,2550.0,0.0,0.6,0.6,0
7206407305,6430382336,0,L K Mehta Marg,secondary,2,353.4,0.0,2550.0,0.0,28.3,28.3,0
2897022098,2897024519,0,,primary_link,2,92.1,0.0,3060.0,0.0,6.0,6.0,0
2897022098,296857831,0,Avenue 3,secondary,2,61.9,0.0,2550.0,0.0,4.9,4.9,0
10277265407,10277265405,0,Kasturba Gandhi Road,secondary,2,79.6,0.0,2550.0,0.0,6.4,6.4,0
